timestamp,hour,sin_hour,cos_hour,temperature_c,demand_mw,solar_wm2,wind_ms,grid_price_inr_kwh
2025-01-01 00:00,0,0.0,1.0,12.55,527.07,3.01,5.93,3.9918
2025-01-01 01:00,1,0.2588,0.9659,11.0,418.07,18.01,6.57,2.6388
2025-01-01 02:00,2,0.5,0.866,11.97,382.19,0.0,7.64,2.3349
2025-01-01 03:00,3,0.7071,0.7071,13.49,446.18,42.39,6.42,3.0055
2025-01-01 04:00,4,0.866,0.5,11.45,511.53,0.0,8.66,3.5439
2025-01-01 05:00,5,0.9659,0.2588,12.41,543.17,36.39,6.46,3.8995
2025-01-01 06:00,6,1.0,0.0,16.37,527.73,0.0,9.12,3.8672
2025-01-01 07:00,7,0.9659,-0.2588,16.6,440.31,245.06,2.55,3.9782
2025-01-01 08:00,8,0.866,-0.5,16.3,400.79,434.1,4.58,3.6313
2025-01-01 09:00,9,0.7071,-0.7071,19.37,449.2,609.69,12.43,3.377
2025-01-01 10:00,10,0.5,-0.866,19.3,506.87,749.98,5.88,4.2203
2025-01-01 11:00,11,0.2588,-0.9659,20.54,573.53,841.26,7.99,4.8675
2025-01-01 12:00,12,0.0,-1.0,22.56,500.68,841.78,0.97,4.9236
2025-01-01 13:00,13,-0.2588,-0.9659,19.93,447.35,846.91,7.88,4.3242
2025-01-01 14:00,14,-0.5,-0.866,20.41,421.51,709.01,6.02,4.021
2025-01-01 15:00,15,-0.7071,-0.7071,21.95,416.84,600.91,2.38,4.4317
2025-01-01 16:00,16,-0.866,-0.5,20.68,507.35,445.9,0.89,5.103
2025-01-01 17:00,17,-0.9659,-0.2588,21.71,567.13,244.87,3.02,5.6083
2025-01-01 18:00,18,-1.0,-0.0,18.64,529.86,11.52,8.65,4.8984
2025-01-01 19:00,19,-0.9659,0.2588,16.43,434.93,0.0,5.78,3.9282
2025-01-01 20:00,20,-0.866,0.5,19.2,388.98,22.42,8.73,3.6345
2025-01-01 21:00,21,-0.7071,0.7071,15.11,451.84,0.0,4.23,4.0468
2025-01-01 22:00,22,-0.5,0.866,14.1,530.25,43.79,9.14,3.4821
2025-01-01 23:00,23,-0.2588,0.9659,10.62,532.53,0.0,4.34,3.7304
2025-01-02 00:00,0,0.0,1.0,10.99,494.44,0.0,2.63,3.74
2025-01-02 01:00,1,0.2588,0.9659,11.37,440.88,0.0,2.23,3.0521
2025-01-02 02:00,2,0.5,0.866,10.0,409.44,1.09,12.4,2.1446
2025-01-02 03:00,3,0.7071,0.7071,11.77,433.01,3.5,3.51,3.3858
2025-01-02 04:00,4,0.866,0.5,10.9,522.69,49.24,2.3,4.1789
2025-01-02 05:00,5,0.9659,0.2588,12.32,539.35,0.0,0.51,4.4218
2025-01-02 06:00,6,1.0,0.0,13.1,480.78,0.99,3.19,3.9387
2025-01-02 07:00,7,0.9659,-0.2588,18.23,431.14,193.51,8.16,3.4711
2025-01-02 08:00,8,0.866,-0.5,16.98,400.95,412.68,4.81,3.6995
2025-01-02 09:00,9,0.7071,-0.7071,16.97,433.36,643.14,5.5,3.8455
2025-01-02 10:00,10,0.5,-0.866,21.23,495.12,707.71,8.79,3.9048
2025-01-02 11:00,11,0.2588,-0.9659,19.41,522.77,835.71,4.66,4.7089
2025-01-02 12:00,12,0.0,-1.0,22.51,504.79,859.82,7.42,4.3572
2025-01-02 13:00,13,-0.2588,-0.9659,19.86,450.96,820.43,3.44,4.2118
2025-01-02 14:00,14,-0.5,-0.866,21.01,418.84,749.11,10.69,3.7659
2025-01-02 15:00,15,-0.7071,-0.7071,23.09,455.32,572.04,1.58,5.1928
2025-01-02 16:00,16,-0.866,-0.5,23.3,500.26,466.41,6.25,5.0333
2025-01-02 17:00,17,-0.9659,-0.2588,21.5,532.69,268.12,5.72,5.2512
2025-01-02 18:00,18,-1.0,-0.0,19.83,519.95,1.18,2.54,5.4462
2025-01-02 19:00,19,-0.9659,0.2588,18.1,447.03,60.58,3.86,4.5414
2025-01-02 20:00,20,-0.866,0.5,14.78,406.0,0.0,3.37,3.863
2025-01-02 21:00,21,-0.7071,0.7071,14.37,407.29,10.01,1.73,3.9066
2025-01-02 22:00,22,-0.5,0.866,13.31,499.5,35.8,5.16,3.7061
2025-01-02 23:00,23,-0.2588,0.9659,14.34,549.55,0.0,12.37,3.6943
2025-01-03 00:00,0,0.0,1.0,12.32,519.81,0.0,4.98,3.8638
2025-01-03 01:00,1,0.2588,0.9659,10.0,449.01,0.0,4.88,3.1806
2025-01-03 02:00,2,0.5,0.866,11.49,402.16,51.52,1.12,3.1917
2025-01-03 03:00,3,0.7071,0.7071,10.63,442.46,0.0,2.13,3.3602
2025-01-03 04:00,4,0.866,0.5,10.79,513.77,0.0,4.67,3.867
2025-01-03 05:00,5,0.9659,0.2588,13.67,560.28,0.0,11.29,3.2862
2025-01-03 06:00,6,1.0,0.0,15.55,517.19,23.71,7.96,4.1408
2025-01-03 07:00,7,0.9659,-0.2588,16.84,438.49,200.46,3.55,4.2686
2025-01-03 08:00,8,0.866,-0.5,15.74,395.97,412.72,4.87,3.2822
2025-01-03 09:00,9,0.7071,-0.7071,18.09,438.72,608.53,4.93,3.6545
2025-01-03 10:00,10,0.5,-0.866,20.5,519.77,709.52,5.91,4.7208
2025-01-03 11:00,11,0.2588,-0.9659,22.71,554.01,816.57,5.93,4.665
2025-01-03 12:00,12,0.0,-1.0,21.48,518.21,885.06,6.87,4.3831
2025-01-03 13:00,13,-0.2588,-0.9659,22.52,457.64,831.74,0.87,4.8001
2025-01-03 14:00,14,-0.5,-0.866,21.34,403.98,739.39,9.33,3.6744
2025-01-03 15:00,15,-0.7071,-0.7071,21.0,427.77,606.41,1.48,4.837
2025-01-03 16:00,16,-0.866,-0.5,23.41,525.75,415.27,4.42,5.1762
2025-01-03 17:00,17,-0.9659,-0.2588,23.28,529.51,269.9,8.73,5.1251
2025-01-03 18:00,18,-1.0,-0.0,19.89,496.28,0.0,4.5,5.1393
2025-01-03 19:00,19,-0.9659,0.2588,20.06,442.54,5.27,1.41,5.1138
2025-01-03 20:00,20,-0.866,0.5,17.54,407.75,2.88,2.81,4.3346
2025-01-03 21:00,21,-0.7071,0.7071,14.48,418.82,25.22,5.11,3.4846
2025-01-03 22:00,22,-0.5,0.866,14.54,506.76,27.58,1.67,3.9762
2025-01-03 23:00,23,-0.2588,0.9659,15.06,540.91,0.0,4.08,4.3415
2025-01-04 00:00,0,0.0,1.0,11.75,505.2,7.27,3.47,3.539
2025-01-04 01:00,1,0.2588,0.9659,13.55,451.65,8.21,7.15,3.0247
2025-01-04 02:00,2,0.5,0.866,10.0,410.6,0.0,1.88,2.7937
2025-01-04 03:00,3,0.7071,0.7071,12.44,437.21,0.0,5.89,3.1957
2025-01-04 04:00,4,0.866,0.5,11.93,504.31,0.0,3.97,3.5633
2025-01-04 05:00,5,0.9659,0.2588,12.31,529.76,0.0,5.18,3.9144
2025-01-04 06:00,6,1.0,0.0,14.14,533.8,0.0,2.64,4.4128
2025-01-04 07:00,7,0.9659,-0.2588,12.47,446.38,238.74,5.33,3.5219
2025-01-04 08:00,8,0.866,-0.5,16.67,389.4,425.05,5.82,3.4673
2025-01-04 09:00,9,0.7071,-0.7071,19.09,448.29,595.67,1.48,4.1468
2025-01-04 10:00,10,0.5,-0.866,22.22,511.45,704.72,7.25,4.27
2025-01-04 11:00,11,0.2588,-0.9659,20.47,545.69,819.92,7.73,4.1524
2025-01-04 12:00,12,0.0,-1.0,20.98,519.03,784.33,1.41,5.0328
2025-01-04 13:00,13,-0.2588,-0.9659,22.04,426.38,816.96,5.29,4.1915
2025-01-04 14:00,14,-0.5,-0.866,24.37,394.84,737.7,5.22,4.1254
2025-01-04 15:00,15,-0.7071,-0.7071,23.29,439.32,607.09,0.62,4.95
2025-01-04 16:00,16,-0.866,-0.5,21.4,505.01,385.9,3.56,5.3489
2025-01-04 17:00,17,-0.9659,-0.2588,22.01,560.04,225.62,10.25,5.3299
2025-01-04 18:00,18,-1.0,-0.0,20.15,540.54,0.0,4.95,5.0397
2025-01-04 19:00,19,-0.9659,0.2588,20.01,426.19,0.0,9.05,4.0341
2025-01-04 20:00,20,-0.866,0.5,15.95,375.02,17.95,5.84,3.7448
2025-01-04 21:00,21,-0.7071,0.7071,14.96,407.47,50.35,0.93,4.1515
2025-01-04 22:00,22,-0.5,0.866,13.41,510.24,1.28,1.56,4.0569
2025-01-04 23:00,23,-0.2588,0.9659,10.56,540.05,0.0,6.22,4.0133
2025-01-05 00:00,0,0.0,1.0,12.25,515.62,4.72,4.95,3.3887
2025-01-05 01:00,1,0.2588,0.9659,11.6,439.49,23.48,2.03,3.4935
2025-01-05 02:00,2,0.5,0.866,11.01,375.95,15.52,5.37,2.5094
2025-01-05 03:00,3,0.7071,0.7071,10.85,410.28,68.58,7.09,2.9398
2025-01-05 04:00,4,0.866,0.5,10.0,516.94,0.0,6.5,3.3747
2025-01-05 05:00,5,0.9659,0.2588,12.13,552.03,6.31,2.92,4.1531
2025-01-05 06:00,6,1.0,0.0,13.49,506.11,38.72,3.01,4.1036
2025-01-05 07:00,7,0.9659,-0.2588,14.24,412.64,257.15,10.2,2.6836
2025-01-05 08:00,8,0.866,-0.5,16.76,407.07,376.25,8.13,2.9817
2025-01-05 09:00,9,0.7071,-0.7071,19.16,456.58,600.96,3.4,4.2048
2025-01-05 10:00,10,0.5,-0.866,22.83,516.67,773.23,7.25,4.611
2025-01-05 11:00,11,0.2588,-0.9659,21.5,537.29,893.3,2.31,4.9801
2025-01-05 12:00,12,0.0,-1.0,22.58,513.17,867.59,2.58,4.6409
2025-01-05 13:00,13,-0.2588,-0.9659,22.68,417.01,811.84,2.46,4.5152
2025-01-05 14:00,14,-0.5,-0.866,20.12,415.87,710.89,1.67,4.2451
2025-01-05 15:00,15,-0.7071,-0.7071,22.76,438.73,656.51,7.64,4.4022
2025-01-05 16:00,16,-0.866,-0.5,22.29,485.98,443.22,5.11,5.1557
2025-01-05 17:00,17,-0.9659,-0.2588,24.94,545.49,198.79,3.01,5.8356
2025-01-05 18:00,18,-1.0,-0.0,19.71,519.45,0.0,7.56,5.284
2025-01-05 19:00,19,-0.9659,0.2588,19.01,432.5,7.75,7.01,4.2012
2025-01-05 20:00,20,-0.866,0.5,16.95,395.86,13.6,1.79,4.0106
2025-01-05 21:00,21,-0.7071,0.7071,13.69,419.13,0.0,5.59,3.5508
2025-01-05 22:00,22,-0.5,0.866,15.71,521.0,0.0,6.22,3.8109
2025-01-05 23:00,23,-0.2588,0.9659,13.89,540.27,0.0,6.17,3.862
2025-01-06 00:00,0,0.0,1.0,12.99,480.15,25.99,6.23,3.2933
2025-01-06 01:00,1,0.2588,0.9659,10.0,431.93,0.0,2.37,3.0631
2025-01-06 02:00,2,0.5,0.866,13.1,414.72,11.66,3.38,3.1463
2025-01-06 03:00,3,0.7071,0.7071,10.0,431.7,35.56,7.5,2.4228
2025-01-06 04:00,4,0.866,0.5,12.68,538.57,5.5,8.32,3.3959
2025-01-06 05:00,5,0.9659,0.2588,16.04,556.43,0.0,3.15,4.6949
2025-01-06 06:00,6,1.0,0.0,12.51,517.58,4.85,0.84,3.9436
2025-01-06 07:00,7,0.9659,-0.2588,14.6,435.57,221.58,7.71,3.508
2025-01-06 08:00,8,0.866,-0.5,17.15,398.98,456.15,3.78,3.469
2025-01-06 09:00,9,0.7071,-0.7071,17.8,433.55,608.81,3.48,3.8916
2025-01-06 10:00,10,0.5,-0.866,17.67,507.97,722.51,3.59,4.6902
2025-01-06 11:00,11,0.2588,-0.9659,21.35,557.96,847.23,4.03,4.8767
2025-01-06 12:00,12,0.0,-1.0,20.6,498.46,880.76,3.79,4.6982
2025-01-06 13:00,13,-0.2588,-0.9659,23.51,421.36,787.58,5.03,4.3421
2025-01-06 14:00,14,-0.5,-0.866,21.62,383.15,774.44,1.58,4.2386
2025-01-06 15:00,15,-0.7071,-0.7071,25.12,468.18,610.16,10.38,4.45
2025-01-06 16:00,16,-0.866,-0.5,21.02,520.46,432.08,9.13,4.9254
2025-01-06 17:00,17,-0.9659,-0.2588,20.76,554.57,245.16,9.08,4.9172
2025-01-06 18:00,18,-1.0,-0.0,21.22,496.64,0.0,8.0,4.6755
2025-01-06 19:00,19,-0.9659,0.2588,16.71,446.85,23.85,5.72,4.2792
2025-01-06 20:00,20,-0.866,0.5,17.34,398.25,0.0,2.75,4.0747
2025-01-06 21:00,21,-0.7071,0.7071,17.41,440.71,0.0,1.24,3.8598
2025-01-06 22:00,22,-0.5,0.866,11.59,497.85,0.0,1.78,4.0148
2025-01-06 23:00,23,-0.2588,0.9659,13.03,552.4,14.18,3.44,3.9128
2025-01-07 00:00,0,0.0,1.0,12.19,506.14,0.0,4.6,3.7509
2025-01-07 01:00,1,0.2588,0.9659,12.38,426.02,40.25,12.3,2.0751
2025-01-07 02:00,2,0.5,0.866,10.0,411.01,29.73,4.16,3.1897
2025-01-07 03:00,3,0.7071,0.7071,10.0,414.43,33.34,4.74,2.7499
2025-01-07 04:00,4,0.866,0.5,12.59,520.97,3.12,5.99,3.5103
2025-01-07 05:00,5,0.9659,0.2588,13.2,560.27,6.45,2.46,4.3108
2025-01-07 06:00,6,1.0,0.0,14.38,499.31,0.0,9.04,3.8415
2025-01-07 07:00,7,0.9659,-0.2588,15.97,425.2,244.89,4.77,3.7731
2025-01-07 08:00,8,0.866,-0.5,15.98,396.65,434.5,3.13,3.4769
2025-01-07 09:00,9,0.7071,-0.7071,18.9,441.73,615.22,9.1,3.262
2025-01-07 10:00,10,0.5,-0.866,20.44,510.21,778.33,5.45,4.1155
2025-01-07 11:00,11,0.2588,-0.9659,20.17,556.5,805.89,4.47,4.8929
2025-01-07 12:00,12,0.0,-1.0,24.99,538.94,846.85,5.12,5.2306
2025-01-07 13:00,13,-0.2588,-0.9659,23.51,429.88,829.2,6.46,4.4552
2025-01-07 14:00,14,-0.5,-0.866,21.21,374.27,712.74,2.25,4.2299
2025-01-07 15:00,15,-0.7071,-0.7071,23.78,449.89,596.35,7.78,4.7025
2025-01-07 16:00,16,-0.866,-0.5,20.73,537.75,437.32,9.85,5.2015
2025-01-07 17:00,17,-0.9659,-0.2588,22.42,555.89,211.86,5.03,5.75
2025-01-07 18:00,18,-1.0,-0.0,21.74,496.18,32.72,5.89,5.2366
2025-01-07 19:00,19,-0.9659,0.2588,17.32,435.64,0.0,7.71,3.9448
2025-01-07 20:00,20,-0.866,0.5,18.45,383.22,28.07,3.77,4.0914
2025-01-07 21:00,21,-0.7071,0.7071,16.07,447.14,16.53,12.22,3.4356
2025-01-07 22:00,22,-0.5,0.866,15.23,492.23,0.0,5.87,4.0225
2025-01-07 23:00,23,-0.2588,0.9659,15.6,545.5,0.0,4.09,4.4876
2025-01-08 00:00,0,0.0,1.0,11.44,497.43,0.0,5.85,3.5027
2025-01-08 01:00,1,0.2588,0.9659,10.07,439.4,0.0,4.72,2.9751
2025-01-08 02:00,2,0.5,0.866,10.0,394.5,26.18,1.89,2.6589
2025-01-08 03:00,3,0.7071,0.7071,10.0,440.15,0.0,6.93,2.7952
2025-01-08 04:00,4,0.866,0.5,11.69,512.84,29.07,5.01,3.6649
2025-01-08 05:00,5,0.9659,0.2588,13.27,535.2,0.0,6.93,3.9377
2025-01-08 06:00,6,1.0,0.0,14.42,521.9,17.68,2.26,4.4152
2025-01-08 07:00,7,0.9659,-0.2588,16.69,436.77,202.06,4.84,3.9467
2025-01-08 08:00,8,0.866,-0.5,17.02,385.17,400.86,6.63,3.4677
2025-01-08 09:00,9,0.7071,-0.7071,20.73,471.11,598.36,11.6,3.666
2025-01-08 10:00,10,0.5,-0.866,19.6,519.65,719.5,8.08,4.0663
2025-01-08 11:00,11,0.2588,-0.9659,25.32,547.7,782.47,7.77,4.9432
2025-01-08 12:00,12,0.0,-1.0,23.13,533.73,845.44,2.93,5.5033
2025-01-08 13:00,13,-0.2588,-0.9659,21.51,465.13,823.7,7.42,4.3358
2025-01-08 14:00,14,-0.5,-0.866,21.39,397.82,767.83,2.37,4.2294
2025-01-08 15:00,15,-0.7071,-0.7071,23.52,442.71,624.46,2.58,4.9134
2025-01-08 16:00,16,-0.866,-0.5,21.86,497.68,455.5,1.88,5.3271
2025-01-08 17:00,17,-0.9659,-0.2588,22.31,547.79,238.01,7.68,5.3432
2025-01-08 18:00,18,-1.0,-0.0,20.71,509.51,8.32,1.86,5.6793
2025-01-08 19:00,19,-0.9659,0.2588,18.44,440.27,0.0,2.12,4.6995
2025-01-08 20:00,20,-0.866,0.5,15.73,404.99,3.75,2.92,4.2307
2025-01-08 21:00,21,-0.7071,0.7071,13.17,445.9,14.92,5.07,3.746
2025-01-08 22:00,22,-0.5,0.866,13.33,516.06,36.44,8.01,4.033
2025-01-08 23:00,23,-0.2588,0.9659,14.04,531.84,17.16,4.05,4.2796
2025-01-09 00:00,0,0.0,1.0,12.12,498.42,31.01,4.89,3.701
2025-01-09 01:00,1,0.2588,0.9659,10.0,429.3,0.0,2.35,3.2626
2025-01-09 02:00,2,0.5,0.866,11.26,395.77,0.0,3.06,3.3582
2025-01-09 03:00,3,0.7071,0.7071,11.78,453.26,10.73,2.09,3.6125
2025-01-09 04:00,4,0.866,0.5,10.48,495.06,29.02,3.99,3.3425
2025-01-09 05:00,5,0.9659,0.2588,12.99,544.64,0.0,5.2,4.1052
2025-01-09 06:00,6,1.0,0.0,14.09,526.8,0.0,3.18,4.2754
2025-01-09 07:00,7,0.9659,-0.2588,13.73,433.0,237.17,7.52,3.7261
2025-01-09 08:00,8,0.866,-0.5,17.54,406.91,396.85,10.97,3.3945
2025-01-09 09:00,9,0.7071,-0.7071,19.39,435.41,641.23,1.97,4.4512
2025-01-09 10:00,10,0.5,-0.866,21.62,516.35,714.14,0.74,4.7404
2025-01-09 11:00,11,0.2588,-0.9659,22.82,546.57,773.07,6.87,5.0078
2025-01-09 12:00,12,0.0,-1.0,20.13,522.51,850.25,2.53,4.5539
2025-01-09 13:00,13,-0.2588,-0.9659,21.39,414.32,863.5,3.63,3.8612
2025-01-09 14:00,14,-0.5,-0.866,23.77,394.55,750.78,3.89,4.2354
2025-01-09 15:00,15,-0.7071,-0.7071,23.57,441.95,619.82,8.67,4.6554
2025-01-09 16:00,16,-0.866,-0.5,22.97,520.51,426.03,5.7,4.9675
2025-01-09 17:00,17,-0.9659,-0.2588,27.02,572.39,216.19,1.12,6.1787
2025-01-09 18:00,18,-1.0,-0.0,20.86,506.63,0.0,0.67,5.7312
2025-01-09 19:00,19,-0.9659,0.2588,20.26,459.69,0.0,2.59,4.989
2025-01-09 20:00,20,-0.866,0.5,18.43,390.11,4.91,3.4,4.4383
2025-01-09 21:00,21,-0.7071,0.7071,16.42,457.43,32.81,4.48,3.9943
2025-01-09 22:00,22,-0.5,0.866,13.53,524.76,8.6,7.42,3.7847
2025-01-09 23:00,23,-0.2588,0.9659,13.9,536.3,15.59,3.38,3.8908
2025-01-10 00:00,0,0.0,1.0,10.64,517.11,39.59,3.78,3.5475
2025-01-10 01:00,1,0.2588,0.9659,10.85,436.73,8.22,3.48,2.8888
2025-01-10 02:00,2,0.5,0.866,10.27,409.38,0.0,0.52,2.7567
2025-01-10 03:00,3,0.7071,0.7071,11.33,434.15,0.0,9.69,3.0815
2025-01-10 04:00,4,0.866,0.5,15.28,507.89,50.56,2.13,4.0085
2025-01-10 05:00,5,0.9659,0.2588,10.0,570.54,13.16,3.2,4.6958
2025-01-10 06:00,6,1.0,0.0,15.03,511.02,0.0,2.05,4.2009
2025-01-10 07:00,7,0.9659,-0.2588,13.03,449.9,190.72,4.52,3.5698
2025-01-10 08:00,8,0.866,-0.5,16.29,396.62,456.33,9.02,2.9291
2025-01-10 09:00,9,0.7071,-0.7071,20.19,462.5,575.1,1.79,4.2235
2025-01-10 10:00,10,0.5,-0.866,20.1,502.32,782.47,4.19,4.5514
2025-01-10 11:00,11,0.2588,-0.9659,19.63,540.79,752.13,0.83,5.148
2025-01-10 12:00,12,0.0,-1.0,21.12,535.37,885.56,6.68,4.794
2025-01-10 13:00,13,-0.2588,-0.9659,23.81,430.83,833.21,5.57,4.5872
2025-01-10 14:00,14,-0.5,-0.866,21.9,424.02,739.09,6.03,4.4652
2025-01-10 15:00,15,-0.7071,-0.7071,23.12,450.88,596.65,4.4,4.5275
2025-01-10 16:00,16,-0.866,-0.5,22.26,510.18,472.27,8.49,4.6932
2025-01-10 17:00,17,-0.9659,-0.2588,20.27,522.8,237.67,3.99,5.2445
2025-01-10 18:00,18,-1.0,-0.0,23.22,512.21,0.0,4.67,6.1162
2025-01-10 19:00,19,-0.9659,0.2588,19.5,439.02,0.0,6.0,4.5417
2025-01-10 20:00,20,-0.866,0.5,13.96,417.51,4.43,4.72,3.8257
2025-01-10 21:00,21,-0.7071,0.7071,15.73,461.33,0.0,2.52,4.2943
2025-01-10 22:00,22,-0.5,0.866,13.01,502.23,0.0,3.4,3.8881
2025-01-10 23:00,23,-0.2588,0.9659,14.04,562.02,0.0,1.71,4.4776
2025-01-11 00:00,0,0.0,1.0,10.62,523.98,0.0,4.14,3.8708
2025-01-11 01:00,1,0.2588,0.9659,11.03,453.6,0.23,5.33,3.0923
2025-01-11 02:00,2,0.5,0.866,11.76,407.48,18.15,1.95,2.9143
2025-01-11 03:00,3,0.7071,0.7071,12.5,408.36,37.32,5.49,2.853
2025-01-11 04:00,4,0.866,0.5,10.0,510.17,22.72,8.22,3.2068
2025-01-11 05:00,5,0.9659,0.2588,12.26,532.66,0.0,3.53,3.7889
2025-01-11 06:00,6,1.0,0.0,13.29,509.46,9.22,2.76,4.0767
2025-01-11 07:00,7,0.9659,-0.2588,14.47,452.2,221.57,8.22,3.1662
2025-01-11 08:00,8,0.866,-0.5,19.65,404.58,391.7,5.97,3.3892
2025-01-11 09:00,9,0.7071,-0.7071,19.16,454.72,611.0,1.84,3.9694
2025-01-11 10:00,10,0.5,-0.866,18.11,517.63,782.54,3.98,4.5617
2025-01-11 11:00,11,0.2588,-0.9659,22.62,530.53,821.85,5.82,4.9951
2025-01-11 12:00,12,0.0,-1.0,25.38,474.69,810.15,5.08,4.3811
2025-01-11 13:00,13,-0.2588,-0.9659,24.34,439.73,821.79,5.4,4.7488
2025-01-11 14:00,14,-0.5,-0.866,20.72,396.79,705.78,5.03,3.8848
2025-01-11 15:00,15,-0.7071,-0.7071,22.07,422.85,622.63,6.96,4.4156
2025-01-11 16:00,16,-0.866,-0.5,24.1,486.99,438.12,3.42,5.229
2025-01-11 17:00,17,-0.9659,-0.2588,20.18,538.98,215.72,6.11,5.3115
2025-01-11 18:00,18,-1.0,-0.0,20.67,509.58,0.0,11.95,4.422
2025-01-11 19:00,19,-0.9659,0.2588,19.71,447.49,0.0,3.87,4.2513
2025-01-11 20:00,20,-0.866,0.5,15.61,402.83,0.21,6.88,3.4908
2025-01-11 21:00,21,-0.7071,0.7071,15.36,461.62,0.0,2.92,4.1945
2025-01-11 22:00,22,-0.5,0.866,10.0,496.97,0.0,3.16,4.2034
2025-01-11 23:00,23,-0.2588,0.9659,11.22,563.22,28.47,9.09,3.4733
2025-01-12 00:00,0,0.0,1.0,11.42,513.21,0.0,0.89,3.8834
2025-01-12 01:00,1,0.2588,0.9659,10.0,447.92,4.18,2.72,3.0413
2025-01-12 02:00,2,0.5,0.866,13.45,393.45,7.13,4.47,2.8975
2025-01-12 03:00,3,0.7071,0.7071,10.0,453.58,8.05,3.94,2.7697
2025-01-12 04:00,4,0.866,0.5,11.14,516.93,0.0,5.48,3.9126
2025-01-12 05:00,5,0.9659,0.2588,12.95,539.81,0.0,2.54,4.2267
2025-01-12 06:00,6,1.0,0.0,16.16,512.32,0.0,1.49,4.6704
2025-01-12 07:00,7,0.9659,-0.2588,13.29,433.91,229.89,3.73,3.5383
2025-01-12 08:00,8,0.866,-0.5,18.74,407.34,406.8,4.74,3.7136
2025-01-12 09:00,9,0.7071,-0.7071,18.57,419.8,592.17,5.0,3.9479
2025-01-12 10:00,10,0.5,-0.866,18.53,512.06,789.3,5.28,4.2825
2025-01-12 11:00,11,0.2588,-0.9659,21.94,555.93,774.9,4.91,4.9729
2025-01-12 12:00,12,0.0,-1.0,22.49,513.0,831.12,2.92,4.7408
2025-01-12 13:00,13,-0.2588,-0.9659,21.9,457.7,868.45,6.61,4.1515
2025-01-12 14:00,14,-0.5,-0.866,23.1,411.61,735.01,1.67,4.3657
2025-01-12 15:00,15,-0.7071,-0.7071,22.22,437.39,583.39,2.59,4.5915
2025-01-12 16:00,16,-0.866,-0.5,22.37,515.75,454.22,6.38,5.2682
2025-01-12 17:00,17,-0.9659,-0.2588,22.24,554.43,221.38,3.15,5.9837
2025-01-12 18:00,18,-1.0,-0.0,22.38,518.55,0.0,4.54,5.1218
2025-01-12 19:00,19,-0.9659,0.2588,16.7,410.12,4.81,3.46,4.2975
2025-01-12 20:00,20,-0.866,0.5,20.2,395.48,0.0,4.63,3.9857
2025-01-12 21:00,21,-0.7071,0.7071,12.52,415.23,0.0,3.59,3.8714
2025-01-12 22:00,22,-0.5,0.866,13.77,531.67,0.0,12.48,3.5886
2025-01-12 23:00,23,-0.2588,0.9659,13.64,549.09,0.0,3.66,4.1711
2025-01-13 00:00,0,0.0,1.0,12.23,509.6,0.27,5.46,3.436
2025-01-13 01:00,1,0.2588,0.9659,10.27,450.95,8.86,8.14,2.5087
2025-01-13 02:00,2,0.5,0.866,10.69,406.33,21.33,5.54,2.8736
2025-01-13 03:00,3,0.7071,0.7071,10.46,420.57,28.2,5.02,2.9399
2025-01-13 04:00,4,0.866,0.5,10.92,511.44,0.0,5.05,3.6722
2025-01-13 05:00,5,0.9659,0.2588,14.03,544.97,12.49,4.56,4.0352
2025-01-13 06:00,6,1.0,0.0,14.54,486.33,12.31,7.06,3.7624
2025-01-13 07:00,7,0.9659,-0.2588,14.41,427.15,228.19,1.25,3.9547
2025-01-13 08:00,8,0.866,-0.5,18.35,397.25,413.01,8.09,3.5255
2025-01-13 09:00,9,0.7071,-0.7071,19.01,435.78,575.34,5.17,3.6212
2025-01-13 10:00,10,0.5,-0.866,21.22,490.27,748.67,7.56,4.0248
2025-01-13 11:00,11,0.2588,-0.9659,22.19,567.27,778.37,0.56,5.071
2025-01-13 12:00,12,0.0,-1.0,20.95,510.97,843.3,7.85,4.4516
2025-01-13 13:00,13,-0.2588,-0.9659,21.96,438.06,757.2,1.97,4.784
2025-01-13 14:00,14,-0.5,-0.866,24.12,406.01,702.71,6.22,4.232
2025-01-13 15:00,15,-0.7071,-0.7071,23.71,425.68,579.11,4.04,4.5171
2025-01-13 16:00,16,-0.866,-0.5,22.16,519.35,452.42,5.88,5.0011
2025-01-13 17:00,17,-0.9659,-0.2588,21.42,544.49,237.2,5.47,5.7792
2025-01-13 18:00,18,-1.0,-0.0,21.92,499.05,0.0,2.32,5.6231
2025-01-13 19:00,19,-0.9659,0.2588,17.67,446.1,18.23,4.68,4.5473
2025-01-13 20:00,20,-0.866,0.5,17.82,422.38,22.19,3.13,4.2301
2025-01-13 21:00,21,-0.7071,0.7071,15.14,448.37,0.0,4.99,3.8542
2025-01-13 22:00,22,-0.5,0.866,13.67,526.34,0.0,6.37,3.7991
2025-01-13 23:00,23,-0.2588,0.9659,14.41,542.19,0.0,1.6,4.1164
2025-01-14 00:00,0,0.0,1.0,13.04,488.54,0.0,4.68,3.4443
2025-01-14 01:00,1,0.2588,0.9659,12.42,459.85,0.0,5.39,3.0266
2025-01-14 02:00,2,0.5,0.866,12.96,430.82,9.18,3.25,3.0778
2025-01-14 03:00,3,0.7071,0.7071,11.24,460.64,7.0,9.62,2.8304
2025-01-14 04:00,4,0.866,0.5,12.83,507.46,11.13,4.71,3.6934
2025-01-14 05:00,5,0.9659,0.2588,12.29,532.68,6.97,2.47,4.0105
2025-01-14 06:00,6,1.0,0.0,14.49,496.51,18.25,1.86,4.3365
2025-01-14 07:00,7,0.9659,-0.2588,15.25,412.24,215.51,4.86,3.4574
2025-01-14 08:00,8,0.866,-0.5,17.15,398.39,430.04,3.77,3.6123
2025-01-14 09:00,9,0.7071,-0.7071,19.45,461.59,591.1,2.54,4.0785
2025-01-14 10:00,10,0.5,-0.866,18.77,510.38,721.51,0.97,4.7961
2025-01-14 11:00,11,0.2588,-0.9659,24.38,554.53,854.49,5.03,4.8734
2025-01-14 12:00,12,0.0,-1.0,20.69,533.13,798.91,5.25,5.1021
2025-01-14 13:00,13,-0.2588,-0.9659,20.97,431.44,842.96,2.15,4.3528
2025-01-14 14:00,14,-0.5,-0.866,24.74,430.53,720.61,5.28,4.5135
2025-01-14 15:00,15,-0.7071,-0.7071,23.98,467.38,582.29,9.58,4.6321
2025-01-14 16:00,16,-0.866,-0.5,23.13,510.53,431.54,10.76,4.8888
2025-01-14 17:00,17,-0.9659,-0.2588,22.19,541.34,182.76,8.15,5.3868
2025-01-14 18:00,18,-1.0,-0.0,19.98,522.96,0.0,7.06,5.4218
2025-01-14 19:00,19,-0.9659,0.2588,17.21,432.29,0.0,2.67,4.5884
2025-01-14 20:00,20,-0.866,0.5,17.11,382.65,0.0,2.27,3.9454
2025-01-14 21:00,21,-0.7071,0.7071,14.43,456.72,0.0,4.22,3.819
2025-01-14 22:00,22,-0.5,0.866,15.46,530.75,40.03,5.41,4.117
2025-01-14 23:00,23,-0.2588,0.9659,12.54,552.33,44.93,7.58,4.0801
2025-01-15 00:00,0,0.0,1.0,10.57,493.56,0.0,2.83,3.3034
2025-01-15 01:00,1,0.2588,0.9659,10.72,419.06,13.61,4.45,2.7464
2025-01-15 02:00,2,0.5,0.866,11.62,401.61,21.47,5.62,2.6976
2025-01-15 03:00,3,0.7071,0.7071,10.36,430.0,13.57,4.22,2.8329
2025-01-15 04:00,4,0.866,0.5,10.57,507.38,0.0,4.28,3.5256
2025-01-15 05:00,5,0.9659,0.2588,13.12,565.33,0.0,2.78,4.7392
2025-01-15 06:00,6,1.0,0.0,14.37,523.5,0.0,11.43,3.6457
2025-01-15 07:00,7,0.9659,-0.2588,14.69,458.17,209.49,4.42,3.8773
2025-01-15 08:00,8,0.866,-0.5,16.29,385.14,394.75,4.8,3.0637
2025-01-15 09:00,9,0.7071,-0.7071,18.9,432.35,598.17,2.73,3.7653
2025-01-15 10:00,10,0.5,-0.866,17.83,523.88,698.55,4.67,4.6214
2025-01-15 11:00,11,0.2588,-0.9659,19.13,556.72,816.03,2.99,5.2084
2025-01-15 12:00,12,0.0,-1.0,21.12,535.49,818.79,2.62,5.0417
2025-01-15 13:00,13,-0.2588,-0.9659,22.48,443.81,826.21,3.12,4.4513
2025-01-15 14:00,14,-0.5,-0.866,23.47,427.72,719.14,0.5,4.8973
2025-01-15 15:00,15,-0.7071,-0.7071,25.01,445.6,608.31,5.05,4.2272
2025-01-15 16:00,16,-0.866,-0.5,23.48,528.43,452.04,3.85,5.4038
2025-01-15 17:00,17,-0.9659,-0.2588,21.0,545.15,259.73,8.32,4.8493
2025-01-15 18:00,18,-1.0,-0.0,19.97,512.71,0.0,1.12,5.6044
2025-01-15 19:00,19,-0.9659,0.2588,17.05,451.16,0.0,1.16,4.2422
2025-01-15 20:00,20,-0.866,0.5,16.97,424.19,0.0,8.1,3.6529
2025-01-15 21:00,21,-0.7071,0.7071,15.01,448.44,11.51,2.02,4.0507
2025-01-15 22:00,22,-0.5,0.866,14.48,511.25,0.0,0.5,4.22
2025-01-15 23:00,23,-0.2588,0.9659,11.52,570.66,0.0,2.44,4.1994
2025-01-16 00:00,0,0.0,1.0,12.58,479.62,3.26,7.25,3.4583
2025-01-16 01:00,1,0.2588,0.9659,13.5,416.17,2.12,7.01,2.8742
2025-01-16 02:00,2,0.5,0.866,10.84,410.22,9.44,3.55,2.732
2025-01-16 03:00,3,0.7071,0.7071,11.81,437.71,11.09,5.78,3.21
2025-01-16 04:00,4,0.866,0.5,12.84,521.58,8.46,4.63,3.8492
2025-01-16 05:00,5,0.9659,0.2588,12.16,550.97,4.84,8.43,3.8569
2025-01-16 06:00,6,1.0,0.0,14.34,521.06,1.39,1.33,4.2655
2025-01-16 07:00,7,0.9659,-0.2588,15.47,425.28,236.62,7.12,2.8888
2025-01-16 08:00,8,0.866,-0.5,17.15,408.56,369.02,2.38,3.6249
2025-01-16 09:00,9,0.7071,-0.7071,17.39,452.42,639.65,3.88,3.6906
2025-01-16 10:00,10,0.5,-0.866,20.04,530.81,681.01,2.54,4.6684
2025-01-16 11:00,11,0.2588,-0.9659,21.99,580.2,794.06,6.06,4.8221
2025-01-16 12:00,12,0.0,-1.0,24.37,516.16,844.33,5.86,4.8203
2025-01-16 13:00,13,-0.2588,-0.9659,24.23,441.61,837.85,4.9,4.6341
2025-01-16 14:00,14,-0.5,-0.866,26.23,377.15,661.24,6.02,4.5052
2025-01-16 15:00,15,-0.7071,-0.7071,21.64,429.53,600.34,5.56,4.5805
2025-01-16 16:00,16,-0.866,-0.5,23.5,509.6,444.81,6.73,4.8512
2025-01-16 17:00,17,-0.9659,-0.2588,21.52,565.75,244.86,2.88,5.6578
2025-01-16 18:00,18,-1.0,-0.0,23.28,503.33,0.0,4.12,5.6727
2025-01-16 19:00,19,-0.9659,0.2588,17.34,449.45,0.0,2.23,4.2896
2025-01-16 20:00,20,-0.866,0.5,15.74,399.98,0.0,4.12,4.118
2025-01-16 21:00,21,-0.7071,0.7071,14.55,434.84,0.0,6.05,3.4555
2025-01-16 22:00,22,-0.5,0.866,10.81,516.23,0.0,5.96,3.833
2025-01-16 23:00,23,-0.2588,0.9659,11.97,544.13,0.0,6.11,3.939
2025-01-17 00:00,0,0.0,1.0,10.67,506.06,10.86,3.34,3.6541
2025-01-17 01:00,1,0.2588,0.9659,11.43,411.93,3.29,5.73,3.2677
2025-01-17 02:00,2,0.5,0.866,11.51,396.28,12.29,3.72,2.7929
2025-01-17 03:00,3,0.7071,0.7071,14.02,430.3,5.35,9.35,2.5174
2025-01-17 04:00,4,0.866,0.5,13.23,504.76,17.61,3.57,3.8555
2025-01-17 05:00,5,0.9659,0.2588,11.89,556.25,21.96,5.29,3.9996
2025-01-17 06:00,6,1.0,0.0,12.65,522.38,0.0,6.48,4.0775
2025-01-17 07:00,7,0.9659,-0.2588,16.18,440.98,198.64,8.47,3.6595
2025-01-17 08:00,8,0.866,-0.5,15.02,414.93,419.22,4.17,3.5227
2025-01-17 09:00,9,0.7071,-0.7071,21.3,446.13,600.47,3.68,4.2317
2025-01-17 10:00,10,0.5,-0.866,21.77,508.07,719.37,4.12,4.6173
2025-01-17 11:00,11,0.2588,-0.9659,20.54,543.06,843.84,3.44,5.1656
2025-01-17 12:00,12,0.0,-1.0,19.63,517.19,899.5,5.67,4.3991
2025-01-17 13:00,13,-0.2588,-0.9659,24.83,446.11,825.69,9.04,4.0881
2025-01-17 14:00,14,-0.5,-0.866,22.83,420.97,738.23,2.02,4.7578
2025-01-17 15:00,15,-0.7071,-0.7071,24.65,455.37,622.28,4.99,4.5914
2025-01-17 16:00,16,-0.866,-0.5,19.8,504.38,378.35,8.3,4.8089
2025-01-17 17:00,17,-0.9659,-0.2588,20.34,548.47,220.71,1.79,5.5394
2025-01-17 18:00,18,-1.0,-0.0,20.01,522.57,24.48,4.54,5.2073
2025-01-17 19:00,19,-0.9659,0.2588,18.62,453.52,0.0,7.79,4.7803
2025-01-17 20:00,20,-0.866,0.5,16.32,414.08,0.0,8.35,3.903
2025-01-17 21:00,21,-0.7071,0.7071,16.38,436.54,0.0,4.67,4.083
2025-01-17 22:00,22,-0.5,0.866,12.4,493.69,0.0,0.87,4.2129
2025-01-17 23:00,23,-0.2588,0.9659,12.54,535.02,0.0,1.84,4.015
2025-01-18 00:00,0,0.0,1.0,11.98,516.59,52.4,5.17,3.6321
2025-01-18 01:00,1,0.2588,0.9659,11.98,442.63,0.0,2.0,3.4514
2025-01-18 02:00,2,0.5,0.866,12.07,383.52,0.0,2.21,2.9712
2025-01-18 03:00,3,0.7071,0.7071,10.0,438.17,0.0,6.69,2.8791
2025-01-18 04:00,4,0.866,0.5,10.0,521.97,22.7,6.48,3.3969
2025-01-18 05:00,5,0.9659,0.2588,14.67,532.73,0.44,7.48,3.9638
2025-01-18 06:00,6,1.0,0.0,14.5,529.07,12.14,1.84,4.3496
2025-01-18 07:00,7,0.9659,-0.2588,14.32,431.84,198.21,2.58,3.8951
2025-01-18 08:00,8,0.866,-0.5,19.33,418.86,462.19,7.36,3.1238
2025-01-18 09:00,9,0.7071,-0.7071,18.73,429.5,615.08,6.21,3.9489
2025-01-18 10:00,10,0.5,-0.866,21.77,497.1,762.31,7.04,3.9897
2025-01-18 11:00,11,0.2588,-0.9659,21.34,543.13,830.17,11.77,4.0328
2025-01-18 12:00,12,0.0,-1.0,25.29,511.07,870.62,7.77,4.7291
2025-01-18 13:00,13,-0.2588,-0.9659,25.43,431.67,799.21,4.72,4.6304
2025-01-18 14:00,14,-0.5,-0.866,22.63,396.76,723.84,3.36,4.7459
2025-01-18 15:00,15,-0.7071,-0.7071,24.25,442.51,634.7,5.05,4.712
2025-01-18 16:00,16,-0.866,-0.5,23.16,509.93,463.99,5.55,5.0719
2025-01-18 17:00,17,-0.9659,-0.2588,23.3,549.01,191.32,3.52,5.6948
2025-01-18 18:00,18,-1.0,-0.0,18.55,486.86,6.24,6.68,5.0895
2025-01-18 19:00,19,-0.9659,0.2588,19.58,443.38,0.0,1.72,5.2256
2025-01-18 20:00,20,-0.866,0.5,18.59,398.66,0.0,6.76,3.7757
2025-01-18 21:00,21,-0.7071,0.7071,12.81,461.65,7.12,0.99,4.202
2025-01-18 22:00,22,-0.5,0.866,12.23,498.41,28.52,4.57,3.8034
2025-01-18 23:00,23,-0.2588,0.9659,10.0,522.88,11.29,7.73,3.4497
2025-01-19 00:00,0,0.0,1.0,11.4,521.77,0.0,1.65,4.2751
2025-01-19 01:00,1,0.2588,0.9659,12.28,442.7,12.87,4.7,2.9518
2025-01-19 02:00,2,0.5,0.866,13.25,384.87,0.0,2.29,2.5384
2025-01-19 03:00,3,0.7071,0.7071,11.32,414.55,10.3,8.25,2.7227
2025-01-19 04:00,4,0.866,0.5,14.25,535.56,34.91,7.35,3.9798
2025-01-19 05:00,5,0.9659,0.2588,10.69,571.21,0.0,9.07,3.8418
2025-01-19 06:00,6,1.0,0.0,11.44,475.19,19.93,7.93,3.5616
2025-01-19 07:00,7,0.9659,-0.2588,15.36,430.63,181.52,6.35,3.6953
2025-01-19 08:00,8,0.866,-0.5,17.58,424.96,455.71,2.49,3.8556
2025-01-19 09:00,9,0.7071,-0.7071,18.5,430.36,585.12,3.3,4.0321
2025-01-19 10:00,10,0.5,-0.866,16.9,505.14,705.68,4.56,4.3679
2025-01-19 11:00,11,0.2588,-0.9659,21.11,545.76,838.42,5.19,4.3421
2025-01-19 12:00,12,0.0,-1.0,20.24,495.69,859.1,6.79,4.3553
2025-01-19 13:00,13,-0.2588,-0.9659,23.8,411.93,796.06,2.79,4.1316
2025-01-19 14:00,14,-0.5,-0.866,23.55,415.79,704.8,2.04,4.6195
2025-01-19 15:00,15,-0.7071,-0.7071,21.39,409.86,596.35,4.46,4.2588
2025-01-19 16:00,16,-0.866,-0.5,21.43,516.21,394.9,2.28,5.5438
2025-01-19 17:00,17,-0.9659,-0.2588,19.65,563.3,193.46,5.98,5.3909
2025-01-19 18:00,18,-1.0,-0.0,19.91,490.73,2.89,5.09,5.0946
2025-01-19 19:00,19,-0.9659,0.2588,19.99,423.64,0.0,6.39,4.2495
2025-01-19 20:00,20,-0.866,0.5,15.52,418.2,10.66,1.41,4.354
2025-01-19 21:00,21,-0.7071,0.7071,16.2,445.49,37.25,10.06,3.1611
2025-01-19 22:00,22,-0.5,0.866,13.2,503.24,0.0,0.5,4.0652
2025-01-19 23:00,23,-0.2588,0.9659,11.57,568.03,3.25,3.45,4.4388
2025-01-20 00:00,0,0.0,1.0,11.64,530.6,50.45,5.87,3.5117
2025-01-20 01:00,1,0.2588,0.9659,10.0,441.54,0.0,1.18,2.8413
2025-01-20 02:00,2,0.5,0.866,10.17,386.5,29.78,1.62,3.1386
2025-01-20 03:00,3,0.7071,0.7071,10.0,431.3,26.77,1.55,3.3873
2025-01-20 04:00,4,0.866,0.5,14.75,516.8,21.36,5.13,3.9731
2025-01-20 05:00,5,0.9659,0.2588,12.81,547.17,32.29,8.27,3.8141
2025-01-20 06:00,6,1.0,0.0,12.95,526.58,7.01,4.95,4.4502
2025-01-20 07:00,7,0.9659,-0.2588,15.77,414.55,205.42,5.29,3.7713
2025-01-20 08:00,8,0.866,-0.5,16.83,377.59,452.36,3.58,3.7165
2025-01-20 09:00,9,0.7071,-0.7071,18.22,440.21,629.36,0.76,4.2482
2025-01-20 10:00,10,0.5,-0.866,20.92,505.13,763.75,0.81,4.7428
2025-01-20 11:00,11,0.2588,-0.9659,22.38,540.59,822.15,8.14,4.4932
2025-01-20 12:00,12,0.0,-1.0,21.4,485.98,832.1,1.81,4.4895
2025-01-20 13:00,13,-0.2588,-0.9659,21.93,437.79,825.82,16.0,3.5763
2025-01-20 14:00,14,-0.5,-0.866,22.59,399.21,759.68,2.33,4.498
2025-01-20 15:00,15,-0.7071,-0.7071,19.34,447.3,626.65,5.83,4.2694
2025-01-20 16:00,16,-0.866,-0.5,19.92,513.53,414.26,9.49,4.7907
2025-01-20 17:00,17,-0.9659,-0.2588,23.29,548.01,227.88,3.69,5.5303
2025-01-20 18:00,18,-1.0,-0.0,22.47,530.16,0.0,6.33,5.4895
2025-01-20 19:00,19,-0.9659,0.2588,18.18,417.81,24.62,3.62,4.147
2025-01-20 20:00,20,-0.866,0.5,17.86,408.05,0.0,3.32,3.8767
2025-01-20 21:00,21,-0.7071,0.7071,15.91,412.43,19.63,2.61,3.7814
2025-01-20 22:00,22,-0.5,0.866,18.62,499.92,0.0,7.21,4.2102
2025-01-20 23:00,23,-0.2588,0.9659,14.44,531.81,25.79,3.0,3.8991
2025-01-21 00:00,0,0.0,1.0,11.61,524.23,8.05,3.17,4.0149
2025-01-21 01:00,1,0.2588,0.9659,10.0,436.52,0.0,14.42,1.9167
2025-01-21 02:00,2,0.5,0.866,10.0,399.8,17.28,3.46,2.7494
2025-01-21 03:00,3,0.7071,0.7071,11.51,420.9,0.0,4.08,2.7535
2025-01-21 04:00,4,0.866,0.5,10.67,508.0,18.74,11.81,2.5099
2025-01-21 05:00,5,0.9659,0.2588,10.62,538.55,0.0,3.73,4.0581
2025-01-21 06:00,6,1.0,0.0,13.03,518.25,0.0,3.71,4.1345
2025-01-21 07:00,7,0.9659,-0.2588,13.82,422.63,195.44,7.29,3.036
2025-01-21 08:00,8,0.866,-0.5,19.53,419.95,414.24,3.36,3.7952
2025-01-21 09:00,9,0.7071,-0.7071,19.88,412.37,635.25,2.84,3.9559
2025-01-21 10:00,10,0.5,-0.866,19.99,500.4,758.65,4.08,4.3189
2025-01-21 11:00,11,0.2588,-0.9659,23.46,575.16,861.63,6.04,4.9338
2025-01-21 12:00,12,0.0,-1.0,22.31,505.97,891.34,1.16,4.8301
2025-01-21 13:00,13,-0.2588,-0.9659,21.5,417.78,807.67,3.76,4.1436
2025-01-21 14:00,14,-0.5,-0.866,25.28,403.29,731.41,3.59,4.3868
2025-01-21 15:00,15,-0.7071,-0.7071,23.6,430.37,590.76,2.91,4.6197
2025-01-21 16:00,16,-0.866,-0.5,20.64,499.96,408.21,5.67,4.7665
2025-01-21 17:00,17,-0.9659,-0.2588,20.96,533.56,173.96,3.22,5.2553
2025-01-21 18:00,18,-1.0,-0.0,18.69,554.03,0.0,5.31,5.2425
2025-01-21 19:00,19,-0.9659,0.2588,16.48,433.73,0.0,4.61,4.1479
2025-01-21 20:00,20,-0.866,0.5,18.39,371.12,0.0,2.72,3.7131
2025-01-21 21:00,21,-0.7071,0.7071,18.31,459.91,52.89,3.06,4.3599
2025-01-21 22:00,22,-0.5,0.866,11.9,521.67,0.0,2.38,4.3897
2025-01-21 23:00,23,-0.2588,0.9659,13.6,538.5,4.87,1.33,4.272
2025-01-22 00:00,0,0.0,1.0,10.83,498.5,22.67,5.4,3.4231
2025-01-22 01:00,1,0.2588,0.9659,10.47,447.6,7.01,5.81,2.8441
2025-01-22 02:00,2,0.5,0.866,10.11,396.3,7.31,2.34,3.0914
2025-01-22 03:00,3,0.7071,0.7071,10.0,408.61,0.0,5.38,3.1171
2025-01-22 04:00,4,0.866,0.5,11.88,539.31,0.0,11.03,3.351
2025-01-22 05:00,5,0.9659,0.2588,11.51,543.49,0.0,1.53,4.1308
2025-01-22 06:00,6,1.0,0.0,14.41,534.93,21.15,4.52,4.3443
2025-01-22 07:00,7,0.9659,-0.2588,15.37,456.68,176.46,6.32,3.7458
2025-01-22 08:00,8,0.866,-0.5,16.64,384.98,449.28,1.19,3.5255
2025-01-22 09:00,9,0.7071,-0.7071,17.19,453.0,565.95,6.75,3.8436
2025-01-22 10:00,10,0.5,-0.866,19.13,502.73,760.19,10.84,4.0348
2025-01-22 11:00,11,0.2588,-0.9659,22.38,522.0,812.19,1.67,4.7928
2025-01-22 12:00,12,0.0,-1.0,22.95,506.13,819.2,7.23,5.0812
2025-01-22 13:00,13,-0.2588,-0.9659,21.33,443.46,835.52,3.79,4.0745
2025-01-22 14:00,14,-0.5,-0.866,23.15,393.06,759.34,2.17,4.2174
2025-01-22 15:00,15,-0.7071,-0.7071,23.92,432.89,590.09,4.53,4.706
2025-01-22 16:00,16,-0.866,-0.5,19.69,529.65,443.02,1.5,5.7741
2025-01-22 17:00,17,-0.9659,-0.2588,22.06,551.6,162.87,4.73,5.4268
2025-01-22 18:00,18,-1.0,-0.0,19.01,499.85,0.0,0.77,5.1186
2025-01-22 19:00,19,-0.9659,0.2588,19.41,448.03,32.31,6.28,4.492
2025-01-22 20:00,20,-0.866,0.5,15.86,402.97,0.0,4.5,3.7962
2025-01-22 21:00,21,-0.7071,0.7071,12.74,399.68,0.0,4.31,3.5846
2025-01-22 22:00,22,-0.5,0.866,11.56,518.93,0.0,2.57,4.0765
2025-01-22 23:00,23,-0.2588,0.9659,12.83,555.88,0.0,3.68,3.9942
2025-01-23 00:00,0,0.0,1.0,12.19,512.8,0.0,2.46,4.2985
2025-01-23 01:00,1,0.2588,0.9659,10.0,450.88,0.0,6.34,2.3524
2025-01-23 02:00,2,0.5,0.866,11.96,389.91,4.47,2.59,3.2965
2025-01-23 03:00,3,0.7071,0.7071,10.0,442.55,0.0,5.39,3.1725
2025-01-23 04:00,4,0.866,0.5,11.7,489.0,33.99,3.15,3.456
2025-01-23 05:00,5,0.9659,0.2588,10.94,556.11,10.61,5.69,4.3324
2025-01-23 06:00,6,1.0,0.0,13.02,541.8,11.44,4.85,3.9482
2025-01-23 07:00,7,0.9659,-0.2588,15.52,422.58,249.13,4.08,3.8002
2025-01-23 08:00,8,0.866,-0.5,15.71,388.6,415.28,5.81,2.8671
2025-01-23 09:00,9,0.7071,-0.7071,17.98,426.85,569.49,4.03,3.5999
2025-01-23 10:00,10,0.5,-0.866,21.51,514.45,766.3,7.22,4.1003
2025-01-23 11:00,11,0.2588,-0.9659,20.38,534.05,824.43,6.29,4.3974
2025-01-23 12:00,12,0.0,-1.0,23.45,518.82,853.48,4.85,4.8271
2025-01-23 13:00,13,-0.2588,-0.9659,21.1,450.2,805.2,7.96,3.966
2025-01-23 14:00,14,-0.5,-0.866,23.79,408.02,720.7,7.31,3.7721
2025-01-23 15:00,15,-0.7071,-0.7071,24.96,410.97,622.21,4.79,4.6191
2025-01-23 16:00,16,-0.866,-0.5,18.49,527.43,449.62,1.46,5.2433
2025-01-23 17:00,17,-0.9659,-0.2588,20.05,564.06,239.59,5.02,5.4734
2025-01-23 18:00,18,-1.0,-0.0,20.87,524.95,19.82,3.64,5.4009
2025-01-23 19:00,19,-0.9659,0.2588,18.25,443.09,14.23,4.85,4.5992
2025-01-23 20:00,20,-0.866,0.5,17.56,403.3,3.29,5.61,3.8479
2025-01-23 21:00,21,-0.7071,0.7071,14.54,452.99,0.0,5.6,4.0069
2025-01-23 22:00,22,-0.5,0.866,14.13,541.35,30.26,5.82,3.9564
2025-01-23 23:00,23,-0.2588,0.9659,12.52,535.7,0.0,5.87,3.7108
2025-01-24 00:00,0,0.0,1.0,13.56,528.67,9.25,1.87,4.3215
2025-01-24 01:00,1,0.2588,0.9659,11.59,436.21,0.0,2.54,3.501
2025-01-24 02:00,2,0.5,0.866,11.51,398.05,0.0,5.49,2.8599
2025-01-24 03:00,3,0.7071,0.7071,10.59,414.45,0.0,3.98,2.7687
2025-01-24 04:00,4,0.866,0.5,11.07,508.23,0.0,6.6,3.2751
2025-01-24 05:00,5,0.9659,0.2588,12.11,535.04,19.95,2.01,4.4245
2025-01-24 06:00,6,1.0,0.0,14.59,505.54,0.0,2.54,4.5253
2025-01-24 07:00,7,0.9659,-0.2588,14.82,421.03,222.48,4.97,3.4962
2025-01-24 08:00,8,0.866,-0.5,17.43,393.27,428.31,4.58,3.9633
2025-01-24 09:00,9,0.7071,-0.7071,21.67,431.41,555.77,3.06,4.2593
2025-01-24 10:00,10,0.5,-0.866,21.31,513.95,725.1,3.98,4.381
2025-01-24 11:00,11,0.2588,-0.9659,20.75,525.78,827.43,1.04,4.8526
2025-01-24 12:00,12,0.0,-1.0,24.0,490.82,860.72,1.07,4.9553
2025-01-24 13:00,13,-0.2588,-0.9659,22.18,442.93,815.93,1.74,4.622
2025-01-24 14:00,14,-0.5,-0.866,19.94,388.04,753.04,5.1,4.2004
2025-01-24 15:00,15,-0.7071,-0.7071,21.28,453.62,598.31,7.76,4.1909
2025-01-24 16:00,16,-0.866,-0.5,19.39,515.88,425.34,3.02,4.8575
2025-01-24 17:00,17,-0.9659,-0.2588,20.72,559.1,226.29,1.02,5.8353
2025-01-24 18:00,18,-1.0,-0.0,20.03,533.66,23.17,6.11,5.0821
2025-01-24 19:00,19,-0.9659,0.2588,21.07,432.85,0.0,7.65,4.8023
2025-01-24 20:00,20,-0.866,0.5,17.49,391.38,0.0,2.12,4.237
2025-01-24 21:00,21,-0.7071,0.7071,15.12,450.58,0.0,3.84,3.8503
2025-01-24 22:00,22,-0.5,0.866,15.24,520.14,0.0,2.29,4.5834
2025-01-24 23:00,23,-0.2588,0.9659,10.0,547.19,35.66,1.84,4.185
2025-01-25 00:00,0,0.0,1.0,12.16,533.37,14.32,5.62,3.8324
2025-01-25 01:00,1,0.2588,0.9659,12.36,434.32,0.0,10.18,2.6664
2025-01-25 02:00,2,0.5,0.866,10.0,400.49,0.0,5.86,2.7268
2025-01-25 03:00,3,0.7071,0.7071,12.92,437.82,9.32,11.25,2.2598
2025-01-25 04:00,4,0.866,0.5,12.31,498.48,0.0,4.15,3.9279
2025-01-25 05:00,5,0.9659,0.2588,12.13,551.16,0.0,8.31,3.126
2025-01-25 06:00,6,1.0,0.0,14.95,533.45,33.62,2.63,4.338
2025-01-25 07:00,7,0.9659,-0.2588,18.85,444.17,204.66,1.95,3.8266
2025-01-25 08:00,8,0.866,-0.5,17.27,400.47,448.87,6.06,3.2981
2025-01-25 09:00,9,0.7071,-0.7071,18.93,435.07,632.42,3.75,3.8759
2025-01-25 10:00,10,0.5,-0.866,19.31,517.46,717.79,3.4,4.3177
2025-01-25 11:00,11,0.2588,-0.9659,19.97,561.25,798.79,5.8,4.207
2025-01-25 12:00,12,0.0,-1.0,23.44,521.64,843.1,3.5,4.9963
2025-01-25 13:00,13,-0.2588,-0.9659,21.51,432.52,793.82,5.07,4.6894
2025-01-25 14:00,14,-0.5,-0.866,23.11,404.87,739.15,3.28,4.3294
2025-01-25 15:00,15,-0.7071,-0.7071,22.08,444.7,595.9,6.81,4.6392
2025-01-25 16:00,16,-0.866,-0.5,22.91,497.39,434.01,3.37,5.4823
2025-01-25 17:00,17,-0.9659,-0.2588,21.74,552.52,254.92,4.81,5.0386
2025-01-25 18:00,18,-1.0,-0.0,21.56,480.08,20.44,0.84,5.2388
2025-01-25 19:00,19,-0.9659,0.2588,17.79,444.74,12.23,6.89,3.9851
2025-01-25 20:00,20,-0.866,0.5,16.6,409.91,0.0,5.41,3.705
2025-01-25 21:00,21,-0.7071,0.7071,13.98,448.71,11.08,2.54,4.3006
2025-01-25 22:00,22,-0.5,0.866,13.33,506.57,43.07,2.71,4.1051
2025-01-25 23:00,23,-0.2588,0.9659,13.32,554.64,0.0,3.03,4.3937
2025-01-26 00:00,0,0.0,1.0,12.94,533.86,17.23,5.1,3.7829
2025-01-26 01:00,1,0.2588,0.9659,10.0,458.71,0.0,4.9,2.8591
2025-01-26 02:00,2,0.5,0.866,12.3,399.56,0.0,3.11,3.1165
2025-01-26 03:00,3,0.7071,0.7071,13.24,439.59,20.03,5.99,3.3448
2025-01-26 04:00,4,0.866,0.5,12.42,529.16,42.74,8.16,3.5838
2025-01-26 05:00,5,0.9659,0.2588,15.57,527.49,19.38,1.16,4.4805
2025-01-26 06:00,6,1.0,0.0,12.84,507.65,0.0,4.04,3.8193
2025-01-26 07:00,7,0.9659,-0.2588,13.58,457.53,196.41,5.22,3.8201
2025-01-26 08:00,8,0.866,-0.5,14.33,414.63,428.62,5.17,3.6705
2025-01-26 09:00,9,0.7071,-0.7071,20.8,443.04,622.87,0.77,4.3686
2025-01-26 10:00,10,0.5,-0.866,20.98,489.91,726.45,2.67,4.1665
2025-01-26 11:00,11,0.2588,-0.9659,21.16,549.25,813.78,1.39,5.3981
2025-01-26 12:00,12,0.0,-1.0,22.62,503.65,920.55,5.05,4.4003
2025-01-26 13:00,13,-0.2588,-0.9659,21.11,442.47,848.0,5.6,4.2897
2025-01-26 14:00,14,-0.5,-0.866,26.67,387.86,764.87,2.29,4.7408
2025-01-26 15:00,15,-0.7071,-0.7071,22.99,422.11,564.53,3.5,4.8558
2025-01-26 16:00,16,-0.866,-0.5,22.36,481.53,407.32,3.48,4.7075
2025-01-26 17:00,17,-0.9659,-0.2588,22.33,568.33,221.86,7.2,5.4358
2025-01-26 18:00,18,-1.0,-0.0,20.72,506.5,0.0,2.56,5.3532
2025-01-26 19:00,19,-0.9659,0.2588,18.89,439.86,40.01,4.9,4.6814
2025-01-26 20:00,20,-0.866,0.5,15.81,399.97,35.26,6.8,3.7049
2025-01-26 21:00,21,-0.7071,0.7071,16.15,421.49,0.0,7.32,3.8602
2025-01-26 22:00,22,-0.5,0.866,16.82,493.61,44.6,5.76,4.0639
2025-01-26 23:00,23,-0.2588,0.9659,14.78,534.92,0.0,3.28,4.1635
2025-01-27 00:00,0,0.0,1.0,14.19,501.65,64.73,7.24,3.4869
2025-01-27 01:00,1,0.2588,0.9659,10.44,443.0,3.62,6.4,3.2152
2025-01-27 02:00,2,0.5,0.866,10.0,388.06,14.4,6.07,2.2717
2025-01-27 03:00,3,0.7071,0.7071,11.02,463.7,35.0,1.45,3.6199
2025-01-27 04:00,4,0.866,0.5,11.89,527.91,31.94,1.16,3.8913
2025-01-27 05:00,5,0.9659,0.2588,14.4,562.13,12.77,6.0,4.01
2025-01-27 06:00,6,1.0,0.0,11.46,510.71,0.0,9.36,3.8088
2025-01-27 07:00,7,0.9659,-0.2588,17.74,460.21,232.85,6.7,3.6174
2025-01-27 08:00,8,0.866,-0.5,16.76,396.73,404.6,7.34,3.3717
2025-01-27 09:00,9,0.7071,-0.7071,17.91,437.03,604.84,4.88,3.6901
2025-01-27 10:00,10,0.5,-0.866,18.48,515.05,708.39,3.31,4.0372
2025-01-27 11:00,11,0.2588,-0.9659,18.76,560.53,776.51,5.85,4.801
2025-01-27 12:00,12,0.0,-1.0,23.43,522.05,851.26,6.14,4.7757
2025-01-27 13:00,13,-0.2588,-0.9659,22.91,430.37,852.59,5.83,3.8381
2025-01-27 14:00,14,-0.5,-0.866,21.07,392.01,759.27,9.42,3.5727
2025-01-27 15:00,15,-0.7071,-0.7071,20.85,447.1,598.99,3.72,4.2557
2025-01-27 16:00,16,-0.866,-0.5,21.69,523.23,468.67,1.11,5.5511
2025-01-27 17:00,17,-0.9659,-0.2588,23.75,544.1,205.77,8.5,5.5397
2025-01-27 18:00,18,-1.0,-0.0,19.61,488.69,0.0,2.3,5.3516
2025-01-27 19:00,19,-0.9659,0.2588,16.3,434.39,0.0,6.01,4.3618
2025-01-27 20:00,20,-0.866,0.5,16.63,409.35,0.0,7.9,3.5745
2025-01-27 21:00,21,-0.7071,0.7071,15.04,464.58,20.42,3.35,4.1637
2025-01-27 22:00,22,-0.5,0.866,10.0,494.53,0.0,7.33,3.4825
2025-01-27 23:00,23,-0.2588,0.9659,12.68,543.6,11.52,3.49,4.1164
2025-01-28 00:00,0,0.0,1.0,11.46,506.66,41.16,6.92,3.5576
2025-01-28 01:00,1,0.2588,0.9659,12.25,457.84,0.0,1.48,3.7225
2025-01-28 02:00,2,0.5,0.866,13.77,399.48,11.96,5.68,2.785
2025-01-28 03:00,3,0.7071,0.7071,12.89,423.89,13.47,5.85,2.7091
2025-01-28 04:00,4,0.866,0.5,11.4,520.88,0.0,4.52,3.6879
2025-01-28 05:00,5,0.9659,0.2588,11.1,543.93,33.86,5.93,3.802
2025-01-28 06:00,6,1.0,0.0,17.86,494.13,0.0,8.81,3.9802
2025-01-28 07:00,7,0.9659,-0.2588,15.54,424.11,210.4,6.33,3.6501
2025-01-28 08:00,8,0.866,-0.5,17.02,426.01,477.79,9.92,2.8423
2025-01-28 09:00,9,0.7071,-0.7071,18.52,443.26,614.11,4.24,3.7674
2025-01-28 10:00,10,0.5,-0.866,20.3,514.12,759.25,4.77,4.2539
2025-01-28 11:00,11,0.2588,-0.9659,21.03,546.25,854.91,3.04,5.1247
2025-01-28 12:00,12,0.0,-1.0,21.34,516.88,833.74,11.33,4.1799
2025-01-28 13:00,13,-0.2588,-0.9659,21.98,441.7,852.28,1.31,4.4738
2025-01-28 14:00,14,-0.5,-0.866,22.95,404.38,723.57,3.67,4.4831
2025-01-28 15:00,15,-0.7071,-0.7071,21.98,439.22,587.43,3.27,4.5623
2025-01-28 16:00,16,-0.866,-0.5,21.13,525.53,418.2,3.84,5.2327
2025-01-28 17:00,17,-0.9659,-0.2588,21.4,550.35,204.44,8.69,5.5116
2025-01-28 18:00,18,-1.0,-0.0,19.62,497.83,20.55,3.73,5.4684
2025-01-28 19:00,19,-0.9659,0.2588,20.81,428.31,6.68,8.68,4.1071
2025-01-28 20:00,20,-0.866,0.5,13.02,370.31,0.0,4.08,3.462
2025-01-28 21:00,21,-0.7071,0.7071,17.08,467.9,16.86,7.64,3.7568
2025-01-28 22:00,22,-0.5,0.866,15.87,525.44,0.0,4.72,3.8443
2025-01-28 23:00,23,-0.2588,0.9659,10.0,537.55,0.0,3.36,4.1101
2025-01-29 00:00,0,0.0,1.0,11.29,508.27,1.22,4.25,4.0946
2025-01-29 01:00,1,0.2588,0.9659,10.65,427.95,11.59,4.09,2.903
2025-01-29 02:00,2,0.5,0.866,10.0,423.14,9.75,3.02,2.8265
2025-01-29 03:00,3,0.7071,0.7071,10.04,416.2,0.0,3.22,2.9277
2025-01-29 04:00,4,0.866,0.5,10.14,514.22,21.18,2.5,3.7525
2025-01-29 05:00,5,0.9659,0.2588,15.39,548.37,0.0,3.52,4.1224
2025-01-29 06:00,6,1.0,0.0,15.4,524.9,0.0,5.44,4.1337
2025-01-29 07:00,7,0.9659,-0.2588,17.35,435.94,183.3,3.84,4.0874
2025-01-29 08:00,8,0.866,-0.5,18.08,373.63,449.58,6.14,3.2936
2025-01-29 09:00,9,0.7071,-0.7071,16.86,433.73,601.35,11.46,3.4681
2025-01-29 10:00,10,0.5,-0.866,19.21,497.92,741.39,3.78,4.4443
2025-01-29 11:00,11,0.2588,-0.9659,21.98,551.19,847.18,4.33,4.657
2025-01-29 12:00,12,0.0,-1.0,20.36,534.01,838.06,2.33,4.8277
2025-01-29 13:00,13,-0.2588,-0.9659,23.87,411.41,786.68,3.88,4.4249
2025-01-29 14:00,14,-0.5,-0.866,22.64,388.0,737.87,6.27,3.8167
2025-01-29 15:00,15,-0.7071,-0.7071,22.23,429.21,608.74,2.72,4.3991
2025-01-29 16:00,16,-0.866,-0.5,23.26,506.78,418.43,2.47,5.1086
2025-01-29 17:00,17,-0.9659,-0.2588,21.91,561.1,256.84,3.78,5.662
2025-01-29 18:00,18,-1.0,-0.0,19.46,509.9,0.0,7.19,4.8686
2025-01-29 19:00,19,-0.9659,0.2588,20.29,443.74,28.0,5.44,4.7122
2025-01-29 20:00,20,-0.866,0.5,15.38,390.61,19.78,9.78,3.1414
2025-01-29 21:00,21,-0.7071,0.7071,16.37,440.95,11.42,8.43,3.1206
2025-01-29 22:00,22,-0.5,0.866,14.89,524.17,0.0,2.23,4.3237
2025-01-29 23:00,23,-0.2588,0.9659,12.29,539.02,32.1,1.15,4.5099
2025-01-30 00:00,0,0.0,1.0,12.29,524.22,0.0,3.93,3.8051
2025-01-30 01:00,1,0.2588,0.9659,10.0,438.29,0.0,4.73,2.7094
2025-01-30 02:00,2,0.5,0.866,12.39,415.68,0.0,4.68,2.6463
2025-01-30 03:00,3,0.7071,0.7071,10.93,434.48,10.19,2.09,3.4657
2025-01-30 04:00,4,0.866,0.5,11.02,518.22,15.99,2.01,3.695
2025-01-30 05:00,5,0.9659,0.2588,14.33,549.39,22.32,1.2,4.7501
2025-01-30 06:00,6,1.0,0.0,12.94,511.06,20.4,7.59,3.9367
2025-01-30 07:00,7,0.9659,-0.2588,13.33,441.38,226.32,9.45,3.0565
2025-01-30 08:00,8,0.866,-0.5,14.67,408.05,435.4,1.93,3.8482
2025-01-30 09:00,9,0.7071,-0.7071,19.46,418.76,573.77,2.69,3.7774
2025-01-30 10:00,10,0.5,-0.866,18.08,534.0,717.35,1.69,4.4285
2025-01-30 11:00,11,0.2588,-0.9659,23.87,522.11,843.42,7.97,4.3607
2025-01-30 12:00,12,0.0,-1.0,19.07,502.23,870.93,9.82,4.218
2025-01-30 13:00,13,-0.2588,-0.9659,25.34,436.09,839.13,3.03,4.8554
2025-01-30 14:00,14,-0.5,-0.866,23.32,406.19,723.26,3.31,4.3569
2025-01-30 15:00,15,-0.7071,-0.7071,22.65,461.14,623.8,3.69,4.4161
2025-01-30 16:00,16,-0.866,-0.5,21.38,484.63,395.97,4.6,4.6459
2025-01-30 17:00,17,-0.9659,-0.2588,21.84,542.38,246.93,5.89,5.074
2025-01-30 18:00,18,-1.0,-0.0,19.94,480.6,0.0,4.61,4.718
2025-01-30 19:00,19,-0.9659,0.2588,20.21,437.97,42.1,9.55,4.1628
2025-01-30 20:00,20,-0.866,0.5,17.17,404.08,0.0,1.78,4.5233
2025-01-30 21:00,21,-0.7071,0.7071,15.67,461.36,44.09,6.96,3.9341
2025-01-30 22:00,22,-0.5,0.866,13.45,514.31,0.0,3.51,3.8788
2025-01-30 23:00,23,-0.2588,0.9659,12.67,565.66,0.0,3.79,4.0721
2025-01-31 00:00,0,0.0,1.0,12.27,521.26,4.87,6.11,3.5086
2025-01-31 01:00,1,0.2588,0.9659,10.0,430.97,0.0,8.95,2.6978
2025-01-31 02:00,2,0.5,0.866,10.0,378.87,0.0,6.17,2.7948
2025-01-31 03:00,3,0.7071,0.7071,12.32,441.63,0.0,6.73,2.9252
2025-01-31 04:00,4,0.866,0.5,12.06,490.12,0.0,6.48,3.7288
2025-01-31 05:00,5,0.9659,0.2588,12.48,569.43,12.17,3.42,4.7247
2025-01-31 06:00,6,1.0,0.0,14.03,510.07,0.0,6.54,3.8955
2025-01-31 07:00,7,0.9659,-0.2588,15.97,455.43,200.79,6.81,3.6089
2025-01-31 08:00,8,0.866,-0.5,16.19,392.8,390.68,4.8,3.3702
2025-01-31 09:00,9,0.7071,-0.7071,17.39,441.53,588.44,4.82,3.8198
2025-01-31 10:00,10,0.5,-0.866,20.29,515.64,768.91,6.57,4.2389
2025-01-31 11:00,11,0.2588,-0.9659,19.78,549.32,799.89,7.17,4.7471
2025-01-31 12:00,12,0.0,-1.0,22.81,506.01,831.71,3.53,4.5178
2025-01-31 13:00,13,-0.2588,-0.9659,20.24,443.39,825.89,6.99,3.9789
2025-01-31 14:00,14,-0.5,-0.866,24.54,386.11,726.85,7.14,4.1561
2025-01-31 15:00,15,-0.7071,-0.7071,23.5,419.36,656.74,2.84,4.7752
2025-01-31 16:00,16,-0.866,-0.5,22.58,531.14,420.94,6.18,5.6198
2025-01-31 17:00,17,-0.9659,-0.2588,22.72,560.91,228.38,2.5,5.4756
2025-01-31 18:00,18,-1.0,-0.0,22.5,513.49,23.59,1.72,5.4009
2025-01-31 19:00,19,-0.9659,0.2588,20.07,462.48,23.11,5.08,4.1612
2025-01-31 20:00,20,-0.866,0.5,14.24,395.98,5.83,8.51,3.1752
2025-01-31 21:00,21,-0.7071,0.7071,13.53,457.34,0.0,1.05,3.759
2025-01-31 22:00,22,-0.5,0.866,13.06,515.13,50.6,7.28,3.6435
2025-01-31 23:00,23,-0.2588,0.9659,12.8,534.63,0.0,4.62,3.9115
2025-02-01 00:00,0,0.0,1.0,13.65,540.22,0.0,7.72,3.7911
2025-02-01 01:00,1,0.2588,0.9659,11.19,452.36,0.0,7.49,2.8782
2025-02-01 02:00,2,0.5,0.866,12.35,398.18,0.0,7.94,2.7071
2025-02-01 03:00,3,0.7071,0.7071,11.14,448.41,20.54,6.66,2.9969
2025-02-01 04:00,4,0.866,0.5,11.96,506.44,0.0,7.48,3.2377
2025-02-01 05:00,5,0.9659,0.2588,11.72,562.44,0.0,2.42,3.9647
2025-02-01 06:00,6,1.0,0.0,13.69,476.63,0.0,3.31,4.0902
2025-02-01 07:00,7,0.9659,-0.2588,14.49,422.2,276.0,2.9,3.923
2025-02-01 08:00,8,0.866,-0.5,16.61,414.69,379.21,6.41,4.0069
2025-02-01 09:00,9,0.7071,-0.7071,21.21,433.76,578.51,2.25,4.3781
2025-02-01 10:00,10,0.5,-0.866,19.65,515.61,732.72,2.47,4.9105
2025-02-01 11:00,11,0.2588,-0.9659,26.26,529.8,816.1,7.99,4.8472
2025-02-01 12:00,12,0.0,-1.0,24.01,540.22,836.26,6.08,4.9821
2025-02-01 13:00,13,-0.2588,-0.9659,24.14,455.36,819.01,7.94,4.3557
2025-02-01 14:00,14,-0.5,-0.866,22.78,396.99,704.63,2.13,4.433
2025-02-01 15:00,15,-0.7071,-0.7071,24.92,431.43,609.97,3.92,4.8548
2025-02-01 16:00,16,-0.866,-0.5,22.4,527.94,366.96,3.17,5.3304
2025-02-01 17:00,17,-0.9659,-0.2588,22.5,579.74,219.35,0.54,5.968
2025-02-01 18:00,18,-1.0,-0.0,24.91,526.81,0.0,3.18,5.442
2025-02-01 19:00,19,-0.9659,0.2588,19.48,470.08,25.41,3.8,4.8163
2025-02-01 20:00,20,-0.866,0.5,19.8,386.16,43.88,1.71,3.9439
2025-02-01 21:00,21,-0.7071,0.7071,15.46,425.21,0.0,5.03,3.7313
2025-02-01 22:00,22,-0.5,0.866,15.02,494.67,34.77,3.82,4.1109
2025-02-01 23:00,23,-0.2588,0.9659,16.49,556.63,0.0,1.2,4.6932
2025-02-02 00:00,0,0.0,1.0,11.94,515.13,0.0,6.07,3.7122
2025-02-02 01:00,1,0.2588,0.9659,14.99,435.22,43.65,6.29,3.0562
2025-02-02 02:00,2,0.5,0.866,13.13,412.14,13.02,7.38,2.8742
2025-02-02 03:00,3,0.7071,0.7071,11.43,455.98,0.11,4.48,3.1281
2025-02-02 04:00,4,0.866,0.5,13.82,489.62,17.18,10.23,2.8292
2025-02-02 05:00,5,0.9659,0.2588,15.29,541.05,6.86,8.62,4.013
2025-02-02 06:00,6,1.0,0.0,16.0,524.8,0.0,4.92,4.3594
2025-02-02 07:00,7,0.9659,-0.2588,14.16,430.48,186.84,4.22,3.8287
2025-02-02 08:00,8,0.866,-0.5,16.98,388.03,418.24,0.5,3.7465
2025-02-02 09:00,9,0.7071,-0.7071,19.25,452.78,616.62,6.13,3.542
2025-02-02 10:00,10,0.5,-0.866,20.96,493.16,733.05,5.02,4.344
2025-02-02 11:00,11,0.2588,-0.9659,23.25,545.48,843.6,9.16,4.7338
2025-02-02 12:00,12,0.0,-1.0,23.53,517.43,859.59,5.22,4.8815
2025-02-02 13:00,13,-0.2588,-0.9659,21.86,428.89,799.08,12.23,3.6982
2025-02-02 14:00,14,-0.5,-0.866,24.64,411.75,703.14,7.63,3.9167
2025-02-02 15:00,15,-0.7071,-0.7071,24.78,428.97,597.11,9.64,4.09
2025-02-02 16:00,16,-0.866,-0.5,24.11,533.63,411.89,3.47,5.5973
2025-02-02 17:00,17,-0.9659,-0.2588,23.94,548.11,228.4,2.21,5.4131
2025-02-02 18:00,18,-1.0,-0.0,22.32,522.57,0.0,6.94,5.1494
2025-02-02 19:00,19,-0.9659,0.2588,20.31,448.69,0.0,6.83,4.4427
2025-02-02 20:00,20,-0.866,0.5,17.97,390.59,26.33,2.68,4.2308
2025-02-02 21:00,21,-0.7071,0.7071,14.03,406.7,3.71,6.62,3.5196
2025-02-02 22:00,22,-0.5,0.866,15.72,517.91,0.0,5.14,4.3337
2025-02-02 23:00,23,-0.2588,0.9659,14.14,551.08,0.44,1.87,4.4092
2025-02-03 00:00,0,0.0,1.0,13.28,520.84,34.47,4.59,3.579
2025-02-03 01:00,1,0.2588,0.9659,10.36,434.1,7.34,9.0,2.5276
2025-02-03 02:00,2,0.5,0.866,10.45,393.54,14.82,4.62,2.515
2025-02-03 03:00,3,0.7071,0.7071,13.86,467.63,0.0,6.86,3.3856
2025-02-03 04:00,4,0.866,0.5,12.82,490.41,25.66,0.94,3.7169
2025-02-03 05:00,5,0.9659,0.2588,14.85,561.01,57.95,6.28,4.049
2025-02-03 06:00,6,1.0,0.0,15.11,503.88,0.0,9.42,3.7796
2025-02-03 07:00,7,0.9659,-0.2588,16.56,432.46,190.45,4.58,4.0802
2025-02-03 08:00,8,0.866,-0.5,19.48,395.24,429.39,3.53,3.8395
2025-02-03 09:00,9,0.7071,-0.7071,18.85,425.45,622.93,5.61,3.5409
2025-02-03 10:00,10,0.5,-0.866,21.22,521.07,733.84,8.66,4.3126
2025-02-03 11:00,11,0.2588,-0.9659,21.62,570.86,794.71,2.43,5.5105
2025-02-03 12:00,12,0.0,-1.0,22.62,519.55,847.29,3.95,4.9765
2025-02-03 13:00,13,-0.2588,-0.9659,23.4,439.05,835.99,2.27,4.2716
2025-02-03 14:00,14,-0.5,-0.866,24.4,385.2,725.95,4.56,4.0875
2025-02-03 15:00,15,-0.7071,-0.7071,23.15,445.25,616.22,4.85,4.4411
2025-02-03 16:00,16,-0.866,-0.5,25.15,544.85,454.12,9.34,5.4371
2025-02-03 17:00,17,-0.9659,-0.2588,20.97,544.29,226.0,4.01,5.6629
2025-02-03 18:00,18,-1.0,-0.0,20.79,506.86,0.0,5.03,5.039
2025-02-03 19:00,19,-0.9659,0.2588,18.97,429.08,20.73,8.09,3.9819
2025-02-03 20:00,20,-0.866,0.5,20.24,392.66,0.0,3.42,4.1327
2025-02-03 21:00,21,-0.7071,0.7071,16.81,396.32,0.0,5.82,3.5759
2025-02-03 22:00,22,-0.5,0.866,16.62,518.58,0.0,6.54,3.9016
2025-02-03 23:00,23,-0.2588,0.9659,11.6,537.32,0.0,3.48,3.9382
2025-02-04 00:00,0,0.0,1.0,13.28,488.35,0.0,2.33,3.4565
2025-02-04 01:00,1,0.2588,0.9659,13.61,448.8,45.76,4.6,3.4815
2025-02-04 02:00,2,0.5,0.866,12.2,383.77,54.3,3.65,2.4208
2025-02-04 03:00,3,0.7071,0.7071,13.87,432.42,0.0,3.06,2.9736
2025-02-04 04:00,4,0.866,0.5,12.1,534.5,2.29,10.48,3.4925
2025-02-04 05:00,5,0.9659,0.2588,15.94,528.86,0.0,4.59,3.9302
2025-02-04 06:00,6,1.0,0.0,18.52,489.51,27.69,7.66,3.8887
2025-02-04 07:00,7,0.9659,-0.2588,15.97,441.54,252.64,2.56,3.8699
2025-02-04 08:00,8,0.866,-0.5,17.4,417.24,380.57,9.21,3.4871
2025-02-04 09:00,9,0.7071,-0.7071,21.8,413.88,612.94,6.92,3.6674
2025-02-04 10:00,10,0.5,-0.866,23.44,518.62,703.45,7.07,4.9084
2025-02-04 11:00,11,0.2588,-0.9659,21.53,558.71,864.99,3.87,4.9117
2025-02-04 12:00,12,0.0,-1.0,22.64,481.61,861.01,4.48,4.7953
2025-02-04 13:00,13,-0.2588,-0.9659,23.44,449.48,800.45,5.22,4.534
2025-02-04 14:00,14,-0.5,-0.866,22.06,413.15,730.09,6.87,4.5567
2025-02-04 15:00,15,-0.7071,-0.7071,22.49,432.82,593.82,7.56,4.5531
2025-02-04 16:00,16,-0.866,-0.5,21.76,531.29,438.13,1.57,5.4682
2025-02-04 17:00,17,-0.9659,-0.2588,21.16,567.05,246.04,8.42,5.3417
2025-02-04 18:00,18,-1.0,-0.0,21.02,514.05,0.0,9.16,4.8621
2025-02-04 19:00,19,-0.9659,0.2588,19.98,430.73,45.97,5.21,4.3163
2025-02-04 20:00,20,-0.866,0.5,20.4,385.41,40.14,2.5,3.8512
2025-02-04 21:00,21,-0.7071,0.7071,15.02,436.94,0.0,7.18,3.4497
2025-02-04 22:00,22,-0.5,0.866,16.55,521.05,1.82,4.91,4.6387
2025-02-04 23:00,23,-0.2588,0.9659,13.51,545.14,42.77,7.17,3.5882
2025-02-05 00:00,0,0.0,1.0,12.8,479.54,30.82,7.14,3.1365
2025-02-05 01:00,1,0.2588,0.9659,13.29,456.53,0.0,1.66,3.5094
2025-02-05 02:00,2,0.5,0.866,10.39,402.85,20.36,5.32,2.6872
2025-02-05 03:00,3,0.7071,0.7071,12.85,431.81,74.93,4.47,3.1513
2025-02-05 04:00,4,0.866,0.5,13.13,525.36,2.63,9.4,3.395
2025-02-05 05:00,5,0.9659,0.2588,14.57,572.87,0.0,3.26,4.5656
2025-02-05 06:00,6,1.0,0.0,15.51,470.47,4.31,2.64,4.317
2025-02-05 07:00,7,0.9659,-0.2588,20.2,444.01,226.16,8.29,3.9794
2025-02-05 08:00,8,0.866,-0.5,17.12,378.6,411.89,2.21,3.5247
2025-02-05 09:00,9,0.7071,-0.7071,18.83,444.99,612.08,5.92,3.9298
2025-02-05 10:00,10,0.5,-0.866,20.14,514.42,704.76,3.28,4.3809
2025-02-05 11:00,11,0.2588,-0.9659,21.48,559.54,804.4,5.04,4.7485
2025-02-05 12:00,12,0.0,-1.0,22.31,505.01,868.96,5.38,4.3765
2025-02-05 13:00,13,-0.2588,-0.9659,25.65,409.4,777.17,4.04,4.4587
2025-02-05 14:00,14,-0.5,-0.866,26.2,393.24,758.7,10.56,3.7716
2025-02-05 15:00,15,-0.7071,-0.7071,23.01,443.6,550.74,2.07,4.5971
2025-02-05 16:00,16,-0.866,-0.5,22.02,527.73,381.72,3.88,5.264
2025-02-05 17:00,17,-0.9659,-0.2588,23.02,532.42,207.52,4.13,5.1246
2025-02-05 18:00,18,-1.0,-0.0,20.24,527.91,7.17,5.49,5.4889
2025-02-05 19:00,19,-0.9659,0.2588,20.57,427.78,33.13,3.98,4.3829
2025-02-05 20:00,20,-0.866,0.5,18.38,405.44,1.44,1.76,4.4142
2025-02-05 21:00,21,-0.7071,0.7071,14.25,429.85,0.0,9.44,3.2519
2025-02-05 22:00,22,-0.5,0.866,17.39,515.23,14.49,4.03,4.0524
2025-02-05 23:00,23,-0.2588,0.9659,16.52,563.38,0.0,3.56,4.6793
2025-02-06 00:00,0,0.0,1.0,11.96,494.09,3.49,4.23,3.5761
2025-02-06 01:00,1,0.2588,0.9659,11.69,427.3,0.0,2.72,3.5433
2025-02-06 02:00,2,0.5,0.866,12.5,402.77,2.06,1.79,3.0169
2025-02-06 03:00,3,0.7071,0.7071,12.78,473.52,0.0,2.21,3.5003
2025-02-06 04:00,4,0.866,0.5,13.86,499.55,0.0,2.35,4.1007
2025-02-06 05:00,5,0.9659,0.2588,16.84,580.6,4.13,2.58,4.9115
2025-02-06 06:00,6,1.0,0.0,14.81,542.57,3.96,4.06,4.4327
2025-02-06 07:00,7,0.9659,-0.2588,15.32,436.04,249.38,5.44,4.2379
2025-02-06 08:00,8,0.866,-0.5,16.0,395.53,384.86,5.48,3.3483
2025-02-06 09:00,9,0.7071,-0.7071,18.53,427.12,599.14,0.5,3.8423
2025-02-06 10:00,10,0.5,-0.866,21.02,511.48,717.12,8.76,4.0195
2025-02-06 11:00,11,0.2588,-0.9659,25.01,528.9,842.78,7.24,4.6462
2025-02-06 12:00,12,0.0,-1.0,22.49,511.36,868.85,10.03,4.6183
2025-02-06 13:00,13,-0.2588,-0.9659,24.2,459.95,833.73,3.67,4.6327
2025-02-06 14:00,14,-0.5,-0.866,24.05,390.83,718.53,5.75,4.517
2025-02-06 15:00,15,-0.7071,-0.7071,25.65,433.89,623.18,2.36,4.9828
2025-02-06 16:00,16,-0.866,-0.5,27.06,486.98,386.75,7.17,5.347
2025-02-06 17:00,17,-0.9659,-0.2588,21.52,555.61,176.61,2.31,5.7764
2025-02-06 18:00,18,-1.0,-0.0,20.34,516.47,0.0,3.45,5.3924
2025-02-06 19:00,19,-0.9659,0.2588,21.19,438.46,0.0,4.52,4.7461
2025-02-06 20:00,20,-0.866,0.5,19.09,396.75,16.88,5.23,3.8141
2025-02-06 21:00,21,-0.7071,0.7071,19.29,433.11,0.0,4.98,3.897
2025-02-06 22:00,22,-0.5,0.866,15.95,520.03,33.07,1.8,4.452
2025-02-06 23:00,23,-0.2588,0.9659,13.29,549.57,3.28,4.07,4.5084
2025-02-07 00:00,0,0.0,1.0,13.76,517.22,0.0,8.8,3.1674
2025-02-07 01:00,1,0.2588,0.9659,13.94,440.72,2.52,7.89,2.5898
2025-02-07 02:00,2,0.5,0.866,13.3,416.85,27.31,5.2,2.9121
2025-02-07 03:00,3,0.7071,0.7071,13.04,447.65,14.99,5.07,3.4143
2025-02-07 04:00,4,0.866,0.5,14.48,515.39,27.48,1.89,4.052
2025-02-07 05:00,5,0.9659,0.2588,15.58,572.78,0.0,2.6,4.3526
2025-02-07 06:00,6,1.0,0.0,17.15,518.8,0.0,2.97,4.4923
2025-02-07 07:00,7,0.9659,-0.2588,17.49,457.07,196.88,4.5,3.6171
2025-02-07 08:00,8,0.866,-0.5,17.82,409.1,467.94,6.31,3.5726
2025-02-07 09:00,9,0.7071,-0.7071,19.84,409.87,617.02,4.32,3.6966
2025-02-07 10:00,10,0.5,-0.866,22.88,532.07,807.3,2.02,4.8535
2025-02-07 11:00,11,0.2588,-0.9659,21.09,552.03,809.35,4.18,4.9652
2025-02-07 12:00,12,0.0,-1.0,23.82,511.72,831.88,2.32,5.0566
2025-02-07 13:00,13,-0.2588,-0.9659,23.28,441.72,817.47,6.49,4.1964
2025-02-07 14:00,14,-0.5,-0.866,24.11,394.83,770.58,2.35,4.638
2025-02-07 15:00,15,-0.7071,-0.7071,25.79,440.91,591.89,4.46,4.9849
2025-02-07 16:00,16,-0.866,-0.5,23.55,503.62,428.11,5.98,4.7153
2025-02-07 17:00,17,-0.9659,-0.2588,22.38,569.11,222.41,2.8,5.704
2025-02-07 18:00,18,-1.0,-0.0,19.03,510.8,0.99,1.55,5.1279
2025-02-07 19:00,19,-0.9659,0.2588,20.74,431.76,0.0,5.01,4.2357
2025-02-07 20:00,20,-0.866,0.5,19.04,386.13,0.0,1.3,4.2764
2025-02-07 21:00,21,-0.7071,0.7071,19.76,441.53,0.0,5.18,3.992
2025-02-07 22:00,22,-0.5,0.866,14.61,515.31,0.0,6.51,3.9267
2025-02-07 23:00,23,-0.2588,0.9659,14.16,555.83,23.59,3.48,4.1006
2025-02-08 00:00,0,0.0,1.0,13.25,497.09,44.02,4.5,3.6643
2025-02-08 01:00,1,0.2588,0.9659,14.64,413.48,0.0,8.94,2.9233
2025-02-08 02:00,2,0.5,0.866,11.93,409.38,0.0,4.39,3.3594
2025-02-08 03:00,3,0.7071,0.7071,12.69,459.77,0.0,13.1,2.6433
2025-02-08 04:00,4,0.866,0.5,13.79,497.1,4.68,2.27,3.5903
2025-02-08 05:00,5,0.9659,0.2588,14.11,573.84,0.0,6.11,4.1408
2025-02-08 06:00,6,1.0,0.0,14.4,516.76,5.99,5.66,4.26
2025-02-08 07:00,7,0.9659,-0.2588,16.81,437.39,247.59,7.89,3.3324
2025-02-08 08:00,8,0.866,-0.5,19.68,394.04,361.85,1.71,3.6267
2025-02-08 09:00,9,0.7071,-0.7071,18.08,416.73,613.34,3.15,3.6381
2025-02-08 10:00,10,0.5,-0.866,21.27,527.32,724.62,2.07,4.7232
2025-02-08 11:00,11,0.2588,-0.9659,21.26,538.37,832.55,9.04,4.1963
2025-02-08 12:00,12,0.0,-1.0,25.06,500.8,827.59,4.1,4.9343
2025-02-08 13:00,13,-0.2588,-0.9659,21.58,452.38,850.94,8.54,4.0649
2025-02-08 14:00,14,-0.5,-0.866,23.23,371.76,758.95,3.25,4.334
2025-02-08 15:00,15,-0.7071,-0.7071,24.43,414.65,615.25,2.02,4.6446
2025-02-08 16:00,16,-0.866,-0.5,25.62,512.23,444.83,3.26,5.546
2025-02-08 17:00,17,-0.9659,-0.2588,22.22,554.4,201.36,5.24,5.3871
2025-02-08 18:00,18,-1.0,-0.0,20.24,519.77,0.0,7.51,4.8015
2025-02-08 19:00,19,-0.9659,0.2588,22.45,432.97,18.81,3.84,4.5576
2025-02-08 20:00,20,-0.866,0.5,15.9,437.96,0.0,8.63,3.439
2025-02-08 21:00,21,-0.7071,0.7071,13.22,434.08,36.14,2.91,4.1235
2025-02-08 22:00,22,-0.5,0.866,15.73,509.04,0.0,5.98,4.0504
2025-02-08 23:00,23,-0.2588,0.9659,13.08,538.05,12.55,6.34,3.6938
2025-02-09 00:00,0,0.0,1.0,11.34,514.36,52.48,3.11,3.6059
2025-02-09 01:00,1,0.2588,0.9659,13.34,446.72,0.0,0.91,3.0343
2025-02-09 02:00,2,0.5,0.866,12.44,418.05,1.72,3.71,3.3475
2025-02-09 03:00,3,0.7071,0.7071,11.43,415.16,26.35,1.18,3.45
2025-02-09 04:00,4,0.866,0.5,10.96,508.81,23.78,8.36,3.329
2025-02-09 05:00,5,0.9659,0.2588,15.14,556.7,0.0,9.63,3.9932
2025-02-09 06:00,6,1.0,0.0,16.05,521.31,0.0,6.34,3.92
2025-02-09 07:00,7,0.9659,-0.2588,16.37,437.6,214.17,6.26,3.3816
2025-02-09 08:00,8,0.866,-0.5,20.84,408.14,461.2,2.89,3.5461
2025-02-09 09:00,9,0.7071,-0.7071,18.02,425.37,594.06,1.52,3.951
2025-02-09 10:00,10,0.5,-0.866,18.78,535.87,738.07,7.0,4.5631
2025-02-09 11:00,11,0.2588,-0.9659,21.28,564.89,810.37,4.98,4.8361
2025-02-09 12:00,12,0.0,-1.0,23.2,492.33,867.64,5.88,4.6167
2025-02-09 13:00,13,-0.2588,-0.9659,24.23,421.37,824.93,6.76,4.3985
2025-02-09 14:00,14,-0.5,-0.866,23.71,384.3,711.04,3.99,3.957
2025-02-09 15:00,15,-0.7071,-0.7071,24.4,447.67,576.82,2.17,5.3429
2025-02-09 16:00,16,-0.866,-0.5,21.39,493.23,375.03,6.92,5.0928
2025-02-09 17:00,17,-0.9659,-0.2588,24.48,545.03,199.21,4.28,5.7391
2025-02-09 18:00,18,-1.0,-0.0,20.95,519.32,19.85,7.28,5.2472
2025-02-09 19:00,19,-0.9659,0.2588,21.3,436.51,33.09,4.17,4.7734
2025-02-09 20:00,20,-0.866,0.5,18.59,403.88,17.14,2.72,4.1888
2025-02-09 21:00,21,-0.7071,0.7071,17.2,421.51,13.87,2.38,4.2742
2025-02-09 22:00,22,-0.5,0.866,15.93,521.42,0.0,6.42,3.9895
2025-02-09 23:00,23,-0.2588,0.9659,14.5,540.8,19.37,5.09,4.1352
2025-02-10 00:00,0,0.0,1.0,13.84,507.63,7.16,3.96,4.0386
2025-02-10 01:00,1,0.2588,0.9659,14.27,441.07,45.11,4.53,2.6849
2025-02-10 02:00,2,0.5,0.866,12.37,401.55,0.0,4.91,2.9498
2025-02-10 03:00,3,0.7071,0.7071,13.34,437.86,33.58,2.88,3.4524
2025-02-10 04:00,4,0.866,0.5,12.74,501.24,21.85,3.79,3.3692
2025-02-10 05:00,5,0.9659,0.2588,15.99,545.51,18.39,3.23,4.4249
2025-02-10 06:00,6,1.0,0.0,14.06,512.53,0.0,3.86,4.0256
2025-02-10 07:00,7,0.9659,-0.2588,19.22,416.87,243.23,4.58,3.8324
2025-02-10 08:00,8,0.866,-0.5,18.01,393.06,421.81,2.4,3.6802
2025-02-10 09:00,9,0.7071,-0.7071,17.48,443.32,589.94,3.89,3.7035
2025-02-10 10:00,10,0.5,-0.866,21.26,493.34,699.05,3.84,4.7296
2025-02-10 11:00,11,0.2588,-0.9659,21.29,567.35,820.9,3.19,4.9681
2025-02-10 12:00,12,0.0,-1.0,24.53,531.54,850.84,14.02,4.34
2025-02-10 13:00,13,-0.2588,-0.9659,22.89,418.82,788.46,1.52,4.8019
2025-02-10 14:00,14,-0.5,-0.866,23.4,420.36,699.29,5.58,4.2045
2025-02-10 15:00,15,-0.7071,-0.7071,21.03,435.35,613.21,2.41,4.6371
2025-02-10 16:00,16,-0.866,-0.5,22.59,518.78,446.79,7.44,4.8802
2025-02-10 17:00,17,-0.9659,-0.2588,18.68,542.55,224.75,8.62,4.8642
2025-02-10 18:00,18,-1.0,-0.0,18.7,526.35,28.77,3.94,5.6444
2025-02-10 19:00,19,-0.9659,0.2588,20.77,443.59,0.0,7.24,4.4899
2025-02-10 20:00,20,-0.866,0.5,19.25,387.79,0.0,2.95,4.1315
2025-02-10 21:00,21,-0.7071,0.7071,17.16,420.02,0.0,2.14,4.1147
2025-02-10 22:00,22,-0.5,0.866,13.62,490.6,0.0,3.39,4.0578
2025-02-10 23:00,23,-0.2588,0.9659,13.76,552.82,46.37,3.56,3.7951
2025-02-11 00:00,0,0.0,1.0,12.87,521.09,28.28,3.91,4.2419
2025-02-11 01:00,1,0.2588,0.9659,10.54,447.26,0.0,3.76,2.8534
2025-02-11 02:00,2,0.5,0.866,14.33,398.23,3.89,4.0,3.3691
2025-02-11 03:00,3,0.7071,0.7071,13.59,420.15,0.0,6.12,3.1266
2025-02-11 04:00,4,0.866,0.5,12.54,502.27,0.0,2.92,3.8312
2025-02-11 05:00,5,0.9659,0.2588,13.87,567.29,0.0,0.75,4.526
2025-02-11 06:00,6,1.0,0.0,15.38,505.23,9.53,4.51,4.6788
2025-02-11 07:00,7,0.9659,-0.2588,13.46,439.65,240.45,4.24,3.7025
2025-02-11 08:00,8,0.866,-0.5,17.7,383.87,435.06,1.37,3.688
2025-02-11 09:00,9,0.7071,-0.7071,18.6,442.55,598.03,2.08,3.9747
2025-02-11 10:00,10,0.5,-0.866,19.57,505.63,732.19,4.64,4.2566
2025-02-11 11:00,11,0.2588,-0.9659,21.89,565.7,844.46,2.84,5.0875
2025-02-11 12:00,12,0.0,-1.0,25.96,524.1,861.59,7.97,4.5804
2025-02-11 13:00,13,-0.2588,-0.9659,24.83,430.06,822.85,2.4,4.7597
2025-02-11 14:00,14,-0.5,-0.866,23.22,398.1,735.22,0.78,4.4253
2025-02-11 15:00,15,-0.7071,-0.7071,24.73,429.23,609.67,4.24,4.8857
2025-02-11 16:00,16,-0.866,-0.5,25.37,491.21,413.29,11.38,4.9073
2025-02-11 17:00,17,-0.9659,-0.2588,23.7,537.14,240.53,5.51,5.3899
2025-02-11 18:00,18,-1.0,-0.0,21.16,515.47,0.0,3.64,5.4621
2025-02-11 19:00,19,-0.9659,0.2588,18.65,442.38,0.0,0.72,4.8797
2025-02-11 20:00,20,-0.866,0.5,19.12,402.23,15.28,4.48,3.7292
2025-02-11 21:00,21,-0.7071,0.7071,17.11,432.97,0.0,2.64,4.3981
2025-02-11 22:00,22,-0.5,0.866,16.41,526.5,0.0,5.62,4.1507
2025-02-11 23:00,23,-0.2588,0.9659,14.78,550.95,1.58,5.14,4.279
2025-02-12 00:00,0,0.0,1.0,14.45,523.05,0.0,3.05,4.1302
2025-02-12 01:00,1,0.2588,0.9659,11.47,410.89,0.0,1.47,2.6433
2025-02-12 02:00,2,0.5,0.866,14.05,341.16,18.91,6.52,2.3037
2025-02-12 03:00,3,0.7071,0.7071,12.57,441.76,0.0,5.16,3.3201
2025-02-12 04:00,4,0.866,0.5,15.99,491.13,32.14,7.47,3.5661
2025-02-12 05:00,5,0.9659,0.2588,12.8,546.81,0.0,3.02,4.3596
2025-02-12 06:00,6,1.0,0.0,17.68,507.97,0.0,5.66,4.2557
2025-02-12 07:00,7,0.9659,-0.2588,16.82,461.31,229.99,1.95,4.3507
2025-02-12 08:00,8,0.866,-0.5,17.09,406.0,395.74,3.23,3.7162
2025-02-12 09:00,9,0.7071,-0.7071,18.9,439.99,626.83,5.69,4.0662
2025-02-12 10:00,10,0.5,-0.866,20.59,525.05,748.89,7.27,4.1622
2025-02-12 11:00,11,0.2588,-0.9659,22.95,555.53,780.8,3.42,5.0769
2025-02-12 12:00,12,0.0,-1.0,24.05,505.63,849.06,6.97,4.5042
2025-02-12 13:00,13,-0.2588,-0.9659,23.01,453.57,830.69,5.85,4.475
2025-02-12 14:00,14,-0.5,-0.866,24.04,383.35,721.37,3.6,4.2575
2025-02-12 15:00,15,-0.7071,-0.7071,27.08,442.35,564.04,7.95,4.6355
2025-02-12 16:00,16,-0.866,-0.5,25.86,489.29,431.96,4.64,5.072
2025-02-12 17:00,17,-0.9659,-0.2588,22.97,553.06,275.28,5.62,5.3204
2025-02-12 18:00,18,-1.0,-0.0,21.13,515.39,0.0,4.55,5.2729
2025-02-12 19:00,19,-0.9659,0.2588,19.8,462.65,39.23,4.27,4.2384
2025-02-12 20:00,20,-0.866,0.5,18.99,376.53,0.0,7.55,3.1759
2025-02-12 21:00,21,-0.7071,0.7071,14.98,428.49,5.39,3.25,3.8561
2025-02-12 22:00,22,-0.5,0.866,14.69,524.84,19.29,1.06,3.8542
2025-02-12 23:00,23,-0.2588,0.9659,11.33,555.03,0.0,8.01,3.7072
2025-02-13 00:00,0,0.0,1.0,13.47,515.2,0.0,7.26,3.4857
2025-02-13 01:00,1,0.2588,0.9659,13.25,423.16,18.15,3.72,3.246
2025-02-13 02:00,2,0.5,0.866,11.35,391.14,47.29,2.49,2.7296
2025-02-13 03:00,3,0.7071,0.7071,14.64,456.18,7.51,5.84,3.6233
2025-02-13 04:00,4,0.866,0.5,11.04,511.73,0.0,1.58,4.0357
2025-02-13 05:00,5,0.9659,0.2588,11.63,555.63,0.0,4.08,3.826
2025-02-13 06:00,6,1.0,0.0,15.41,510.77,62.99,1.65,4.2937
2025-02-13 07:00,7,0.9659,-0.2588,18.09,419.75,223.37,5.25,3.9809
2025-02-13 08:00,8,0.866,-0.5,20.6,414.01,410.14,0.91,3.9732
2025-02-13 09:00,9,0.7071,-0.7071,18.94,445.05,572.41,5.48,3.8809
2025-02-13 10:00,10,0.5,-0.866,22.69,547.08,690.47,5.82,5.079
2025-02-13 11:00,11,0.2588,-0.9659,22.26,534.77,830.13,4.49,4.6851
2025-02-13 12:00,12,0.0,-1.0,23.01,524.84,866.37,2.41,5.2302
2025-02-13 13:00,13,-0.2588,-0.9659,25.19,417.83,811.12,1.8,4.4433
2025-02-13 14:00,14,-0.5,-0.866,25.05,402.36,735.75,3.37,3.9196
2025-02-13 15:00,15,-0.7071,-0.7071,21.5,452.15,571.78,4.35,4.9168
2025-02-13 16:00,16,-0.866,-0.5,25.48,481.42,428.32,5.58,5.1615
2025-02-13 17:00,17,-0.9659,-0.2588,24.38,546.93,232.03,0.5,5.9908
2025-02-13 18:00,18,-1.0,-0.0,20.13,504.05,0.0,6.13,4.8057
2025-02-13 19:00,19,-0.9659,0.2588,20.22,426.97,42.26,6.14,4.0928
2025-02-13 20:00,20,-0.866,0.5,18.81,405.78,0.0,4.22,4.2926
2025-02-13 21:00,21,-0.7071,0.7071,16.91,454.31,7.09,3.57,4.148
2025-02-13 22:00,22,-0.5,0.866,14.25,510.5,21.21,7.47,3.7833
2025-02-13 23:00,23,-0.2588,0.9659,12.82,553.08,0.0,6.81,3.9566
2025-02-14 00:00,0,0.0,1.0,12.84,514.21,0.0,11.12,3.5286
2025-02-14 01:00,1,0.2588,0.9659,14.04,437.53,0.0,3.75,3.439
2025-02-14 02:00,2,0.5,0.866,12.89,383.66,33.93,8.47,2.3797
2025-02-14 03:00,3,0.7071,0.7071,11.72,454.13,0.0,1.66,3.1617
2025-02-14 04:00,4,0.866,0.5,14.03,516.93,13.43,4.0,3.9997
2025-02-14 05:00,5,0.9659,0.2588,10.0,555.92,16.82,4.35,3.8089
2025-02-14 06:00,6,1.0,0.0,16.79,500.4,0.0,4.19,4.0093
2025-02-14 07:00,7,0.9659,-0.2588,13.91,430.61,215.06,5.45,3.7516
2025-02-14 08:00,8,0.866,-0.5,17.53,397.36,458.36,2.38,3.8338
2025-02-14 09:00,9,0.7071,-0.7071,17.95,414.49,573.11,7.8,3.5383
2025-02-14 10:00,10,0.5,-0.866,19.13,487.18,789.32,4.93,3.9115
2025-02-14 11:00,11,0.2588,-0.9659,24.06,540.99,802.42,8.42,5.0347
2025-02-14 12:00,12,0.0,-1.0,22.57,520.34,820.51,0.5,5.3499
2025-02-14 13:00,13,-0.2588,-0.9659,24.39,427.7,824.34,5.48,4.2884
2025-02-14 14:00,14,-0.5,-0.866,24.0,384.72,791.33,4.01,4.1092
2025-02-14 15:00,15,-0.7071,-0.7071,24.58,425.28,553.27,4.61,4.7004
2025-02-14 16:00,16,-0.866,-0.5,23.38,505.67,421.47,6.42,4.9517
2025-02-14 17:00,17,-0.9659,-0.2588,20.39,544.69,231.9,2.79,5.9066
2025-02-14 18:00,18,-1.0,-0.0,22.57,544.98,0.84,2.63,5.6163
2025-02-14 19:00,19,-0.9659,0.2588,18.88,453.32,9.55,6.06,4.2126
2025-02-14 20:00,20,-0.866,0.5,15.74,415.37,0.0,4.72,4.2193
2025-02-14 21:00,21,-0.7071,0.7071,15.88,455.03,0.0,2.84,3.9907
2025-02-14 22:00,22,-0.5,0.866,17.32,497.52,0.0,4.47,4.314
2025-02-14 23:00,23,-0.2588,0.9659,15.1,531.66,0.0,4.31,4.2349
2025-02-15 00:00,0,0.0,1.0,12.35,495.9,0.0,5.96,3.4559
2025-02-15 01:00,1,0.2588,0.9659,11.75,457.52,0.0,0.5,3.3344
2025-02-15 02:00,2,0.5,0.866,11.59,391.79,0.0,5.17,2.7242
2025-02-15 03:00,3,0.7071,0.7071,15.39,418.73,8.01,5.31,2.9202
2025-02-15 04:00,4,0.866,0.5,13.45,506.04,0.0,6.43,3.6051
2025-02-15 05:00,5,0.9659,0.2588,14.47,546.42,0.0,8.16,4.089
2025-02-15 06:00,6,1.0,0.0,16.62,516.53,57.93,4.19,4.6184
2025-02-15 07:00,7,0.9659,-0.2588,16.88,441.26,192.84,3.56,3.683
2025-02-15 08:00,8,0.866,-0.5,17.68,387.58,457.14,1.81,3.5999
2025-02-15 09:00,9,0.7071,-0.7071,19.33,447.78,602.41,3.52,3.9411
2025-02-15 10:00,10,0.5,-0.866,20.96,502.91,721.05,1.46,4.7594
2025-02-15 11:00,11,0.2588,-0.9659,22.26,547.66,788.02,7.01,4.4293
2025-02-15 12:00,12,0.0,-1.0,24.36,522.8,853.49,7.05,4.5538
2025-02-15 13:00,13,-0.2588,-0.9659,23.95,427.87,857.37,4.04,4.0572
2025-02-15 14:00,14,-0.5,-0.866,25.17,391.46,726.39,3.02,4.1839
2025-02-15 15:00,15,-0.7071,-0.7071,23.75,446.38,599.02,1.95,4.7869
2025-02-15 16:00,16,-0.866,-0.5,23.39,499.63,450.26,7.59,5.2234
2025-02-15 17:00,17,-0.9659,-0.2588,19.32,544.23,228.52,7.97,5.0818
2025-02-15 18:00,18,-1.0,-0.0,22.45,520.84,0.0,3.06,5.5136
2025-02-15 19:00,19,-0.9659,0.2588,20.14,468.31,2.47,5.42,4.9227
2025-02-15 20:00,20,-0.866,0.5,19.57,409.08,37.81,3.01,4.2548
2025-02-15 21:00,21,-0.7071,0.7071,12.17,444.59,0.0,2.78,3.9155
2025-02-15 22:00,22,-0.5,0.866,18.2,520.46,0.0,0.81,4.537
2025-02-15 23:00,23,-0.2588,0.9659,13.62,533.9,9.71,5.1,3.8278
2025-02-16 00:00,0,0.0,1.0,14.54,514.23,0.0,2.22,3.7349
2025-02-16 01:00,1,0.2588,0.9659,10.72,437.05,0.0,0.61,3.2071
2025-02-16 02:00,2,0.5,0.866,12.99,404.82,0.0,1.83,3.0957
2025-02-16 03:00,3,0.7071,0.7071,10.7,439.25,24.38,3.37,3.1995
2025-02-16 04:00,4,0.866,0.5,11.94,518.2,0.0,5.78,3.6386
2025-02-16 05:00,5,0.9659,0.2588,16.7,545.33,0.0,2.62,4.4036
2025-02-16 06:00,6,1.0,0.0,14.79,513.38,0.0,8.13,3.7306
2025-02-16 07:00,7,0.9659,-0.2588,16.85,419.08,203.89,3.21,3.8508
2025-02-16 08:00,8,0.866,-0.5,19.38,395.2,427.5,3.49,3.6073
2025-02-16 09:00,9,0.7071,-0.7071,20.37,458.36,595.97,2.73,4.3138
2025-02-16 10:00,10,0.5,-0.866,21.3,517.28,706.12,2.98,4.3371
2025-02-16 11:00,11,0.2588,-0.9659,22.86,549.69,808.26,1.53,5.239
2025-02-16 12:00,12,0.0,-1.0,26.87,540.94,861.07,3.25,5.4328
2025-02-16 13:00,13,-0.2588,-0.9659,23.78,417.09,822.08,7.71,4.2046
2025-02-16 14:00,14,-0.5,-0.866,24.37,383.36,734.07,5.94,4.1048
2025-02-16 15:00,15,-0.7071,-0.7071,25.44,463.19,649.48,7.94,4.807
2025-02-16 16:00,16,-0.866,-0.5,24.93,513.19,443.28,1.83,5.2536
2025-02-16 17:00,17,-0.9659,-0.2588,24.09,546.36,241.31,4.29,5.5567
2025-02-16 18:00,18,-1.0,-0.0,22.03,494.51,0.0,2.81,5.2875
2025-02-16 19:00,19,-0.9659,0.2588,17.91,444.22,5.5,6.22,4.5095
2025-02-16 20:00,20,-0.866,0.5,20.52,408.17,0.0,10.31,3.3193
2025-02-16 21:00,21,-0.7071,0.7071,14.8,421.08,19.44,7.15,3.2662
2025-02-16 22:00,22,-0.5,0.866,15.53,510.4,0.0,1.04,4.7381
2025-02-16 23:00,23,-0.2588,0.9659,12.7,544.97,5.56,3.39,3.6173
2025-02-17 00:00,0,0.0,1.0,12.78,516.34,4.02,0.94,4.1596
2025-02-17 01:00,1,0.2588,0.9659,12.77,420.71,0.0,1.11,3.1684
2025-02-17 02:00,2,0.5,0.866,12.55,418.78,73.45,1.58,3.2036
2025-02-17 03:00,3,0.7071,0.7071,12.91,451.24,0.0,3.13,3.6682
2025-02-17 04:00,4,0.866,0.5,15.3,507.05,0.0,3.31,4.02
2025-02-17 05:00,5,0.9659,0.2588,14.51,546.75,17.35,3.93,4.5233
2025-02-17 06:00,6,1.0,0.0,14.71,510.45,0.0,3.96,4.1036
2025-02-17 07:00,7,0.9659,-0.2588,17.97,425.83,212.71,6.68,3.5391
2025-02-17 08:00,8,0.866,-0.5,19.86,393.35,397.84,2.15,4.0144
2025-02-17 09:00,9,0.7071,-0.7071,17.78,433.45,613.33,2.28,3.8551
2025-02-17 10:00,10,0.5,-0.866,21.97,536.69,748.73,5.46,4.7706
2025-02-17 11:00,11,0.2588,-0.9659,23.37,564.2,813.16,5.06,5.2608
2025-02-17 12:00,12,0.0,-1.0,22.82,526.52,867.87,2.25,5.1893
2025-02-17 13:00,13,-0.2588,-0.9659,25.93,443.05,774.58,7.61,4.1198
2025-02-17 14:00,14,-0.5,-0.866,23.85,383.24,718.45,3.47,4.2456
2025-02-17 15:00,15,-0.7071,-0.7071,24.06,436.88,596.79,3.72,4.8028
2025-02-17 16:00,16,-0.866,-0.5,23.01,527.06,395.69,4.06,5.3181
2025-02-17 17:00,17,-0.9659,-0.2588,22.34,531.13,176.28,3.43,5.5232
2025-02-17 18:00,18,-1.0,-0.0,19.43,522.05,0.0,4.97,5.2433
2025-02-17 19:00,19,-0.9659,0.2588,17.46,472.34,17.35,3.86,4.514
2025-02-17 20:00,20,-0.866,0.5,20.46,415.93,32.05,3.01,4.2428
2025-02-17 21:00,21,-0.7071,0.7071,15.25,458.71,0.0,8.43,3.4348
2025-02-17 22:00,22,-0.5,0.866,13.58,515.78,18.33,3.34,4.0186
2025-02-17 23:00,23,-0.2588,0.9659,10.6,564.52,15.91,6.02,3.5888
2025-02-18 00:00,0,0.0,1.0,11.92,501.73,30.47,3.59,3.6465
2025-02-18 01:00,1,0.2588,0.9659,10.29,449.44,0.0,4.16,3.0767
2025-02-18 02:00,2,0.5,0.866,14.53,409.82,0.0,2.85,3.0165
2025-02-18 03:00,3,0.7071,0.7071,13.79,441.85,1.75,6.5,3.4806
2025-02-18 04:00,4,0.866,0.5,11.84,532.24,0.0,6.36,3.6379
2025-02-18 05:00,5,0.9659,0.2588,17.21,541.92,0.0,0.82,4.6769
2025-02-18 06:00,6,1.0,0.0,16.54,509.69,0.0,1.37,4.3742
2025-02-18 07:00,7,0.9659,-0.2588,16.03,438.93,211.52,8.79,3.3391
2025-02-18 08:00,8,0.866,-0.5,14.32,384.56,428.54,8.15,3.0495
2025-02-18 09:00,9,0.7071,-0.7071,23.06,440.9,618.62,4.62,4.0596
2025-02-18 10:00,10,0.5,-0.866,18.99,486.72,726.93,4.54,4.2463
2025-02-18 11:00,11,0.2588,-0.9659,19.85,565.7,830.93,7.12,4.8106
2025-02-18 12:00,12,0.0,-1.0,24.8,513.2,850.37,2.12,4.9743
2025-02-18 13:00,13,-0.2588,-0.9659,27.53,429.69,844.42,5.66,4.2483
2025-02-18 14:00,14,-0.5,-0.866,26.15,387.48,731.41,4.42,4.0886
2025-02-18 15:00,15,-0.7071,-0.7071,24.71,433.98,599.07,6.41,4.8504
2025-02-18 16:00,16,-0.866,-0.5,24.16,522.82,415.64,0.96,5.8057
2025-02-18 17:00,17,-0.9659,-0.2588,23.59,558.22,215.94,5.21,5.7102
2025-02-18 18:00,18,-1.0,-0.0,22.21,501.92,0.0,4.96,5.1356
2025-02-18 19:00,19,-0.9659,0.2588,20.05,424.81,0.0,7.46,3.9526
2025-02-18 20:00,20,-0.866,0.5,18.23,409.85,19.39,5.85,3.8536
2025-02-18 21:00,21,-0.7071,0.7071,16.42,426.66,0.0,8.01,3.5492
2025-02-18 22:00,22,-0.5,0.866,13.94,513.4,0.0,8.13,3.5552
2025-02-18 23:00,23,-0.2588,0.9659,13.41,551.86,25.38,3.98,3.8302
2025-02-19 00:00,0,0.0,1.0,10.34,517.18,0.0,2.11,3.4255
2025-02-19 01:00,1,0.2588,0.9659,12.13,450.37,20.72,5.49,3.2406
2025-02-19 02:00,2,0.5,0.866,10.59,381.06,0.0,7.91,2.1584
2025-02-19 03:00,3,0.7071,0.7071,10.62,408.83,0.0,1.54,3.1581
2025-02-19 04:00,4,0.866,0.5,13.15,503.99,0.0,4.97,3.6089
2025-02-19 05:00,5,0.9659,0.2588,15.92,577.02,32.82,1.92,4.7664
2025-02-19 06:00,6,1.0,0.0,16.45,542.83,0.0,0.91,4.81
2025-02-19 07:00,7,0.9659,-0.2588,14.16,464.97,238.68,5.87,3.6196
2025-02-19 08:00,8,0.866,-0.5,16.59,397.11,400.0,5.89,3.4283
2025-02-19 09:00,9,0.7071,-0.7071,21.04,410.77,633.98,5.27,3.7239
2025-02-19 10:00,10,0.5,-0.866,19.6,477.35,791.29,7.7,3.7911
2025-02-19 11:00,11,0.2588,-0.9659,21.98,540.79,778.87,1.6,5.2847
2025-02-19 12:00,12,0.0,-1.0,24.09,509.53,822.88,1.83,4.9792
2025-02-19 13:00,13,-0.2588,-0.9659,22.41,457.01,840.37,7.78,4.2115
2025-02-19 14:00,14,-0.5,-0.866,24.23,413.02,748.95,4.6,4.1264
2025-02-19 15:00,15,-0.7071,-0.7071,21.87,440.91,620.46,3.11,4.7156
2025-02-19 16:00,16,-0.866,-0.5,22.37,499.15,410.66,6.37,4.8383
2025-02-19 17:00,17,-0.9659,-0.2588,22.79,535.59,269.68,8.25,5.0041
2025-02-19 18:00,18,-1.0,-0.0,18.68,516.31,2.95,5.95,4.858
2025-02-19 19:00,19,-0.9659,0.2588,20.29,447.96,0.0,6.89,4.3993
2025-02-19 20:00,20,-0.866,0.5,18.04,405.88,0.0,3.17,3.6943
2025-02-19 21:00,21,-0.7071,0.7071,17.35,421.98,0.0,3.21,4.0897
2025-02-19 22:00,22,-0.5,0.866,15.41,522.26,39.77,7.77,3.9014
2025-02-19 23:00,23,-0.2588,0.9659,15.88,556.39,0.0,5.37,4.1315
2025-02-20 00:00,0,0.0,1.0,13.06,496.44,12.31,2.84,3.4248
2025-02-20 01:00,1,0.2588,0.9659,11.63,425.74,0.0,4.74,3.087
2025-02-20 02:00,2,0.5,0.866,12.26,410.33,0.0,5.92,2.7094
2025-02-20 03:00,3,0.7071,0.7071,13.09,433.98,0.0,2.73,3.5769
2025-02-20 04:00,4,0.866,0.5,12.95,536.34,14.95,5.67,3.9117
2025-02-20 05:00,5,0.9659,0.2588,13.89,557.52,32.48,1.14,4.7679
2025-02-20 06:00,6,1.0,0.0,14.02,505.2,0.0,3.31,4.2036
2025-02-20 07:00,7,0.9659,-0.2588,15.52,437.35,181.37,5.82,3.853
2025-02-20 08:00,8,0.866,-0.5,15.97,400.95,445.08,2.21,3.7081
2025-02-20 09:00,9,0.7071,-0.7071,22.25,426.57,559.88,2.76,4.0997
2025-02-20 10:00,10,0.5,-0.866,19.21,498.81,766.61,7.99,4.0706
2025-02-20 11:00,11,0.2588,-0.9659,21.28,560.52,798.43,5.83,4.6674
2025-02-20 12:00,12,0.0,-1.0,22.19,525.18,822.42,4.57,5.2588
2025-02-20 13:00,13,-0.2588,-0.9659,25.21,446.56,827.25,2.68,4.7064
2025-02-20 14:00,14,-0.5,-0.866,23.63,422.73,710.17,3.55,4.5619
2025-02-20 15:00,15,-0.7071,-0.7071,25.74,429.37,583.36,5.08,4.7899
2025-02-20 16:00,16,-0.866,-0.5,22.26,537.61,433.85,2.26,5.2652
2025-02-20 17:00,17,-0.9659,-0.2588,22.73,536.49,159.27,4.46,5.7714
2025-02-20 18:00,18,-1.0,-0.0,19.82,497.31,41.06,3.99,4.8725
2025-02-20 19:00,19,-0.9659,0.2588,22.84,411.1,1.09,4.43,4.275
2025-02-20 20:00,20,-0.866,0.5,16.29,393.31,0.0,1.84,3.9767
2025-02-20 21:00,21,-0.7071,0.7071,16.98,429.94,0.0,1.85,3.8289
2025-02-20 22:00,22,-0.5,0.866,16.02,520.39,24.79,10.03,4.0933
2025-02-20 23:00,23,-0.2588,0.9659,14.45,553.66,15.03,10.83,3.6495
2025-02-21 00:00,0,0.0,1.0,12.6,494.61,34.67,4.1,2.9315
2025-02-21 01:00,1,0.2588,0.9659,12.08,431.61,0.0,6.86,2.9459
2025-02-21 02:00,2,0.5,0.866,12.14,394.43,7.41,5.68,2.8479
2025-02-21 03:00,3,0.7071,0.7071,12.06,410.86,10.66,1.94,3.0689
2025-02-21 04:00,4,0.866,0.5,14.32,497.79,17.38,3.26,3.557
2025-02-21 05:00,5,0.9659,0.2588,17.14,538.44,28.18,3.37,4.3507
2025-02-21 06:00,6,1.0,0.0,14.24,534.0,0.0,5.23,4.1328
2025-02-21 07:00,7,0.9659,-0.2588,14.46,440.37,217.14,5.12,3.4112
2025-02-21 08:00,8,0.866,-0.5,17.94,409.93,409.75,8.82,3.122
2025-02-21 09:00,9,0.7071,-0.7071,23.49,415.02,599.73,6.87,3.8695
2025-02-21 10:00,10,0.5,-0.866,19.87,530.41,753.58,7.67,4.4944
2025-02-21 11:00,11,0.2588,-0.9659,24.77,569.52,779.69,8.19,5.0371
2025-02-21 12:00,12,0.0,-1.0,25.78,482.52,877.73,6.99,4.1998
2025-02-21 13:00,13,-0.2588,-0.9659,23.04,426.92,792.56,3.5,4.5701
2025-02-21 14:00,14,-0.5,-0.866,24.93,407.44,728.44,2.71,4.7346
2025-02-21 15:00,15,-0.7071,-0.7071,26.31,447.17,632.14,5.07,5.0864
2025-02-21 16:00,16,-0.866,-0.5,22.7,502.32,433.2,5.95,4.8173
2025-02-21 17:00,17,-0.9659,-0.2588,22.01,545.42,228.48,3.84,5.4794
2025-02-21 18:00,18,-1.0,-0.0,20.2,503.54,0.0,7.55,5.0316
2025-02-21 19:00,19,-0.9659,0.2588,18.1,439.16,0.0,9.89,3.9064
2025-02-21 20:00,20,-0.866,0.5,17.1,417.96,23.53,5.05,4.0598
2025-02-21 21:00,21,-0.7071,0.7071,14.68,425.93,0.0,4.3,3.7325
2025-02-21 22:00,22,-0.5,0.866,15.12,527.51,0.0,7.48,3.8218
2025-02-21 23:00,23,-0.2588,0.9659,12.67,538.27,24.1,0.86,4.0764
2025-02-22 00:00,0,0.0,1.0,13.23,499.79,0.0,2.04,4.0888
2025-02-22 01:00,1,0.2588,0.9659,10.0,449.78,6.73,7.52,2.6413
2025-02-22 02:00,2,0.5,0.866,12.57,413.83,1.07,6.31,2.6132
2025-02-22 03:00,3,0.7071,0.7071,13.53,450.27,0.0,4.03,3.4172
2025-02-22 04:00,4,0.866,0.5,10.0,492.76,0.0,8.15,3.1831
2025-02-22 05:00,5,0.9659,0.2588,14.39,543.01,0.0,3.62,3.9857
2025-02-22 06:00,6,1.0,0.0,16.91,524.84,0.0,5.51,4.2065
2025-02-22 07:00,7,0.9659,-0.2588,14.7,438.12,232.06,5.52,3.397
2025-02-22 08:00,8,0.866,-0.5,20.58,383.89,408.3,2.48,3.675
2025-02-22 09:00,9,0.7071,-0.7071,20.25,444.37,625.26,3.18,4.585
2025-02-22 10:00,10,0.5,-0.866,20.01,501.78,730.51,8.66,4.0302
2025-02-22 11:00,11,0.2588,-0.9659,22.23,576.92,794.58,2.48,5.0757
2025-02-22 12:00,12,0.0,-1.0,24.11,535.67,844.05,2.4,5.5704
2025-02-22 13:00,13,-0.2588,-0.9659,23.98,446.56,810.77,4.45,4.716
2025-02-22 14:00,14,-0.5,-0.866,24.88,420.42,761.35,1.71,4.8439
2025-02-22 15:00,15,-0.7071,-0.7071,22.49,438.47,591.82,8.25,4.1615
2025-02-22 16:00,16,-0.866,-0.5,23.52,523.98,418.09,1.79,5.7623
2025-02-22 17:00,17,-0.9659,-0.2588,20.19,572.17,255.28,5.38,5.5713
2025-02-22 18:00,18,-1.0,-0.0,20.9,516.18,12.71,3.54,5.3575
2025-02-22 19:00,19,-0.9659,0.2588,18.27,433.67,41.57,7.02,3.8127
2025-02-22 20:00,20,-0.866,0.5,16.97,374.43,31.48,5.19,3.6396
2025-02-22 21:00,21,-0.7071,0.7071,18.37,436.25,0.0,3.86,4.4037
2025-02-22 22:00,22,-0.5,0.866,16.71,524.85,24.75,11.17,3.8092
2025-02-22 23:00,23,-0.2588,0.9659,14.74,564.18,38.13,1.44,4.3846
2025-02-23 00:00,0,0.0,1.0,11.24,520.07,38.32,5.11,3.5318
2025-02-23 01:00,1,0.2588,0.9659,11.8,429.38,24.7,11.75,2.4492
2025-02-23 02:00,2,0.5,0.866,13.89,370.35,24.19,5.96,2.489
2025-02-23 03:00,3,0.7071,0.7071,12.49,430.07,0.0,6.38,2.9725
2025-02-23 04:00,4,0.866,0.5,16.35,507.93,0.0,0.99,4.493
2025-02-23 05:00,5,0.9659,0.2588,14.42,545.31,0.0,0.81,4.7411
2025-02-23 06:00,6,1.0,0.0,15.36,521.78,0.0,1.05,4.381
2025-02-23 07:00,7,0.9659,-0.2588,16.06,467.29,253.57,12.04,3.5701
2025-02-23 08:00,8,0.866,-0.5,18.27,401.85,417.92,10.85,3.2942
2025-02-23 09:00,9,0.7071,-0.7071,19.4,434.25,633.32,3.51,4.0572
2025-02-23 10:00,10,0.5,-0.866,22.13,508.61,705.33,3.23,4.783
2025-02-23 11:00,11,0.2588,-0.9659,23.75,551.87,848.1,2.18,4.9596
2025-02-23 12:00,12,0.0,-1.0,22.09,500.08,837.63,3.48,4.6627
2025-02-23 13:00,13,-0.2588,-0.9659,21.87,439.3,788.93,3.74,4.6088
2025-02-23 14:00,14,-0.5,-0.866,21.32,406.76,776.8,6.46,3.7832
2025-02-23 15:00,15,-0.7071,-0.7071,24.63,440.65,628.72,7.8,4.2555
2025-02-23 16:00,16,-0.866,-0.5,21.61,519.36,430.29,6.45,5.0783
2025-02-23 17:00,17,-0.9659,-0.2588,19.09,556.51,220.84,5.61,5.1045
2025-02-23 18:00,18,-1.0,-0.0,21.65,485.92,10.99,6.63,5.1148
2025-02-23 19:00,19,-0.9659,0.2588,23.36,447.05,4.87,6.37,4.486
2025-02-23 20:00,20,-0.866,0.5,18.06,389.93,0.0,4.42,3.9498
2025-02-23 21:00,21,-0.7071,0.7071,17.78,421.06,0.0,3.52,4.0156
2025-02-23 22:00,22,-0.5,0.866,15.19,495.93,49.02,3.17,3.9663
2025-02-23 23:00,23,-0.2588,0.9659,13.68,556.5,66.8,5.87,3.9356
2025-02-24 00:00,0,0.0,1.0,14.25,509.16,39.07,9.84,3.1968
2025-02-24 01:00,1,0.2588,0.9659,11.84,412.27,11.96,5.13,2.8806
2025-02-24 02:00,2,0.5,0.866,12.47,407.17,0.0,8.58,2.4368
2025-02-24 03:00,3,0.7071,0.7071,12.76,415.91,0.0,0.66,3.2908
2025-02-24 04:00,4,0.866,0.5,11.87,514.6,0.0,6.92,3.6836
2025-02-24 05:00,5,0.9659,0.2588,15.32,553.58,0.0,7.62,3.8435
2025-02-24 06:00,6,1.0,0.0,14.81,525.78,53.78,5.49,4.0351
2025-02-24 07:00,7,0.9659,-0.2588,15.39,464.23,265.15,9.07,3.5691
2025-02-24 08:00,8,0.866,-0.5,18.88,379.53,443.66,5.19,3.0155
2025-02-24 09:00,9,0.7071,-0.7071,18.28,436.71,577.03,2.88,4.3591
2025-02-24 10:00,10,0.5,-0.866,21.11,508.35,758.45,2.71,4.823
2025-02-24 11:00,11,0.2588,-0.9659,22.3,556.51,815.07,4.95,4.6094
2025-02-24 12:00,12,0.0,-1.0,24.9,515.74,796.17,8.47,4.2629
2025-02-24 13:00,13,-0.2588,-0.9659,24.58,432.21,828.21,1.51,4.6895
2025-02-24 14:00,14,-0.5,-0.866,24.03,393.39,715.07,5.3,4.0331
2025-02-24 15:00,15,-0.7071,-0.7071,25.09,420.75,580.84,6.67,4.6944
2025-02-24 16:00,16,-0.866,-0.5,25.35,527.32,418.74,1.93,5.7229
2025-02-24 17:00,17,-0.9659,-0.2588,23.15,556.89,207.54,1.94,5.8234
2025-02-24 18:00,18,-1.0,-0.0,21.09,526.27,0.0,3.71,5.2908
2025-02-24 19:00,19,-0.9659,0.2588,17.66,432.84,0.0,3.11,4.7732
2025-02-24 20:00,20,-0.866,0.5,16.47,390.15,0.0,2.59,4.0953
2025-02-24 21:00,21,-0.7071,0.7071,16.06,421.33,38.01,2.59,3.9973
2025-02-24 22:00,22,-0.5,0.866,14.16,517.88,0.0,2.06,4.5183
2025-02-24 23:00,23,-0.2588,0.9659,13.55,534.4,0.0,5.34,3.743
2025-02-25 00:00,0,0.0,1.0,12.96,540.23,0.0,5.94,4.0468
2025-02-25 01:00,1,0.2588,0.9659,13.07,417.89,0.0,6.06,2.8846
2025-02-25 02:00,2,0.5,0.866,11.97,404.1,36.47,4.79,2.8902
2025-02-25 03:00,3,0.7071,0.7071,13.01,461.0,6.74,9.61,2.9286
2025-02-25 04:00,4,0.866,0.5,12.97,521.49,14.16,8.02,3.1703
2025-02-25 05:00,5,0.9659,0.2588,10.87,552.64,6.86,9.78,3.8201
2025-02-25 06:00,6,1.0,0.0,13.66,497.97,5.79,3.86,3.6961
2025-02-25 07:00,7,0.9659,-0.2588,16.3,416.77,227.74,7.97,3.1467
2025-02-25 08:00,8,0.866,-0.5,16.26,411.55,376.68,6.6,3.3565
2025-02-25 09:00,9,0.7071,-0.7071,20.52,460.09,594.79,3.55,3.8127
2025-02-25 10:00,10,0.5,-0.866,23.37,505.92,765.18,1.85,4.5709
2025-02-25 11:00,11,0.2588,-0.9659,24.14,532.91,919.6,5.89,4.7403
2025-02-25 12:00,12,0.0,-1.0,22.95,475.63,819.89,2.11,4.6917
2025-02-25 13:00,13,-0.2588,-0.9659,26.1,422.79,831.61,3.24,4.5279
2025-02-25 14:00,14,-0.5,-0.866,24.29,398.3,721.85,4.58,4.1674
2025-02-25 15:00,15,-0.7071,-0.7071,23.36,461.49,652.23,5.87,4.6492
2025-02-25 16:00,16,-0.866,-0.5,22.35,522.6,391.16,8.88,4.8773
2025-02-25 17:00,17,-0.9659,-0.2588,21.86,554.58,235.62,5.22,5.1016
2025-02-25 18:00,18,-1.0,-0.0,20.49,506.5,0.0,5.8,5.0456
2025-02-25 19:00,19,-0.9659,0.2588,19.88,428.75,0.0,3.35,4.2941
2025-02-25 20:00,20,-0.866,0.5,18.31,421.08,0.0,5.93,4.1816
2025-02-25 21:00,21,-0.7071,0.7071,16.52,440.51,26.74,4.17,3.8424
2025-02-25 22:00,22,-0.5,0.866,15.73,480.96,0.0,7.67,4.2197
2025-02-25 23:00,23,-0.2588,0.9659,15.62,539.9,16.58,3.88,4.3906
2025-02-26 00:00,0,0.0,1.0,14.3,499.63,0.47,4.37,3.7012
2025-02-26 01:00,1,0.2588,0.9659,10.05,429.31,6.82,4.14,3.0816
2025-02-26 02:00,2,0.5,0.866,10.0,408.44,23.96,7.1,2.156
2025-02-26 03:00,3,0.7071,0.7071,13.68,435.89,0.0,9.64,3.0373
2025-02-26 04:00,4,0.866,0.5,10.83,511.35,20.26,3.46,3.523
2025-02-26 05:00,5,0.9659,0.2588,13.49,569.7,0.0,4.42,4.3232
2025-02-26 06:00,6,1.0,0.0,13.32,502.05,27.4,6.08,3.7301
2025-02-26 07:00,7,0.9659,-0.2588,13.82,465.46,228.36,8.26,3.3558
2025-02-26 08:00,8,0.866,-0.5,18.88,389.93,419.76,4.54,3.5372
2025-02-26 09:00,9,0.7071,-0.7071,20.76,438.84,586.29,1.87,4.2322
2025-02-26 10:00,10,0.5,-0.866,20.21,508.28,756.7,3.73,4.4791
2025-02-26 11:00,11,0.2588,-0.9659,18.43,551.85,852.56,4.92,4.6161
2025-02-26 12:00,12,0.0,-1.0,22.45,519.17,836.68,4.04,4.5209
2025-02-26 13:00,13,-0.2588,-0.9659,24.46,444.01,792.71,2.5,5.1827
2025-02-26 14:00,14,-0.5,-0.866,21.85,388.7,753.48,1.07,4.4176
2025-02-26 15:00,15,-0.7071,-0.7071,24.14,420.66,564.83,5.93,4.6046
2025-02-26 16:00,16,-0.866,-0.5,23.24,550.05,392.36,12.21,4.8531
2025-02-26 17:00,17,-0.9659,-0.2588,23.18,542.74,193.43,8.72,5.0419
2025-02-26 18:00,18,-1.0,-0.0,21.25,522.99,0.0,5.9,5.2601
2025-02-26 19:00,19,-0.9659,0.2588,18.17,413.39,0.0,7.46,4.0905
2025-02-26 20:00,20,-0.866,0.5,19.87,395.81,0.0,2.99,4.4145
2025-02-26 21:00,21,-0.7071,0.7071,16.28,435.59,0.0,5.43,4.2256
2025-02-26 22:00,22,-0.5,0.866,15.03,519.59,16.06,1.38,4.6706
2025-02-26 23:00,23,-0.2588,0.9659,12.43,509.16,0.0,6.1,3.3084
2025-02-27 00:00,0,0.0,1.0,12.21,514.99,0.0,10.29,3.1645
2025-02-27 01:00,1,0.2588,0.9659,10.95,420.25,48.67,7.72,2.7142
2025-02-27 02:00,2,0.5,0.866,11.81,404.87,0.0,4.81,2.7779
2025-02-27 03:00,3,0.7071,0.7071,14.84,421.96,8.56,6.86,3.0162
2025-02-27 04:00,4,0.866,0.5,10.82,499.67,0.0,9.33,2.7647
2025-02-27 05:00,5,0.9659,0.2588,11.41,545.9,54.09,2.71,4.2789
2025-02-27 06:00,6,1.0,0.0,17.28,496.72,0.0,6.91,3.6727
2025-02-27 07:00,7,0.9659,-0.2588,16.2,430.37,214.29,3.08,3.4882
2025-02-27 08:00,8,0.866,-0.5,17.07,382.1,457.93,7.96,2.9127
2025-02-27 09:00,9,0.7071,-0.7071,21.18,410.0,596.5,1.77,4.0342
2025-02-27 10:00,10,0.5,-0.866,20.16,527.77,737.32,2.44,4.4004
2025-02-27 11:00,11,0.2588,-0.9659,25.05,530.56,813.99,6.21,4.6111
2025-02-27 12:00,12,0.0,-1.0,24.28,509.82,843.13,2.41,5.2415
2025-02-27 13:00,13,-0.2588,-0.9659,23.14,448.79,830.3,2.28,4.6202
2025-02-27 14:00,14,-0.5,-0.866,27.31,390.78,749.95,4.95,4.511
2025-02-27 15:00,15,-0.7071,-0.7071,22.96,425.12,584.96,7.38,4.0964
2025-02-27 16:00,16,-0.866,-0.5,24.38,515.89,405.85,3.08,5.4299
2025-02-27 17:00,17,-0.9659,-0.2588,22.76,566.77,204.77,7.46,5.4005
2025-02-27 18:00,18,-1.0,-0.0,23.02,494.96,0.0,7.06,4.9103
2025-02-27 19:00,19,-0.9659,0.2588,21.97,435.25,0.0,5.12,4.5666
2025-02-27 20:00,20,-0.866,0.5,18.12,374.01,7.43,5.61,3.3267
2025-02-27 21:00,21,-0.7071,0.7071,15.39,431.6,23.46,1.12,4.1162
2025-02-27 22:00,22,-0.5,0.866,15.76,513.01,21.78,3.72,4.1149
2025-02-27 23:00,23,-0.2588,0.9659,12.81,537.18,0.0,3.04,4.0416
2025-02-28 00:00,0,0.0,1.0,15.9,505.65,0.0,2.22,4.1939
2025-02-28 01:00,1,0.2588,0.9659,12.48,416.38,0.0,3.86,3.1435
2025-02-28 02:00,2,0.5,0.866,11.52,401.16,3.59,3.64,2.8369
2025-02-28 03:00,3,0.7071,0.7071,12.55,453.34,0.0,6.28,2.9175
2025-02-28 04:00,4,0.866,0.5,10.85,496.04,14.8,5.25,3.7285
2025-02-28 05:00,5,0.9659,0.2588,12.37,540.66,0.0,8.6,3.4705
2025-02-28 06:00,6,1.0,0.0,16.87,520.04,0.0,2.18,4.6529
2025-02-28 07:00,7,0.9659,-0.2588,15.53,455.68,195.82,1.37,3.7542
2025-02-28 08:00,8,0.866,-0.5,16.5,377.6,425.14,4.81,3.5088
2025-02-28 09:00,9,0.7071,-0.7071,20.43,434.97,603.29,0.5,4.4581
2025-02-28 10:00,10,0.5,-0.866,22.85,516.75,700.98,6.85,4.1423
2025-02-28 11:00,11,0.2588,-0.9659,23.39,548.47,782.63,4.62,5.0819
2025-02-28 12:00,12,0.0,-1.0,24.76,475.35,851.41,4.5,4.7272
2025-02-28 13:00,13,-0.2588,-0.9659,22.73,445.02,785.95,3.69,4.6781
2025-02-28 14:00,14,-0.5,-0.866,21.94,422.79,694.41,3.77,4.5298
2025-02-28 15:00,15,-0.7071,-0.7071,26.12,439.25,589.91,4.13,4.6696
2025-02-28 16:00,16,-0.866,-0.5,22.78,497.03,412.79,0.7,5.3512
2025-02-28 17:00,17,-0.9659,-0.2588,21.94,542.3,198.04,1.62,5.9995
2025-02-28 18:00,18,-1.0,-0.0,23.06,539.05,0.0,4.61,5.3163
2025-02-28 19:00,19,-0.9659,0.2588,20.46,451.15,0.35,2.22,4.8696
2025-02-28 20:00,20,-0.866,0.5,18.76,409.6,0.0,6.76,4.1235
2025-02-28 21:00,21,-0.7071,0.7071,19.77,442.85,1.77,3.12,4.039
2025-02-28 22:00,22,-0.5,0.866,14.11,502.58,0.0,1.77,3.9159
2025-02-28 23:00,23,-0.2588,0.9659,15.22,546.99,4.19,2.85,4.057
2025-03-01 00:00,0,0.0,1.0,15.89,511.33,21.96,3.66,4.0066
2025-03-01 01:00,1,0.2588,0.9659,15.61,445.74,20.98,1.04,3.3662
2025-03-01 02:00,2,0.5,0.866,17.29,422.63,32.21,2.15,3.4375
2025-03-01 03:00,3,0.7071,0.7071,15.97,454.28,20.95,3.44,3.816
2025-03-01 04:00,4,0.866,0.5,16.61,491.21,5.96,3.35,3.919
2025-03-01 05:00,5,0.9659,0.2588,18.37,553.36,0.0,6.98,4.145
2025-03-01 06:00,6,1.0,0.0,17.45,523.55,0.0,7.49,4.2114
2025-03-01 07:00,7,0.9659,-0.2588,18.19,446.78,198.05,2.55,4.071
2025-03-01 08:00,8,0.866,-0.5,19.43,390.56,425.11,2.0,3.8853
2025-03-01 09:00,9,0.7071,-0.7071,19.6,481.21,618.48,5.52,4.4333
2025-03-01 10:00,10,0.5,-0.866,27.08,493.34,717.98,7.03,4.6762
2025-03-01 11:00,11,0.2588,-0.9659,23.59,533.75,820.11,10.02,4.8703
2025-03-01 12:00,12,0.0,-1.0,25.86,516.0,833.07,0.5,5.3915
2025-03-01 13:00,13,-0.2588,-0.9659,26.38,469.25,826.27,4.02,4.689
2025-03-01 14:00,14,-0.5,-0.866,27.46,387.46,722.39,6.33,4.797
2025-03-01 15:00,15,-0.7071,-0.7071,28.02,433.67,582.55,7.3,4.6855
2025-03-01 16:00,16,-0.866,-0.5,27.49,528.66,408.0,1.39,5.6214
2025-03-01 17:00,17,-0.9659,-0.2588,24.37,549.73,232.58,5.88,5.9678
2025-03-01 18:00,18,-1.0,-0.0,23.75,507.48,0.0,3.21,5.3353
2025-03-01 19:00,19,-0.9659,0.2588,22.98,445.98,0.0,1.53,4.8205
2025-03-01 20:00,20,-0.866,0.5,20.63,404.09,6.54,4.51,4.0214
2025-03-01 21:00,21,-0.7071,0.7071,21.86,452.96,0.0,2.28,4.5247
2025-03-01 22:00,22,-0.5,0.866,18.74,531.87,28.16,6.36,4.4754
2025-03-01 23:00,23,-0.2588,0.9659,17.86,554.61,0.0,6.4,3.7261
2025-03-02 00:00,0,0.0,1.0,16.8,516.88,0.0,7.47,3.9408
2025-03-02 01:00,1,0.2588,0.9659,16.96,440.71,0.0,3.79,3.3768
2025-03-02 02:00,2,0.5,0.866,15.27,407.34,0.0,0.64,3.3117
2025-03-02 03:00,3,0.7071,0.7071,13.26,438.33,0.0,3.02,3.6752
2025-03-02 04:00,4,0.866,0.5,16.4,512.49,18.66,4.37,4.0056
2025-03-02 05:00,5,0.9659,0.2588,15.78,567.95,19.16,5.99,4.382
2025-03-02 06:00,6,1.0,0.0,17.21,535.24,19.6,3.82,4.4905
2025-03-02 07:00,7,0.9659,-0.2588,20.33,414.89,220.72,4.82,3.9664
2025-03-02 08:00,8,0.866,-0.5,22.86,400.15,403.0,4.74,4.2041
2025-03-02 09:00,9,0.7071,-0.7071,22.58,427.17,581.03,2.34,3.7272
2025-03-02 10:00,10,0.5,-0.866,24.46,507.84,774.38,5.43,4.8068
2025-03-02 11:00,11,0.2588,-0.9659,27.8,556.04,856.93,4.18,5.565
2025-03-02 12:00,12,0.0,-1.0,26.56,522.54,853.06,7.06,4.9697
2025-03-02 13:00,13,-0.2588,-0.9659,30.7,457.4,808.15,5.96,4.7648
2025-03-02 14:00,14,-0.5,-0.866,27.85,371.3,770.34,1.89,4.3088
2025-03-02 15:00,15,-0.7071,-0.7071,24.15,423.02,583.68,4.51,5.0915
2025-03-02 16:00,16,-0.866,-0.5,27.33,525.95,430.72,6.06,5.2498
2025-03-02 17:00,17,-0.9659,-0.2588,25.81,508.89,253.8,1.66,5.9249
2025-03-02 18:00,18,-1.0,-0.0,25.93,530.31,0.0,6.9,5.5609
2025-03-02 19:00,19,-0.9659,0.2588,23.56,445.32,20.73,2.76,5.3004
2025-03-02 20:00,20,-0.866,0.5,20.79,419.74,13.01,4.6,4.1641
2025-03-02 21:00,21,-0.7071,0.7071,17.61,434.52,0.0,9.24,3.2755
2025-03-02 22:00,22,-0.5,0.866,17.69,481.58,0.0,5.06,4.0329
2025-03-02 23:00,23,-0.2588,0.9659,15.48,556.46,0.0,4.09,4.001
2025-03-03 00:00,0,0.0,1.0,14.93,531.62,7.24,0.5,4.7883
2025-03-03 01:00,1,0.2588,0.9659,16.09,451.37,0.0,2.08,3.7571
2025-03-03 02:00,2,0.5,0.866,17.5,390.06,3.27,5.11,3.234
2025-03-03 03:00,3,0.7071,0.7071,15.8,438.8,13.53,4.54,3.5142
2025-03-03 04:00,4,0.866,0.5,14.01,504.51,24.63,3.7,3.6731
2025-03-03 05:00,5,0.9659,0.2588,17.42,537.71,0.0,8.81,3.9803
2025-03-03 06:00,6,1.0,0.0,19.79,526.83,32.91,3.5,4.633
2025-03-03 07:00,7,0.9659,-0.2588,18.53,419.54,262.38,4.83,4.0782
2025-03-03 08:00,8,0.866,-0.5,20.8,386.59,435.25,5.04,3.3805
2025-03-03 09:00,9,0.7071,-0.7071,22.57,420.94,575.09,4.76,3.8605
2025-03-03 10:00,10,0.5,-0.866,22.82,490.15,727.92,4.43,4.4318
2025-03-03 11:00,11,0.2588,-0.9659,26.22,552.2,819.85,3.53,5.0915
2025-03-03 12:00,12,0.0,-1.0,26.01,529.92,856.76,8.51,4.4799
2025-03-03 13:00,13,-0.2588,-0.9659,27.42,434.73,821.59,4.26,4.1305
2025-03-03 14:00,14,-0.5,-0.866,25.67,377.41,743.15,4.77,3.8963
2025-03-03 15:00,15,-0.7071,-0.7071,26.14,450.1,598.77,5.69,5.0262
2025-03-03 16:00,16,-0.866,-0.5,27.28,537.79,431.63,1.46,5.8461
2025-03-03 17:00,17,-0.9659,-0.2588,24.68,540.31,208.48,6.78,5.5874
2025-03-03 18:00,18,-1.0,-0.0,26.59,505.32,0.0,4.66,5.4133
2025-03-03 19:00,19,-0.9659,0.2588,21.95,445.23,0.0,5.69,4.5771
2025-03-03 20:00,20,-0.866,0.5,21.34,424.33,47.93,6.69,4.4174
2025-03-03 21:00,21,-0.7071,0.7071,20.85,429.7,36.6,7.92,4.1298
2025-03-03 22:00,22,-0.5,0.866,15.87,492.51,13.88,3.88,4.2553
2025-03-03 23:00,23,-0.2588,0.9659,14.12,559.47,33.13,7.1,4.0133
2025-03-04 00:00,0,0.0,1.0,13.52,524.49,19.96,3.01,4.0235
2025-03-04 01:00,1,0.2588,0.9659,17.1,437.59,4.53,5.72,3.4003
2025-03-04 02:00,2,0.5,0.866,14.17,391.63,0.0,1.81,3.1064
2025-03-04 03:00,3,0.7071,0.7071,19.04,452.42,0.0,0.78,3.856
2025-03-04 04:00,4,0.866,0.5,14.96,520.42,0.0,1.75,4.3686
2025-03-04 05:00,5,0.9659,0.2588,17.03,538.47,0.0,3.41,4.134
2025-03-04 06:00,6,1.0,0.0,20.31,513.24,0.0,0.98,5.0777
2025-03-04 07:00,7,0.9659,-0.2588,22.46,417.22,232.31,5.49,3.8385
2025-03-04 08:00,8,0.866,-0.5,24.09,410.29,433.11,3.39,3.8246
2025-03-04 09:00,9,0.7071,-0.7071,24.37,433.57,571.86,6.35,3.9698
2025-03-04 10:00,10,0.5,-0.866,25.54,505.96,717.47,1.19,4.848
2025-03-04 11:00,11,0.2588,-0.9659,26.13,549.51,850.07,2.72,5.1162
2025-03-04 12:00,12,0.0,-1.0,27.36,513.1,828.06,3.98,4.9974
2025-03-04 13:00,13,-0.2588,-0.9659,25.97,450.92,825.31,3.82,4.5897
2025-03-04 14:00,14,-0.5,-0.866,25.77,408.87,731.38,2.06,4.6236
2025-03-04 15:00,15,-0.7071,-0.7071,26.79,435.15,613.7,12.47,4.2117
2025-03-04 16:00,16,-0.866,-0.5,25.94,523.96,403.6,3.18,5.733
2025-03-04 17:00,17,-0.9659,-0.2588,24.56,556.01,222.25,6.21,5.4919
2025-03-04 18:00,18,-1.0,-0.0,25.04,506.1,4.22,2.74,5.6467
2025-03-04 19:00,19,-0.9659,0.2588,23.99,435.63,5.75,7.98,4.4811
2025-03-04 20:00,20,-0.866,0.5,21.13,397.78,1.98,3.85,4.2838
2025-03-04 21:00,21,-0.7071,0.7071,21.66,445.08,8.62,8.36,3.9735
2025-03-04 22:00,22,-0.5,0.866,16.29,506.99,54.79,3.56,4.0344
2025-03-04 23:00,23,-0.2588,0.9659,16.47,544.14,64.03,0.51,4.2925
2025-03-05 00:00,0,0.0,1.0,14.73,542.03,0.0,4.69,4.0429
2025-03-05 01:00,1,0.2588,0.9659,12.4,451.6,0.0,4.74,3.4666
2025-03-05 02:00,2,0.5,0.866,14.88,388.59,14.89,1.97,3.0887
2025-03-05 03:00,3,0.7071,0.7071,15.02,446.06,4.66,2.85,3.3549
2025-03-05 04:00,4,0.866,0.5,18.07,514.28,26.53,6.8,3.832
2025-03-05 05:00,5,0.9659,0.2588,17.7,555.87,7.12,1.06,4.6006
2025-03-05 06:00,6,1.0,0.0,16.46,514.56,1.47,4.51,4.1577
2025-03-05 07:00,7,0.9659,-0.2588,22.23,455.34,248.22,4.78,3.8706
2025-03-05 08:00,8,0.866,-0.5,22.83,405.18,456.72,5.94,3.7131
2025-03-05 09:00,9,0.7071,-0.7071,23.43,436.57,566.38,1.07,4.4906
2025-03-05 10:00,10,0.5,-0.866,23.66,528.13,715.71,5.16,4.54
2025-03-05 11:00,11,0.2588,-0.9659,23.8,553.5,818.4,0.5,5.1428
2025-03-05 12:00,12,0.0,-1.0,25.64,514.32,852.46,3.05,4.8736
2025-03-05 13:00,13,-0.2588,-0.9659,28.43,445.64,815.39,4.58,4.507
2025-03-05 14:00,14,-0.5,-0.866,29.83,413.21,746.98,8.56,4.2606
2025-03-05 15:00,15,-0.7071,-0.7071,29.11,446.52,625.94,2.02,5.167
2025-03-05 16:00,16,-0.866,-0.5,25.46,503.7,468.07,2.37,5.1436
2025-03-05 17:00,17,-0.9659,-0.2588,23.56,538.73,234.47,5.79,5.3616
2025-03-05 18:00,18,-1.0,-0.0,24.21,497.52,0.0,3.77,5.2634
2025-03-05 19:00,19,-0.9659,0.2588,19.9,416.62,0.0,5.44,4.1238
2025-03-05 20:00,20,-0.866,0.5,21.48,386.8,0.0,13.44,3.485
2025-03-05 21:00,21,-0.7071,0.7071,19.23,434.89,12.87,11.45,3.3885
2025-03-05 22:00,22,-0.5,0.866,17.3,514.05,9.7,3.63,4.2195
2025-03-05 23:00,23,-0.2588,0.9659,14.37,545.93,51.26,4.61,4.3282
2025-03-06 00:00,0,0.0,1.0,16.57,477.16,0.0,8.43,3.2319
2025-03-06 01:00,1,0.2588,0.9659,14.41,461.12,9.62,1.71,3.9231
2025-03-06 02:00,2,0.5,0.866,13.25,416.3,58.87,4.27,2.9234
2025-03-06 03:00,3,0.7071,0.7071,10.9,444.19,0.0,3.79,2.9428
2025-03-06 04:00,4,0.866,0.5,15.76,541.11,3.63,3.25,4.0972
2025-03-06 05:00,5,0.9659,0.2588,19.42,535.34,0.0,12.48,3.8495
2025-03-06 06:00,6,1.0,0.0,20.49,540.81,2.05,6.33,4.815
2025-03-06 07:00,7,0.9659,-0.2588,18.76,423.02,200.49,3.86,4.0259
2025-03-06 08:00,8,0.866,-0.5,20.1,403.58,451.17,7.31,3.5039
2025-03-06 09:00,9,0.7071,-0.7071,23.26,418.39,604.72,4.51,4.269
2025-03-06 10:00,10,0.5,-0.866,22.5,512.72,712.74,7.9,4.0102
2025-03-06 11:00,11,0.2588,-0.9659,25.7,555.79,842.05,3.06,5.2784
2025-03-06 12:00,12,0.0,-1.0,27.35,510.18,854.49,2.77,5.2204
2025-03-06 13:00,13,-0.2588,-0.9659,28.64,453.3,844.86,2.93,5.0012
2025-03-06 14:00,14,-0.5,-0.866,26.85,401.49,707.43,4.84,4.1988
2025-03-06 15:00,15,-0.7071,-0.7071,26.49,429.66,610.26,3.23,4.665
2025-03-06 16:00,16,-0.866,-0.5,24.88,504.0,444.33,2.19,5.3848
2025-03-06 17:00,17,-0.9659,-0.2588,24.0,562.16,209.41,12.57,5.3068
2025-03-06 18:00,18,-1.0,-0.0,23.66,502.69,0.0,8.35,5.4434
2025-03-06 19:00,19,-0.9659,0.2588,23.1,451.23,0.0,5.52,4.584
2025-03-06 20:00,20,-0.866,0.5,22.37,418.34,30.7,8.2,3.7622
2025-03-06 21:00,21,-0.7071,0.7071,18.24,412.47,28.15,9.1,3.6362
2025-03-06 22:00,22,-0.5,0.866,20.24,529.49,0.0,5.84,4.9568
2025-03-06 23:00,23,-0.2588,0.9659,16.35,580.91,0.0,4.7,4.6819
2025-03-07 00:00,0,0.0,1.0,15.77,516.28,0.0,8.04,3.4977
2025-03-07 01:00,1,0.2588,0.9659,14.08,446.49,0.0,5.04,3.8302
2025-03-07 02:00,2,0.5,0.866,11.36,415.56,11.16,2.03,3.2333
2025-03-07 03:00,3,0.7071,0.7071,16.53,433.37,0.0,3.72,3.2858
2025-03-07 04:00,4,0.866,0.5,16.91,515.23,0.0,4.23,4.4288
2025-03-07 05:00,5,0.9659,0.2588,16.34,530.29,27.61,9.1,3.6677
2025-03-07 06:00,6,1.0,0.0,18.1,514.58,3.51,5.71,4.1733
2025-03-07 07:00,7,0.9659,-0.2588,20.22,444.97,230.88,7.94,3.9004
2025-03-07 08:00,8,0.866,-0.5,18.66,407.74,381.88,6.55,3.5597
2025-03-07 09:00,9,0.7071,-0.7071,21.76,453.48,540.43,3.35,4.317
2025-03-07 10:00,10,0.5,-0.866,25.19,500.88,700.18,6.19,4.6213
2025-03-07 11:00,11,0.2588,-0.9659,23.36,542.01,809.02,2.56,5.2968
2025-03-07 12:00,12,0.0,-1.0,26.64,540.93,864.41,3.98,4.7457
2025-03-07 13:00,13,-0.2588,-0.9659,24.76,435.25,762.48,7.04,4.4278
2025-03-07 14:00,14,-0.5,-0.866,27.7,403.0,775.94,5.35,4.4095
2025-03-07 15:00,15,-0.7071,-0.7071,26.74,436.49,605.3,7.27,4.4793
2025-03-07 16:00,16,-0.866,-0.5,23.77,500.17,459.01,2.98,5.101
2025-03-07 17:00,17,-0.9659,-0.2588,26.99,574.35,197.85,6.47,5.2839
2025-03-07 18:00,18,-1.0,-0.0,22.9,504.58,12.6,2.61,5.2836
2025-03-07 19:00,19,-0.9659,0.2588,21.34,420.59,2.13,4.88,4.7185
2025-03-07 20:00,20,-0.866,0.5,21.3,393.24,20.44,4.15,4.2808
2025-03-07 21:00,21,-0.7071,0.7071,21.17,407.47,0.0,4.96,3.9203
2025-03-07 22:00,22,-0.5,0.866,16.48,502.73,11.83,2.1,4.0221
2025-03-07 23:00,23,-0.2588,0.9659,16.85,535.48,27.55,3.68,4.4104
2025-03-08 00:00,0,0.0,1.0,16.45,521.76,0.0,5.77,4.1556
2025-03-08 01:00,1,0.2588,0.9659,16.24,427.4,6.06,4.97,3.4704
2025-03-08 02:00,2,0.5,0.866,15.26,413.32,0.0,4.91,2.9181
2025-03-08 03:00,3,0.7071,0.7071,14.65,458.48,17.56,4.65,3.2299
2025-03-08 04:00,4,0.866,0.5,14.56,524.22,48.87,9.33,3.853
2025-03-08 05:00,5,0.9659,0.2588,16.89,546.77,0.0,9.08,3.7703
2025-03-08 06:00,6,1.0,0.0,16.39,514.62,0.0,3.68,4.4471
2025-03-08 07:00,7,0.9659,-0.2588,15.07,414.63,242.01,3.62,3.2072
2025-03-08 08:00,8,0.866,-0.5,21.65,397.99,425.79,4.95,3.6938
2025-03-08 09:00,9,0.7071,-0.7071,23.91,424.59,605.17,1.74,4.42
2025-03-08 10:00,10,0.5,-0.866,20.46,522.91,726.35,3.3,4.6524
2025-03-08 11:00,11,0.2588,-0.9659,23.73,588.59,810.33,2.82,5.4783
2025-03-08 12:00,12,0.0,-1.0,27.12,520.0,847.83,2.77,4.9702
2025-03-08 13:00,13,-0.2588,-0.9659,29.88,422.69,822.08,5.55,4.4805
2025-03-08 14:00,14,-0.5,-0.866,27.03,394.58,706.59,3.83,4.6602
2025-03-08 15:00,15,-0.7071,-0.7071,25.7,439.34,599.39,2.38,5.0978
2025-03-08 16:00,16,-0.866,-0.5,25.92,513.81,464.21,8.13,5.1203
2025-03-08 17:00,17,-0.9659,-0.2588,27.3,539.04,209.52,7.92,5.6725
2025-03-08 18:00,18,-1.0,-0.0,23.03,516.18,0.0,7.75,4.823
2025-03-08 19:00,19,-0.9659,0.2588,21.35,418.86,0.0,3.87,4.4353
2025-03-08 20:00,20,-0.866,0.5,20.28,385.83,0.0,1.33,4.6036
2025-03-08 21:00,21,-0.7071,0.7071,18.02,447.19,0.0,1.85,4.5136
2025-03-08 22:00,22,-0.5,0.866,18.18,497.27,3.48,3.13,4.4308
2025-03-08 23:00,23,-0.2588,0.9659,19.19,558.07,0.0,2.74,4.6011
2025-03-09 00:00,0,0.0,1.0,16.29,491.96,0.0,7.92,3.7391
2025-03-09 01:00,1,0.2588,0.9659,14.83,463.97,3.84,11.4,3.019
2025-03-09 02:00,2,0.5,0.866,14.56,388.39,0.0,7.16,2.4374
2025-03-09 03:00,3,0.7071,0.7071,12.86,434.15,0.0,6.29,3.2349
2025-03-09 04:00,4,0.866,0.5,17.13,517.46,16.77,5.18,3.8059
2025-03-09 05:00,5,0.9659,0.2588,16.64,541.52,0.0,6.67,4.2968
2025-03-09 06:00,6,1.0,0.0,17.73,514.65,0.0,9.43,3.6773
2025-03-09 07:00,7,0.9659,-0.2588,24.24,446.13,175.0,5.27,4.5843
2025-03-09 08:00,8,0.866,-0.5,21.45,414.41,412.85,2.25,4.0078
2025-03-09 09:00,9,0.7071,-0.7071,21.43,449.37,611.74,2.33,4.0397
2025-03-09 10:00,10,0.5,-0.866,23.36,509.92,738.93,5.15,4.4596
2025-03-09 11:00,11,0.2588,-0.9659,26.97,547.8,880.83,3.5,5.1104
2025-03-09 12:00,12,0.0,-1.0,26.37,547.74,877.17,8.54,4.881
2025-03-09 13:00,13,-0.2588,-0.9659,24.64,451.75,797.76,5.35,4.8211
2025-03-09 14:00,14,-0.5,-0.866,28.38,389.2,706.2,5.84,4.4739
2025-03-09 15:00,15,-0.7071,-0.7071,25.79,439.0,668.71,0.5,4.5924
2025-03-09 16:00,16,-0.866,-0.5,29.01,515.52,451.56,4.57,5.3073
2025-03-09 17:00,17,-0.9659,-0.2588,26.86,547.97,234.73,4.13,6.3215
2025-03-09 18:00,18,-1.0,-0.0,23.33,494.06,1.87,6.08,5.1804
2025-03-09 19:00,19,-0.9659,0.2588,24.47,431.32,6.84,3.82,4.982
2025-03-09 20:00,20,-0.866,0.5,21.1,427.17,0.0,10.66,3.7922
2025-03-09 21:00,21,-0.7071,0.7071,20.73,446.19,3.93,5.79,3.912
2025-03-09 22:00,22,-0.5,0.866,18.73,475.13,1.78,5.71,3.9066
2025-03-09 23:00,23,-0.2588,0.9659,15.49,568.25,0.0,8.73,4.0517
2025-03-10 00:00,0,0.0,1.0,14.84,528.84,0.0,12.71,3.2296
2025-03-10 01:00,1,0.2588,0.9659,16.75,432.11,37.88,2.58,3.8521
2025-03-10 02:00,2,0.5,0.866,14.5,410.76,0.0,7.09,2.7622
2025-03-10 03:00,3,0.7071,0.7071,14.6,424.61,51.78,2.31,3.1094
2025-03-10 04:00,4,0.866,0.5,14.37,505.45,0.0,4.3,3.9834
2025-03-10 05:00,5,0.9659,0.2588,17.39,572.48,0.0,1.79,4.9406
2025-03-10 06:00,6,1.0,0.0,21.09,508.42,0.0,5.43,4.4679
2025-03-10 07:00,7,0.9659,-0.2588,17.85,409.45,189.76,4.37,3.5772
2025-03-10 08:00,8,0.866,-0.5,21.04,399.05,404.29,5.47,3.3276
2025-03-10 09:00,9,0.7071,-0.7071,24.67,436.32,608.92,5.85,4.3555
2025-03-10 10:00,10,0.5,-0.866,23.88,530.48,742.79,5.41,4.9103
2025-03-10 11:00,11,0.2588,-0.9659,25.92,550.22,804.05,3.25,5.1464
2025-03-10 12:00,12,0.0,-1.0,24.6,506.18,794.31,7.41,4.6983
2025-03-10 13:00,13,-0.2588,-0.9659,27.44,453.18,857.98,4.93,4.6548
2025-03-10 14:00,14,-0.5,-0.866,26.72,401.81,728.98,4.51,4.8414
2025-03-10 15:00,15,-0.7071,-0.7071,28.27,428.44,573.13,11.47,4.1828
2025-03-10 16:00,16,-0.866,-0.5,27.98,529.82,431.87,3.18,5.5854
2025-03-10 17:00,17,-0.9659,-0.2588,29.13,561.92,225.11,4.77,5.8148
2025-03-10 18:00,18,-1.0,-0.0,24.87,512.54,0.0,5.89,5.4428
2025-03-10 19:00,19,-0.9659,0.2588,23.04,440.17,3.71,2.01,4.9127
2025-03-10 20:00,20,-0.866,0.5,21.29,383.94,0.0,3.64,4.155
2025-03-10 21:00,21,-0.7071,0.7071,18.92,429.59,19.0,7.0,3.6152
2025-03-10 22:00,22,-0.5,0.866,18.51,512.55,0.0,2.86,4.7422
2025-03-10 23:00,23,-0.2588,0.9659,16.31,547.08,0.0,4.53,4.1637
2025-03-11 00:00,0,0.0,1.0,16.06,531.59,16.22,5.49,4.1736
2025-03-11 01:00,1,0.2588,0.9659,17.18,440.76,30.1,5.8,3.9447
2025-03-11 02:00,2,0.5,0.866,13.49,412.82,39.64,6.28,2.6811
2025-03-11 03:00,3,0.7071,0.7071,16.91,437.64,26.39,7.8,3.228
2025-03-11 04:00,4,0.866,0.5,17.78,528.34,0.0,3.89,4.1774
2025-03-11 05:00,5,0.9659,0.2588,16.58,555.96,0.0,6.09,4.6831
2025-03-11 06:00,6,1.0,0.0,14.82,512.7,35.13,6.31,3.9521
2025-03-11 07:00,7,0.9659,-0.2588,18.54,437.3,254.26,3.29,3.9775
2025-03-11 08:00,8,0.866,-0.5,22.95,385.68,408.2,10.21,3.4225
2025-03-11 09:00,9,0.7071,-0.7071,22.52,445.1,624.07,7.79,3.8567
2025-03-11 10:00,10,0.5,-0.866,22.5,511.9,727.82,3.22,4.8666
2025-03-11 11:00,11,0.2588,-0.9659,24.49,542.47,858.57,5.83,4.8634
2025-03-11 12:00,12,0.0,-1.0,27.46,529.1,837.13,6.19,5.1452
2025-03-11 13:00,13,-0.2588,-0.9659,27.62,418.75,870.5,4.13,4.5788
2025-03-11 14:00,14,-0.5,-0.866,26.64,393.66,755.77,7.76,4.0645
2025-03-11 15:00,15,-0.7071,-0.7071,26.25,452.92,645.98,5.95,4.7049
2025-03-11 16:00,16,-0.866,-0.5,25.61,517.23,413.41,5.7,5.4289
2025-03-11 17:00,17,-0.9659,-0.2588,23.86,549.28,230.12,2.75,5.8173
2025-03-11 18:00,18,-1.0,-0.0,26.42,516.27,0.0,3.98,5.8899
2025-03-11 19:00,19,-0.9659,0.2588,22.07,440.19,21.1,4.15,5.0358
2025-03-11 20:00,20,-0.866,0.5,22.83,377.25,22.48,6.33,3.8337
2025-03-11 21:00,21,-0.7071,0.7071,21.73,432.26,59.93,5.4,4.0789
2025-03-11 22:00,22,-0.5,0.866,19.5,536.75,12.05,1.65,4.6983
2025-03-11 23:00,23,-0.2588,0.9659,16.11,540.11,18.1,3.34,4.0462
2025-03-12 00:00,0,0.0,1.0,16.41,507.73,0.0,4.4,4.0168
2025-03-12 01:00,1,0.2588,0.9659,15.17,429.38,13.53,6.35,3.2555
2025-03-12 02:00,2,0.5,0.866,13.64,398.69,0.0,6.42,2.5925
2025-03-12 03:00,3,0.7071,0.7071,15.69,428.75,2.9,4.52,3.2262
2025-03-12 04:00,4,0.866,0.5,14.04,519.8,4.36,1.94,3.9711
2025-03-12 05:00,5,0.9659,0.2588,18.54,552.96,0.0,3.24,4.2875
2025-03-12 06:00,6,1.0,0.0,17.3,524.1,1.57,2.98,4.5098
2025-03-12 07:00,7,0.9659,-0.2588,19.75,421.74,210.61,6.78,3.4581
2025-03-12 08:00,8,0.866,-0.5,21.42,394.89,415.51,2.45,3.9507
2025-03-12 09:00,9,0.7071,-0.7071,22.16,434.11,627.96,4.35,4.0926
2025-03-12 10:00,10,0.5,-0.866,24.88,519.33,740.51,5.8,4.777
2025-03-12 11:00,11,0.2588,-0.9659,24.53,538.1,829.71,10.06,4.6222
2025-03-12 12:00,12,0.0,-1.0,27.5,526.23,813.57,14.74,4.7238
2025-03-12 13:00,13,-0.2588,-0.9659,24.78,455.3,831.62,9.61,4.0696
2025-03-12 14:00,14,-0.5,-0.866,27.19,385.17,749.38,6.19,4.1374
2025-03-12 15:00,15,-0.7071,-0.7071,29.7,443.77,591.08,6.44,5.0625
2025-03-12 16:00,16,-0.866,-0.5,24.7,504.52,477.13,6.56,5.0203
2025-03-12 17:00,17,-0.9659,-0.2588,24.23,589.49,162.77,7.75,5.9104
2025-03-12 18:00,18,-1.0,-0.0,24.77,506.05,19.61,9.58,5.1475
2025-03-12 19:00,19,-0.9659,0.2588,22.82,462.66,17.82,4.22,5.2344
2025-03-12 20:00,20,-0.866,0.5,21.53,381.0,13.54,4.04,4.0471
2025-03-12 21:00,21,-0.7071,0.7071,20.18,422.66,4.41,4.32,3.7431
2025-03-12 22:00,22,-0.5,0.866,18.95,502.2,13.77,5.71,4.2446
2025-03-12 23:00,23,-0.2588,0.9659,18.42,537.31,21.7,6.72,4.1162
2025-03-13 00:00,0,0.0,1.0,16.42,508.48,0.0,7.86,3.7565
2025-03-13 01:00,1,0.2588,0.9659,14.84,426.87,7.48,4.29,3.3581
2025-03-13 02:00,2,0.5,0.866,16.01,387.71,0.0,3.7,2.9766
2025-03-13 03:00,3,0.7071,0.7071,18.05,454.88,0.0,11.13,2.9154
2025-03-13 04:00,4,0.866,0.5,15.6,530.86,17.93,2.82,4.1199
2025-03-13 05:00,5,0.9659,0.2588,15.3,564.24,0.0,2.76,4.0267
2025-03-13 06:00,6,1.0,0.0,19.66,520.36,0.0,6.17,4.4137
2025-03-13 07:00,7,0.9659,-0.2588,19.27,438.89,206.52,2.45,4.0158
2025-03-13 08:00,8,0.866,-0.5,17.74,392.54,405.03,3.93,3.7559
2025-03-13 09:00,9,0.7071,-0.7071,23.82,423.2,626.75,3.23,3.7562
2025-03-13 10:00,10,0.5,-0.866,23.2,517.94,739.95,2.36,4.8479
2025-03-13 11:00,11,0.2588,-0.9659,25.11,532.4,855.6,5.12,5.1893
2025-03-13 12:00,12,0.0,-1.0,26.69,497.59,833.34,3.76,5.1226
2025-03-13 13:00,13,-0.2588,-0.9659,27.08,454.79,842.89,4.33,4.9464
2025-03-13 14:00,14,-0.5,-0.866,28.06,429.02,807.11,2.57,4.8983
2025-03-13 15:00,15,-0.7071,-0.7071,26.14,443.4,609.94,6.65,4.347
2025-03-13 16:00,16,-0.866,-0.5,26.97,529.1,446.54,3.38,5.6458
2025-03-13 17:00,17,-0.9659,-0.2588,24.85,546.31,237.33,3.56,5.7603
2025-03-13 18:00,18,-1.0,-0.0,25.11,492.43,0.0,2.96,5.2701
2025-03-13 19:00,19,-0.9659,0.2588,23.48,446.68,14.65,4.15,4.7714
2025-03-13 20:00,20,-0.866,0.5,19.6,408.54,7.66,4.34,3.5294
2025-03-13 21:00,21,-0.7071,0.7071,21.08,438.58,0.0,4.78,4.0989
2025-03-13 22:00,22,-0.5,0.866,17.2,508.86,0.0,10.18,3.7062
2025-03-13 23:00,23,-0.2588,0.9659,17.97,564.43,17.35,8.43,4.4339
2025-03-14 00:00,0,0.0,1.0,16.35,497.71,0.0,5.33,3.6461
2025-03-14 01:00,1,0.2588,0.9659,17.96,425.89,53.34,1.1,3.5426
2025-03-14 02:00,2,0.5,0.866,14.66,384.88,2.85,5.35,2.8414
2025-03-14 03:00,3,0.7071,0.7071,14.68,438.77,0.0,1.69,3.402
2025-03-14 04:00,4,0.866,0.5,15.77,496.18,0.0,6.12,3.8537
2025-03-14 05:00,5,0.9659,0.2588,16.3,539.74,0.0,3.87,3.9247
2025-03-14 06:00,6,1.0,0.0,19.2,501.91,60.31,7.42,4.319
2025-03-14 07:00,7,0.9659,-0.2588,17.02,433.59,197.88,9.3,3.4222
2025-03-14 08:00,8,0.866,-0.5,19.42,377.69,422.09,4.04,3.8222
2025-03-14 09:00,9,0.7071,-0.7071,20.95,438.81,587.6,4.32,3.4931
2025-03-14 10:00,10,0.5,-0.866,25.43,531.21,748.6,5.19,4.3562
2025-03-14 11:00,11,0.2588,-0.9659,27.81,552.03,807.99,2.58,5.3466
2025-03-14 12:00,12,0.0,-1.0,26.04,535.62,821.52,8.91,4.9199
2025-03-14 13:00,13,-0.2588,-0.9659,26.54,457.51,816.15,4.14,4.6679
2025-03-14 14:00,14,-0.5,-0.866,27.11,411.67,728.64,2.35,4.8812
2025-03-14 15:00,15,-0.7071,-0.7071,28.54,442.93,586.23,6.6,5.0461
2025-03-14 16:00,16,-0.866,-0.5,24.81,512.84,411.53,2.74,5.5989
2025-03-14 17:00,17,-0.9659,-0.2588,25.6,561.46,249.61,2.16,5.9323
2025-03-14 18:00,18,-1.0,-0.0,25.46,506.62,0.0,5.0,5.464
2025-03-14 19:00,19,-0.9659,0.2588,23.3,409.26,0.0,5.8,4.3163
2025-03-14 20:00,20,-0.866,0.5,21.28,407.38,0.0,5.05,4.1476
2025-03-14 21:00,21,-0.7071,0.7071,20.95,420.53,1.36,5.69,3.7681
2025-03-14 22:00,22,-0.5,0.866,13.95,498.07,0.0,1.93,3.9917
2025-03-14 23:00,23,-0.2588,0.9659,17.77,550.0,40.65,4.42,4.4274
2025-03-15 00:00,0,0.0,1.0,14.82,511.07,21.69,3.66,3.7697
2025-03-15 01:00,1,0.2588,0.9659,12.46,416.32,35.75,10.47,2.3729
2025-03-15 02:00,2,0.5,0.866,15.77,402.48,9.8,1.24,3.4267
2025-03-15 03:00,3,0.7071,0.7071,17.26,451.99,0.0,3.27,3.7167
2025-03-15 04:00,4,0.866,0.5,15.6,495.57,38.38,9.28,3.3734
2025-03-15 05:00,5,0.9659,0.2588,18.19,569.09,0.0,11.14,4.0487
2025-03-15 06:00,6,1.0,0.0,20.42,489.1,0.0,7.26,4.244
2025-03-15 07:00,7,0.9659,-0.2588,21.42,469.26,223.9,1.55,4.6631
2025-03-15 08:00,8,0.866,-0.5,23.46,393.83,459.46,4.99,3.8354
2025-03-15 09:00,9,0.7071,-0.7071,23.67,439.68,627.37,3.93,3.958
2025-03-15 10:00,10,0.5,-0.866,24.11,484.12,758.78,7.05,4.2688
2025-03-15 11:00,11,0.2588,-0.9659,22.84,549.07,813.24,1.31,5.0958
2025-03-15 12:00,12,0.0,-1.0,25.83,515.93,841.81,2.58,4.9217
2025-03-15 13:00,13,-0.2588,-0.9659,25.53,436.21,829.69,4.51,4.6391
2025-03-15 14:00,14,-0.5,-0.866,30.26,409.61,732.87,2.28,5.056
2025-03-15 15:00,15,-0.7071,-0.7071,26.53,423.3,623.27,5.97,4.7551
2025-03-15 16:00,16,-0.866,-0.5,26.38,529.46,445.75,7.21,5.0951
2025-03-15 17:00,17,-0.9659,-0.2588,26.07,550.46,234.78,6.07,5.6242
2025-03-15 18:00,18,-1.0,-0.0,24.07,535.61,0.0,4.19,5.6063
2025-03-15 19:00,19,-0.9659,0.2588,25.1,429.6,3.2,7.98,4.5713
2025-03-15 20:00,20,-0.866,0.5,20.07,393.48,0.0,2.12,4.2425
2025-03-15 21:00,21,-0.7071,0.7071,19.74,449.73,4.2,3.02,4.2815
2025-03-15 22:00,22,-0.5,0.866,16.89,488.16,0.0,4.51,4.0413
2025-03-15 23:00,23,-0.2588,0.9659,14.78,531.8,0.0,1.38,4.5222
2025-03-16 00:00,0,0.0,1.0,14.89,528.96,11.58,1.74,3.9626
2025-03-16 01:00,1,0.2588,0.9659,15.15,419.92,0.0,3.91,3.2015
2025-03-16 02:00,2,0.5,0.866,14.36,372.71,14.37,9.33,2.6659
2025-03-16 03:00,3,0.7071,0.7071,14.17,465.53,0.0,8.5,2.9869
2025-03-16 04:00,4,0.866,0.5,13.69,491.59,35.4,4.36,3.4971
2025-03-16 05:00,5,0.9659,0.2588,16.63,552.76,25.03,2.15,4.6741
2025-03-16 06:00,6,1.0,0.0,15.74,513.54,7.42,2.44,4.1056
2025-03-16 07:00,7,0.9659,-0.2588,20.59,395.34,214.66,3.79,3.9205
2025-03-16 08:00,8,0.866,-0.5,21.12,395.99,446.31,2.67,3.7595
2025-03-16 09:00,9,0.7071,-0.7071,20.37,444.23,610.85,1.62,4.3012
2025-03-16 10:00,10,0.5,-0.866,23.54,517.81,742.09,5.82,4.3604
2025-03-16 11:00,11,0.2588,-0.9659,24.11,563.55,847.11,5.13,5.2594
2025-03-16 12:00,12,0.0,-1.0,26.67,506.69,885.66,3.23,4.7836
2025-03-16 13:00,13,-0.2588,-0.9659,28.81,454.64,789.73,6.76,4.8743
2025-03-16 14:00,14,-0.5,-0.866,24.19,389.66,709.86,6.73,3.9058
2025-03-16 15:00,15,-0.7071,-0.7071,26.97,416.34,581.53,4.52,5.1081
2025-03-16 16:00,16,-0.866,-0.5,25.96,493.03,387.44,1.75,5.494
2025-03-16 17:00,17,-0.9659,-0.2588,26.25,528.07,218.43,8.71,5.6707
2025-03-16 18:00,18,-1.0,-0.0,24.32,527.64,15.0,5.78,5.2723
2025-03-16 19:00,19,-0.9659,0.2588,21.42,414.78,0.0,2.93,4.4887
2025-03-16 20:00,20,-0.866,0.5,20.52,404.11,0.0,5.34,4.3123
2025-03-16 21:00,21,-0.7071,0.7071,18.25,433.51,28.16,3.96,3.7087
2025-03-16 22:00,22,-0.5,0.866,19.61,510.96,3.51,5.52,4.1577
2025-03-16 23:00,23,-0.2588,0.9659,16.79,570.45,8.57,4.41,4.5317
2025-03-17 00:00,0,0.0,1.0,18.66,505.92,28.86,4.48,3.7855
2025-03-17 01:00,1,0.2588,0.9659,15.11,446.67,0.0,6.35,3.3272
2025-03-17 02:00,2,0.5,0.866,13.94,400.56,51.51,5.36,2.8937
2025-03-17 03:00,3,0.7071,0.7071,12.93,435.22,0.0,1.59,3.0972
2025-03-17 04:00,4,0.866,0.5,13.1,547.0,49.95,1.43,4.365
2025-03-17 05:00,5,0.9659,0.2588,14.38,528.38,0.0,3.32,3.9239
2025-03-17 06:00,6,1.0,0.0,18.4,531.84,12.94,4.13,4.6884
2025-03-17 07:00,7,0.9659,-0.2588,20.21,447.35,203.93,3.12,4.1861
2025-03-17 08:00,8,0.866,-0.5,18.63,392.81,452.99,5.65,3.3658
2025-03-17 09:00,9,0.7071,-0.7071,23.9,461.94,589.08,2.56,4.2764
2025-03-17 10:00,10,0.5,-0.866,23.28,484.78,743.39,6.07,4.4232
2025-03-17 11:00,11,0.2588,-0.9659,25.46,542.17,804.77,6.7,4.7211
2025-03-17 12:00,12,0.0,-1.0,28.61,499.29,873.43,2.0,5.4428
2025-03-17 13:00,13,-0.2588,-0.9659,28.14,444.81,804.64,5.64,4.9426
2025-03-17 14:00,14,-0.5,-0.866,26.6,383.3,778.21,9.92,4.2583
2025-03-17 15:00,15,-0.7071,-0.7071,25.46,444.0,576.14,2.55,5.0431
2025-03-17 16:00,16,-0.866,-0.5,22.97,509.7,391.36,8.52,4.8429
2025-03-17 17:00,17,-0.9659,-0.2588,24.16,542.81,243.78,5.31,5.4174
2025-03-17 18:00,18,-1.0,-0.0,23.68,518.33,0.0,5.2,5.3243
2025-03-17 19:00,19,-0.9659,0.2588,21.07,433.47,0.0,1.27,4.8498
2025-03-17 20:00,20,-0.866,0.5,20.8,383.67,0.0,6.46,3.9596
2025-03-17 21:00,21,-0.7071,0.7071,19.56,479.52,0.0,4.44,4.6088
2025-03-17 22:00,22,-0.5,0.866,17.66,505.19,0.0,6.22,4.0996
2025-03-17 23:00,23,-0.2588,0.9659,15.78,516.74,31.62,7.08,3.5222
2025-03-18 00:00,0,0.0,1.0,16.06,499.87,25.08,4.74,3.6982
2025-03-18 01:00,1,0.2588,0.9659,15.87,418.49,5.79,3.04,3.6402
2025-03-18 02:00,2,0.5,0.866,13.36,412.39,27.81,2.15,2.8569
2025-03-18 03:00,3,0.7071,0.7071,17.32,442.32,0.0,2.3,3.803
2025-03-18 04:00,4,0.866,0.5,15.66,518.48,0.0,7.81,3.6406
2025-03-18 05:00,5,0.9659,0.2588,16.79,544.45,9.9,2.0,4.335
2025-03-18 06:00,6,1.0,0.0,19.06,508.31,0.0,3.83,4.5386
2025-03-18 07:00,7,0.9659,-0.2588,19.8,431.94,213.83,3.51,4.3092
2025-03-18 08:00,8,0.866,-0.5,22.43,398.78,394.98,7.79,3.6943
2025-03-18 09:00,9,0.7071,-0.7071,22.98,450.03,549.01,4.43,4.2178
2025-03-18 10:00,10,0.5,-0.866,23.08,517.54,756.57,13.06,3.7573
2025-03-18 11:00,11,0.2588,-0.9659,25.78,557.5,827.12,6.36,4.9943
2025-03-18 12:00,12,0.0,-1.0,24.48,519.99,872.55,7.59,4.4015
2025-03-18 13:00,13,-0.2588,-0.9659,26.96,450.77,810.11,1.77,4.8831
2025-03-18 14:00,14,-0.5,-0.866,26.95,404.32,718.3,2.97,4.6603
2025-03-18 15:00,15,-0.7071,-0.7071,26.48,442.88,601.2,2.1,4.5751
2025-03-18 16:00,16,-0.866,-0.5,26.0,530.33,446.35,4.34,5.7685
2025-03-18 17:00,17,-0.9659,-0.2588,22.42,540.02,214.21,6.19,5.073
2025-03-18 18:00,18,-1.0,-0.0,23.18,499.66,20.04,2.37,5.4017
2025-03-18 19:00,19,-0.9659,0.2588,22.69,419.71,0.0,2.05,4.8573
2025-03-18 20:00,20,-0.866,0.5,21.24,402.74,0.0,5.37,4.364
2025-03-18 21:00,21,-0.7071,0.7071,17.91,409.69,0.0,2.81,3.7794
2025-03-18 22:00,22,-0.5,0.866,19.9,519.43,30.66,4.44,3.9183
2025-03-18 23:00,23,-0.2588,0.9659,15.46,548.36,5.19,1.26,4.667
2025-03-19 00:00,0,0.0,1.0,17.26,529.52,43.65,5.88,3.6858
2025-03-19 01:00,1,0.2588,0.9659,15.85,427.42,0.0,4.86,3.3272
2025-03-19 02:00,2,0.5,0.866,14.03,396.95,3.25,5.62,2.9607
2025-03-19 03:00,3,0.7071,0.7071,17.87,454.33,4.48,3.12,3.0478
2025-03-19 04:00,4,0.866,0.5,14.01,533.25,15.5,3.14,3.7247
2025-03-19 05:00,5,0.9659,0.2588,18.14,539.8,0.0,6.99,4.107
2025-03-19 06:00,6,1.0,0.0,19.5,515.23,42.11,6.19,3.7899
2025-03-19 07:00,7,0.9659,-0.2588,18.44,441.92,220.32,5.12,3.5838
2025-03-19 08:00,8,0.866,-0.5,23.09,405.6,397.82,5.47,3.9048
2025-03-19 09:00,9,0.7071,-0.7071,22.18,433.56,600.64,1.73,4.2449
2025-03-19 10:00,10,0.5,-0.866,24.43,531.72,728.29,7.66,4.6852
2025-03-19 11:00,11,0.2588,-0.9659,25.63,521.65,890.62,6.67,4.7723
2025-03-19 12:00,12,0.0,-1.0,25.99,506.18,876.25,5.2,4.5093
2025-03-19 13:00,13,-0.2588,-0.9659,28.01,444.31,822.28,8.71,4.1763
2025-03-19 14:00,14,-0.5,-0.866,28.19,408.38,733.32,2.36,4.9546
2025-03-19 15:00,15,-0.7071,-0.7071,24.17,457.79,624.82,5.92,4.9959
2025-03-19 16:00,16,-0.866,-0.5,28.15,531.69,449.97,9.99,5.0077
2025-03-19 17:00,17,-0.9659,-0.2588,22.75,545.72,147.21,3.35,5.7153
2025-03-19 18:00,18,-1.0,-0.0,25.55,532.0,16.07,0.68,6.0802
2025-03-19 19:00,19,-0.9659,0.2588,24.24,426.79,0.7,6.34,4.6144
2025-03-19 20:00,20,-0.866,0.5,19.36,413.96,0.0,0.5,4.377
2025-03-19 21:00,21,-0.7071,0.7071,18.83,464.66,22.01,7.89,3.8118
2025-03-19 22:00,22,-0.5,0.866,16.34,530.72,56.15,1.32,4.8819
2025-03-19 23:00,23,-0.2588,0.9659,16.43,551.59,13.92,5.66,4.2104
2025-03-20 00:00,0,0.0,1.0,15.34,507.52,27.51,3.78,3.9323
2025-03-20 01:00,1,0.2588,0.9659,16.37,414.57,45.1,2.62,3.3875
2025-03-20 02:00,2,0.5,0.866,16.97,404.66,0.0,8.31,2.7405
2025-03-20 03:00,3,0.7071,0.7071,17.3,420.77,0.0,6.44,3.2155
2025-03-20 04:00,4,0.866,0.5,14.96,500.6,16.42,3.55,3.7998
2025-03-20 05:00,5,0.9659,0.2588,16.44,532.14,0.0,3.18,4.2665
2025-03-20 06:00,6,1.0,0.0,15.47,505.59,0.0,6.35,4.1016
2025-03-20 07:00,7,0.9659,-0.2588,18.24,437.08,218.04,7.4,3.4566
2025-03-20 08:00,8,0.866,-0.5,22.45,404.1,443.19,6.17,3.4888
2025-03-20 09:00,9,0.7071,-0.7071,24.98,428.49,597.32,5.56,4.215
2025-03-20 10:00,10,0.5,-0.866,22.15,528.54,716.45,2.8,4.7386
2025-03-20 11:00,11,0.2588,-0.9659,24.35,546.88,815.45,7.61,4.7098
2025-03-20 12:00,12,0.0,-1.0,26.16,500.68,849.51,6.47,4.3681
2025-03-20 13:00,13,-0.2588,-0.9659,27.22,440.89,772.8,4.69,4.9119
2025-03-20 14:00,14,-0.5,-0.866,25.79,429.45,732.55,4.66,4.7267
2025-03-20 15:00,15,-0.7071,-0.7071,27.43,442.53,567.43,5.05,5.0595
2025-03-20 16:00,16,-0.866,-0.5,25.49,507.06,441.48,7.3,5.1717
2025-03-20 17:00,17,-0.9659,-0.2588,25.22,527.09,180.97,6.4,5.1233
2025-03-20 18:00,18,-1.0,-0.0,24.82,509.21,25.32,7.66,5.2416
2025-03-20 19:00,19,-0.9659,0.2588,22.56,441.02,0.0,4.63,4.5643
2025-03-20 20:00,20,-0.866,0.5,20.35,394.19,0.0,5.44,3.7957
2025-03-20 21:00,21,-0.7071,0.7071,19.28,412.52,7.36,7.64,3.7687
2025-03-20 22:00,22,-0.5,0.866,17.87,499.74,0.0,2.83,4.6588
2025-03-20 23:00,23,-0.2588,0.9659,16.2,571.82,6.97,4.21,4.7212
2025-03-21 00:00,0,0.0,1.0,15.42,534.01,0.0,5.41,4.0609
2025-03-21 01:00,1,0.2588,0.9659,17.6,424.2,0.0,8.64,3.0504
2025-03-21 02:00,2,0.5,0.866,15.84,410.09,10.13,0.69,3.3875
2025-03-21 03:00,3,0.7071,0.7071,14.76,419.82,0.0,2.69,3.1475
2025-03-21 04:00,4,0.866,0.5,16.85,533.56,0.0,2.84,4.2055
2025-03-21 05:00,5,0.9659,0.2588,16.26,553.68,6.21,3.46,4.6152
2025-03-21 06:00,6,1.0,0.0,19.76,526.74,0.0,3.16,5.0341
2025-03-21 07:00,7,0.9659,-0.2588,20.0,411.77,224.21,5.19,3.579
2025-03-21 08:00,8,0.866,-0.5,20.84,410.16,433.19,8.1,3.1394
2025-03-21 09:00,9,0.7071,-0.7071,23.22,437.38,602.48,5.54,3.9561
2025-03-21 10:00,10,0.5,-0.866,21.64,525.28,751.32,2.89,4.9291
2025-03-21 11:00,11,0.2588,-0.9659,23.55,563.72,823.47,7.77,5.2328
2025-03-21 12:00,12,0.0,-1.0,24.41,513.49,799.82,5.5,5.1204
2025-03-21 13:00,13,-0.2588,-0.9659,27.01,428.49,777.34,2.73,5.0266
2025-03-21 14:00,14,-0.5,-0.866,29.6,424.49,784.32,3.68,4.6648
2025-03-21 15:00,15,-0.7071,-0.7071,30.14,453.74,601.04,6.87,4.8142
2025-03-21 16:00,16,-0.866,-0.5,27.15,499.41,448.76,6.37,4.9421
2025-03-21 17:00,17,-0.9659,-0.2588,25.99,536.2,211.35,5.1,5.4626
2025-03-21 18:00,18,-1.0,-0.0,21.3,490.34,0.0,2.17,5.4858
2025-03-21 19:00,19,-0.9659,0.2588,21.74,429.85,0.0,7.01,4.7111
2025-03-21 20:00,20,-0.866,0.5,19.82,416.54,61.65,3.33,4.2593
2025-03-21 21:00,21,-0.7071,0.7071,18.52,440.17,6.33,6.68,3.8213
2025-03-21 22:00,22,-0.5,0.866,17.75,504.55,0.0,5.62,3.9282
2025-03-21 23:00,23,-0.2588,0.9659,16.05,562.07,0.0,3.05,4.4237
2025-03-22 00:00,0,0.0,1.0,12.83,500.01,49.34,2.69,3.755
2025-03-22 01:00,1,0.2588,0.9659,16.33,438.93,0.0,2.06,3.2749
2025-03-22 02:00,2,0.5,0.866,13.39,397.31,18.61,2.89,3.2117
2025-03-22 03:00,3,0.7071,0.7071,15.56,449.19,21.4,2.28,3.4868
2025-03-22 04:00,4,0.866,0.5,18.91,488.84,0.0,5.39,4.0785
2025-03-22 05:00,5,0.9659,0.2588,15.38,537.25,16.81,5.26,4.127
2025-03-22 06:00,6,1.0,0.0,14.2,487.93,0.0,5.17,3.997
2025-03-22 07:00,7,0.9659,-0.2588,19.02,433.61,195.24,5.57,3.6861
2025-03-22 08:00,8,0.866,-0.5,22.65,418.17,454.11,7.14,3.6782
2025-03-22 09:00,9,0.7071,-0.7071,25.49,429.92,597.09,8.61,4.0546
2025-03-22 10:00,10,0.5,-0.866,22.16,504.84,749.08,2.81,4.6302
2025-03-22 11:00,11,0.2588,-0.9659,25.99,563.08,831.31,5.18,4.9248
2025-03-22 12:00,12,0.0,-1.0,25.5,528.53,865.95,1.57,5.2644
2025-03-22 13:00,13,-0.2588,-0.9659,26.64,436.17,782.12,1.97,4.9257
2025-03-22 14:00,14,-0.5,-0.866,30.97,434.0,721.49,5.67,5.1726
2025-03-22 15:00,15,-0.7071,-0.7071,24.54,421.35,592.93,4.49,4.853
2025-03-22 16:00,16,-0.866,-0.5,26.58,533.17,404.21,6.55,5.4109
2025-03-22 17:00,17,-0.9659,-0.2588,25.94,582.23,230.72,4.1,5.8317
2025-03-22 18:00,18,-1.0,-0.0,25.63,520.32,29.67,2.03,5.6871
2025-03-22 19:00,19,-0.9659,0.2588,22.7,406.24,33.63,7.89,4.0856
2025-03-22 20:00,20,-0.866,0.5,21.46,391.63,0.0,1.62,4.4271
2025-03-22 21:00,21,-0.7071,0.7071,18.86,446.69,7.3,2.52,4.4544
2025-03-22 22:00,22,-0.5,0.866,18.4,506.18,11.14,3.13,4.6133
2025-03-22 23:00,23,-0.2588,0.9659,16.24,569.08,15.53,12.73,3.6769
2025-03-23 00:00,0,0.0,1.0,16.74,521.32,0.0,4.04,3.9353
2025-03-23 01:00,1,0.2588,0.9659,14.65,426.9,45.51,4.59,3.066
2025-03-23 02:00,2,0.5,0.866,15.57,400.48,23.16,6.66,2.5041
2025-03-23 03:00,3,0.7071,0.7071,15.16,424.09,23.82,5.53,2.8997
2025-03-23 04:00,4,0.866,0.5,17.49,509.76,30.09,7.46,3.7592
2025-03-23 05:00,5,0.9659,0.2588,16.68,541.68,13.35,4.49,4.3728
2025-03-23 06:00,6,1.0,0.0,15.34,530.12,0.0,10.41,3.9807
2025-03-23 07:00,7,0.9659,-0.2588,21.34,469.24,216.52,6.94,3.9116
2025-03-23 08:00,8,0.866,-0.5,19.64,378.53,383.72,3.94,3.5322
2025-03-23 09:00,9,0.7071,-0.7071,21.57,408.65,611.42,3.81,3.8449
2025-03-23 10:00,10,0.5,-0.866,23.11,508.82,731.89,8.96,4.221
2025-03-23 11:00,11,0.2588,-0.9659,27.3,527.22,820.02,5.91,5.0906
2025-03-23 12:00,12,0.0,-1.0,22.99,513.19,880.1,5.42,4.4277
2025-03-23 13:00,13,-0.2588,-0.9659,31.5,476.75,809.61,6.55,4.7964
2025-03-23 14:00,14,-0.5,-0.866,28.58,427.08,729.82,4.99,4.6929
2025-03-23 15:00,15,-0.7071,-0.7071,27.13,440.52,601.59,2.29,4.783
2025-03-23 16:00,16,-0.866,-0.5,26.11,509.6,379.0,3.41,5.1286
2025-03-23 17:00,17,-0.9659,-0.2588,25.67,520.32,213.34,4.97,5.1835
2025-03-23 18:00,18,-1.0,-0.0,24.78,512.89,0.0,0.74,5.715
2025-03-23 19:00,19,-0.9659,0.2588,23.52,438.57,0.0,4.17,4.8883
2025-03-23 20:00,20,-0.866,0.5,21.83,409.58,21.38,6.53,4.2014
2025-03-23 21:00,21,-0.7071,0.7071,19.58,426.87,11.18,2.33,4.4899
2025-03-23 22:00,22,-0.5,0.866,17.7,505.97,0.0,1.42,4.483
2025-03-23 23:00,23,-0.2588,0.9659,16.53,527.83,1.02,7.4,3.9758
2025-03-24 00:00,0,0.0,1.0,15.51,478.13,0.0,5.39,3.5364
2025-03-24 01:00,1,0.2588,0.9659,16.91,420.87,0.0,2.42,3.419
2025-03-24 02:00,2,0.5,0.866,15.89,376.45,73.26,7.05,3.0885
2025-03-24 03:00,3,0.7071,0.7071,10.79,442.55,46.15,5.7,3.0116
2025-03-24 04:00,4,0.866,0.5,16.79,504.73,1.32,3.51,4.0896
2025-03-24 05:00,5,0.9659,0.2588,17.05,541.93,4.0,3.78,4.1553
2025-03-24 06:00,6,1.0,0.0,17.97,497.73,0.0,2.26,4.5261
2025-03-24 07:00,7,0.9659,-0.2588,18.86,389.01,199.95,7.39,3.5224
2025-03-24 08:00,8,0.866,-0.5,22.69,422.62,434.05,4.64,4.2096
2025-03-24 09:00,9,0.7071,-0.7071,23.97,422.5,587.92,4.96,4.197
2025-03-24 10:00,10,0.5,-0.866,22.84,506.31,758.73,8.06,4.2773
2025-03-24 11:00,11,0.2588,-0.9659,25.85,528.18,860.28,0.69,5.1848
2025-03-24 12:00,12,0.0,-1.0,24.74,527.08,858.32,1.45,5.1905
2025-03-24 13:00,13,-0.2588,-0.9659,24.73,439.65,823.58,2.31,4.7064
2025-03-24 14:00,14,-0.5,-0.866,26.06,387.6,694.1,0.96,4.9435
2025-03-24 15:00,15,-0.7071,-0.7071,28.09,432.33,619.73,5.7,5.0002
2025-03-24 16:00,16,-0.866,-0.5,27.63,537.67,396.41,5.51,5.7528
2025-03-24 17:00,17,-0.9659,-0.2588,26.01,548.91,209.55,2.68,6.2676
2025-03-24 18:00,18,-1.0,-0.0,25.09,509.77,23.99,2.21,5.0942
2025-03-24 19:00,19,-0.9659,0.2588,23.33,423.38,25.74,2.18,4.6821
2025-03-24 20:00,20,-0.866,0.5,20.04,371.58,0.0,9.63,3.5093
2025-03-24 21:00,21,-0.7071,0.7071,20.09,435.1,0.0,5.98,3.8598
2025-03-24 22:00,22,-0.5,0.866,19.2,517.38,0.0,5.16,4.159
2025-03-24 23:00,23,-0.2588,0.9659,17.89,566.49,0.0,3.43,4.2125
2025-03-25 00:00,0,0.0,1.0,17.59,478.77,0.0,4.14,3.7464
2025-03-25 01:00,1,0.2588,0.9659,16.27,420.62,0.0,1.68,3.6538
2025-03-25 02:00,2,0.5,0.866,15.53,391.29,17.08,13.8,2.4558
2025-03-25 03:00,3,0.7071,0.7071,16.81,437.45,9.86,6.52,3.1152
2025-03-25 04:00,4,0.866,0.5,15.76,510.32,14.01,5.42,3.8809
2025-03-25 05:00,5,0.9659,0.2588,15.43,548.17,0.0,5.18,4.4984
2025-03-25 06:00,6,1.0,0.0,17.76,518.62,0.0,4.61,4.0849
2025-03-25 07:00,7,0.9659,-0.2588,18.33,423.95,221.33,3.0,3.8559
2025-03-25 08:00,8,0.866,-0.5,19.99,414.01,426.6,2.79,3.9748
2025-03-25 09:00,9,0.7071,-0.7071,22.34,444.0,597.36,4.91,4.1058
2025-03-25 10:00,10,0.5,-0.866,22.81,507.7,728.88,1.48,5.0063
2025-03-25 11:00,11,0.2588,-0.9659,24.78,574.01,863.81,1.53,5.0816
2025-03-25 12:00,12,0.0,-1.0,23.36,535.85,860.65,4.99,4.7087
2025-03-25 13:00,13,-0.2588,-0.9659,27.12,451.49,870.3,8.74,4.507
2025-03-25 14:00,14,-0.5,-0.866,27.0,354.72,767.85,8.62,3.5399
2025-03-25 15:00,15,-0.7071,-0.7071,25.57,461.18,643.62,0.57,5.3396
2025-03-25 16:00,16,-0.866,-0.5,27.19,524.42,398.14,1.85,5.8535
2025-03-25 17:00,17,-0.9659,-0.2588,26.65,580.1,234.83,5.14,6.0351
2025-03-25 18:00,18,-1.0,-0.0,21.59,531.06,0.0,7.56,5.0836
2025-03-25 19:00,19,-0.9659,0.2588,21.41,461.18,0.0,9.67,4.4699
2025-03-25 20:00,20,-0.866,0.5,19.85,413.18,37.4,7.72,3.6336
2025-03-25 21:00,21,-0.7071,0.7071,18.04,457.73,0.0,5.85,3.9424
2025-03-25 22:00,22,-0.5,0.866,19.24,542.41,0.0,2.6,4.707
2025-03-25 23:00,23,-0.2588,0.9659,16.47,553.25,0.0,1.51,4.3502
2025-03-26 00:00,0,0.0,1.0,15.41,488.92,0.0,1.21,4.0061
2025-03-26 01:00,1,0.2588,0.9659,12.2,432.89,0.0,5.35,2.8054
2025-03-26 02:00,2,0.5,0.866,15.95,405.85,0.0,1.06,3.4479
2025-03-26 03:00,3,0.7071,0.7071,13.35,438.62,43.27,6.38,3.388
2025-03-26 04:00,4,0.866,0.5,15.89,493.8,0.0,6.14,3.449
2025-03-26 05:00,5,0.9659,0.2588,17.17,525.53,41.48,1.58,4.4056
2025-03-26 06:00,6,1.0,0.0,20.04,501.38,21.22,8.47,3.7792
2025-03-26 07:00,7,0.9659,-0.2588,17.48,449.62,229.9,4.72,3.6958
2025-03-26 08:00,8,0.866,-0.5,16.47,423.71,443.7,8.43,3.4671
2025-03-26 09:00,9,0.7071,-0.7071,22.83,451.25,601.38,8.38,3.8294
2025-03-26 10:00,10,0.5,-0.866,26.7,528.36,768.27,2.58,5.2249
2025-03-26 11:00,11,0.2588,-0.9659,27.1,548.79,835.21,3.81,5.2908
2025-03-26 12:00,12,0.0,-1.0,26.51,486.37,808.38,2.09,5.0444
2025-03-26 13:00,13,-0.2588,-0.9659,26.06,430.67,828.44,6.72,4.1656
2025-03-26 14:00,14,-0.5,-0.866,28.21,397.8,755.72,4.61,4.6801
2025-03-26 15:00,15,-0.7071,-0.7071,25.34,430.04,593.82,8.94,4.452
2025-03-26 16:00,16,-0.866,-0.5,26.91,513.32,428.16,2.66,5.2771
2025-03-26 17:00,17,-0.9659,-0.2588,26.0,556.62,204.67,5.94,5.4782
2025-03-26 18:00,18,-1.0,-0.0,25.59,525.3,0.0,11.71,4.5154
2025-03-26 19:00,19,-0.9659,0.2588,26.69,433.33,0.0,5.75,4.527
2025-03-26 20:00,20,-0.866,0.5,21.59,371.44,0.0,1.47,4.1529
2025-03-26 21:00,21,-0.7071,0.7071,18.68,430.26,16.73,5.18,3.7089
2025-03-26 22:00,22,-0.5,0.866,17.96,513.16,0.0,2.45,4.2807
2025-03-26 23:00,23,-0.2588,0.9659,14.1,568.34,0.0,0.97,4.8036
2025-03-27 00:00,0,0.0,1.0,14.76,503.98,0.0,3.51,4.0535
2025-03-27 01:00,1,0.2588,0.9659,14.59,445.19,0.0,3.06,3.2895
2025-03-27 02:00,2,0.5,0.866,14.21,404.35,0.0,6.86,3.0038
2025-03-27 03:00,3,0.7071,0.7071,15.43,438.16,10.1,3.76,3.6374
2025-03-27 04:00,4,0.866,0.5,14.57,526.46,0.0,6.32,3.9402
2025-03-27 05:00,5,0.9659,0.2588,18.44,540.09,28.31,0.7,4.7195
2025-03-27 06:00,6,1.0,0.0,18.0,503.87,0.0,0.67,4.8241
2025-03-27 07:00,7,0.9659,-0.2588,19.43,437.32,217.61,0.95,4.3513
2025-03-27 08:00,8,0.866,-0.5,20.51,390.4,425.09,2.74,3.5604
2025-03-27 09:00,9,0.7071,-0.7071,22.79,445.12,607.15,3.76,4.1754
2025-03-27 10:00,10,0.5,-0.866,25.24,501.8,737.05,5.32,4.5367
2025-03-27 11:00,11,0.2588,-0.9659,23.94,553.39,810.36,11.36,4.7513
2025-03-27 12:00,12,0.0,-1.0,25.21,511.0,858.58,3.64,4.8495
2025-03-27 13:00,13,-0.2588,-0.9659,26.34,440.72,832.69,1.32,4.7027
2025-03-27 14:00,14,-0.5,-0.866,24.98,393.1,716.99,2.56,4.7205
2025-03-27 15:00,15,-0.7071,-0.7071,25.57,432.41,611.7,8.31,4.4999
2025-03-27 16:00,16,-0.866,-0.5,25.48,513.94,454.79,6.03,5.6411
2025-03-27 17:00,17,-0.9659,-0.2588,26.55,553.03,237.64,6.87,5.4026
2025-03-27 18:00,18,-1.0,-0.0,24.39,512.44,23.31,2.0,5.5136
2025-03-27 19:00,19,-0.9659,0.2588,22.84,463.08,4.3,2.09,5.2538
2025-03-27 20:00,20,-0.866,0.5,22.28,385.14,0.0,1.9,4.0564
2025-03-27 21:00,21,-0.7071,0.7071,19.24,436.54,0.0,7.67,4.0893
2025-03-27 22:00,22,-0.5,0.866,18.59,488.9,8.0,2.67,4.0623
2025-03-27 23:00,23,-0.2588,0.9659,16.6,555.58,23.57,5.58,4.3437
2025-03-28 00:00,0,0.0,1.0,16.2,495.77,69.65,4.69,3.3484
2025-03-28 01:00,1,0.2588,0.9659,14.33,433.33,24.55,4.88,3.1827
2025-03-28 02:00,2,0.5,0.866,11.34,394.42,0.0,2.56,2.6573
2025-03-28 03:00,3,0.7071,0.7071,15.0,441.71,0.0,5.52,3.6557
2025-03-28 04:00,4,0.866,0.5,17.94,504.21,56.96,1.15,3.9865
2025-03-28 05:00,5,0.9659,0.2588,18.15,541.07,0.0,12.34,3.6413
2025-03-28 06:00,6,1.0,0.0,19.45,534.04,1.19,0.91,4.9726
2025-03-28 07:00,7,0.9659,-0.2588,21.3,441.77,195.99,1.25,4.2191
2025-03-28 08:00,8,0.866,-0.5,21.13,391.58,464.13,3.45,3.892
2025-03-28 09:00,9,0.7071,-0.7071,22.85,433.74,613.55,7.34,3.7267
2025-03-28 10:00,10,0.5,-0.866,23.07,537.18,716.76,3.0,4.7826
2025-03-28 11:00,11,0.2588,-0.9659,24.77,546.47,796.19,4.39,5.0582
2025-03-28 12:00,12,0.0,-1.0,27.12,502.16,857.68,0.74,4.9986
2025-03-28 13:00,13,-0.2588,-0.9659,28.6,432.04,822.14,1.58,5.0045
2025-03-28 14:00,14,-0.5,-0.866,26.79,391.76,756.92,5.32,4.5396
2025-03-28 15:00,15,-0.7071,-0.7071,26.12,428.58,614.71,2.56,4.9953
2025-03-28 16:00,16,-0.866,-0.5,26.2,493.31,418.39,5.99,5.3015
2025-03-28 17:00,17,-0.9659,-0.2588,26.14,533.14,206.4,6.82,5.0763
2025-03-28 18:00,18,-1.0,-0.0,21.83,500.06,0.0,7.58,4.8996
2025-03-28 19:00,19,-0.9659,0.2588,19.11,446.37,0.0,2.08,4.6585
2025-03-28 20:00,20,-0.866,0.5,20.17,394.28,0.0,4.29,4.3562
2025-03-28 21:00,21,-0.7071,0.7071,17.62,434.39,0.41,9.43,3.4657
2025-03-28 22:00,22,-0.5,0.866,17.24,531.55,0.0,6.69,3.743
2025-03-28 23:00,23,-0.2588,0.9659,16.54,569.43,15.77,1.94,4.3873
2025-03-29 00:00,0,0.0,1.0,15.12,508.27,0.0,4.6,3.6834
2025-03-29 01:00,1,0.2588,0.9659,17.38,428.04,0.0,8.79,2.6249
2025-03-29 02:00,2,0.5,0.866,15.49,387.03,0.0,4.19,3.2048
2025-03-29 03:00,3,0.7071,0.7071,15.66,447.89,6.06,7.41,2.8868
2025-03-29 04:00,4,0.866,0.5,16.74,509.43,2.08,4.55,4.057
2025-03-29 05:00,5,0.9659,0.2588,15.05,544.2,10.55,1.85,4.1979
2025-03-29 06:00,6,1.0,0.0,19.56,500.3,22.46,2.2,4.8371
2025-03-29 07:00,7,0.9659,-0.2588,19.33,425.96,252.62,1.2,4.0059
2025-03-29 08:00,8,0.866,-0.5,22.01,404.8,432.14,2.56,3.8945
2025-03-29 09:00,9,0.7071,-0.7071,20.95,417.77,574.31,8.23,3.7344
2025-03-29 10:00,10,0.5,-0.866,21.67,527.42,729.39,5.64,4.3803
2025-03-29 11:00,11,0.2588,-0.9659,26.47,541.99,795.93,6.37,5.1041
2025-03-29 12:00,12,0.0,-1.0,26.76,510.26,892.42,5.42,4.7866
2025-03-29 13:00,13,-0.2588,-0.9659,25.44,417.45,870.72,3.84,4.2999
2025-03-29 14:00,14,-0.5,-0.866,25.7,399.81,752.38,2.72,4.5327
2025-03-29 15:00,15,-0.7071,-0.7071,28.48,436.44,622.5,8.87,4.3771
2025-03-29 16:00,16,-0.866,-0.5,24.41,511.75,431.27,4.68,5.2296
2025-03-29 17:00,17,-0.9659,-0.2588,27.71,572.08,229.15,4.45,6.0247
2025-03-29 18:00,18,-1.0,-0.0,22.65,515.17,0.0,12.95,4.2727
2025-03-29 19:00,19,-0.9659,0.2588,23.51,425.58,0.0,3.83,4.9224
2025-03-29 20:00,20,-0.866,0.5,20.51,389.33,0.0,7.63,3.9661
2025-03-29 21:00,21,-0.7071,0.7071,20.35,446.43,7.03,7.75,3.5712
2025-03-29 22:00,22,-0.5,0.866,17.18,531.98,0.0,2.83,4.0901
2025-03-29 23:00,23,-0.2588,0.9659,16.51,554.23,48.67,1.74,4.6369
2025-03-30 00:00,0,0.0,1.0,15.87,522.83,22.92,10.6,3.6308
2025-03-30 01:00,1,0.2588,0.9659,13.7,446.65,7.11,4.1,3.4234
2025-03-30 02:00,2,0.5,0.866,16.11,421.29,0.0,0.5,3.2588
2025-03-30 03:00,3,0.7071,0.7071,14.43,408.26,41.9,4.57,3.4132
2025-03-30 04:00,4,0.866,0.5,15.46,522.51,0.0,5.4,3.7622
2025-03-30 05:00,5,0.9659,0.2588,15.27,564.76,8.29,6.73,4.2453
2025-03-30 06:00,6,1.0,0.0,14.16,492.42,1.06,9.31,3.702
2025-03-30 07:00,7,0.9659,-0.2588,19.16,424.21,209.89,8.64,3.8475
2025-03-30 08:00,8,0.866,-0.5,24.62,387.24,425.91,9.23,3.5667
2025-03-30 09:00,9,0.7071,-0.7071,23.73,426.57,551.99,0.99,4.5028
2025-03-30 10:00,10,0.5,-0.866,23.97,505.27,697.43,6.13,4.5606
2025-03-30 11:00,11,0.2588,-0.9659,24.85,553.64,829.78,2.78,4.959
2025-03-30 12:00,12,0.0,-1.0,26.23,525.49,889.2,2.51,4.707
2025-03-30 13:00,13,-0.2588,-0.9659,27.62,453.72,829.74,6.98,4.5977
2025-03-30 14:00,14,-0.5,-0.866,25.23,387.43,718.11,4.04,4.0991
2025-03-30 15:00,15,-0.7071,-0.7071,28.47,428.57,564.97,8.67,4.6917
2025-03-30 16:00,16,-0.866,-0.5,27.27,532.24,444.61,1.15,5.8504
2025-03-30 17:00,17,-0.9659,-0.2588,26.32,559.7,205.82,7.0,5.6539
2025-03-30 18:00,18,-1.0,-0.0,24.66,513.74,16.08,2.11,5.4309
2025-03-30 19:00,19,-0.9659,0.2588,22.58,444.6,9.75,2.42,5.072
2025-03-30 20:00,20,-0.866,0.5,22.01,399.55,11.96,4.43,4.2803
2025-03-30 21:00,21,-0.7071,0.7071,20.33,445.37,0.84,3.9,3.993
2025-03-30 22:00,22,-0.5,0.866,17.47,507.46,9.59,4.49,4.6312
2025-03-30 23:00,23,-0.2588,0.9659,15.9,554.03,0.0,9.23,3.88
2025-03-31 00:00,0,0.0,1.0,15.96,489.84,0.0,5.69,3.3986
2025-03-31 01:00,1,0.2588,0.9659,17.53,427.18,0.0,3.22,3.3257
2025-03-31 02:00,2,0.5,0.866,13.14,389.84,0.0,2.4,2.7208
2025-03-31 03:00,3,0.7071,0.7071,13.0,431.88,0.0,4.06,3.4692
2025-03-31 04:00,4,0.866,0.5,16.05,498.6,37.98,4.26,4.0556
2025-03-31 05:00,5,0.9659,0.2588,16.83,542.0,18.25,5.27,4.3918
2025-03-31 06:00,6,1.0,0.0,18.26,489.78,5.69,3.06,4.4548
2025-03-31 07:00,7,0.9659,-0.2588,19.81,445.73,201.65,6.64,4.1142
2025-03-31 08:00,8,0.866,-0.5,20.67,398.76,449.93,1.77,3.8628
2025-03-31 09:00,9,0.7071,-0.7071,24.79,411.92,598.06,4.99,4.1237
2025-03-31 10:00,10,0.5,-0.866,21.6,499.98,775.49,5.44,4.2039
2025-03-31 11:00,11,0.2588,-0.9659,24.0,555.05,796.51,2.65,5.1725
2025-03-31 12:00,12,0.0,-1.0,26.04,504.35,831.25,7.27,4.8205
2025-03-31 13:00,13,-0.2588,-0.9659,24.33,427.05,799.86,5.38,3.7604
2025-03-31 14:00,14,-0.5,-0.866,26.74,398.88,699.07,5.6,4.3251
2025-03-31 15:00,15,-0.7071,-0.7071,29.29,452.96,577.61,4.56,5.154
2025-03-31 16:00,16,-0.866,-0.5,26.23,490.95,427.58,8.53,4.9435
2025-03-31 17:00,17,-0.9659,-0.2588,25.59,558.25,202.19,5.98,5.5657
2025-03-31 18:00,18,-1.0,-0.0,22.11,500.5,0.0,3.81,5.4115
2025-03-31 19:00,19,-0.9659,0.2588,21.63,437.23,26.86,2.87,4.5664
2025-03-31 20:00,20,-0.866,0.5,20.44,399.47,0.0,1.49,4.0796
2025-03-31 21:00,21,-0.7071,0.7071,18.97,429.59,14.73,2.34,4.3853
2025-03-31 22:00,22,-0.5,0.866,19.92,497.15,0.78,12.2,3.9388
2025-03-31 23:00,23,-0.2588,0.9659,17.59,545.71,52.93,3.97,4.1865
2025-04-01 00:00,0,0.0,1.0,18.14,536.88,24.92,8.32,3.8589
2025-04-01 01:00,1,0.2588,0.9659,19.57,417.07,0.0,2.38,3.7678
2025-04-01 02:00,2,0.5,0.866,19.75,425.38,0.0,4.09,3.5279
2025-04-01 03:00,3,0.7071,0.7071,20.91,433.6,37.57,9.89,3.3106
2025-04-01 04:00,4,0.866,0.5,22.17,513.03,0.0,1.7,4.6284
2025-04-01 05:00,5,0.9659,0.2588,19.23,533.7,4.77,5.22,4.2898
2025-04-01 06:00,6,1.0,0.0,20.78,500.93,0.0,8.72,4.2519
2025-04-01 07:00,7,0.9659,-0.2588,21.56,429.96,211.42,9.51,3.4497
2025-04-01 08:00,8,0.866,-0.5,24.65,384.31,433.84,7.52,3.7229
2025-04-01 09:00,9,0.7071,-0.7071,27.25,434.37,605.78,7.66,4.1072
2025-04-01 10:00,10,0.5,-0.866,29.48,518.24,747.56,5.65,4.8985
2025-04-01 11:00,11,0.2588,-0.9659,29.13,586.79,824.51,2.74,5.4266
2025-04-01 12:00,12,0.0,-1.0,29.72,508.74,860.44,6.3,5.0463
2025-04-01 13:00,13,-0.2588,-0.9659,31.02,463.23,823.37,10.77,4.587
2025-04-01 14:00,14,-0.5,-0.866,29.75,417.7,719.64,4.75,4.6234
2025-04-01 15:00,15,-0.7071,-0.7071,33.93,468.88,601.14,3.02,5.2718
2025-04-01 16:00,16,-0.866,-0.5,27.78,522.8,407.14,5.08,5.2086
2025-04-01 17:00,17,-0.9659,-0.2588,29.52,556.18,200.49,5.96,5.8319
2025-04-01 18:00,18,-1.0,-0.0,31.04,499.4,0.0,2.66,5.9702
2025-04-01 19:00,19,-0.9659,0.2588,26.56,447.4,0.0,6.2,5.2191
2025-04-01 20:00,20,-0.866,0.5,24.71,383.25,0.88,5.18,4.1906
2025-04-01 21:00,21,-0.7071,0.7071,22.91,421.78,22.91,5.35,3.7747
2025-04-01 22:00,22,-0.5,0.866,21.73,522.82,0.0,3.32,4.6279
2025-04-01 23:00,23,-0.2588,0.9659,22.82,544.79,4.92,2.26,5.0455
2025-04-02 00:00,0,0.0,1.0,16.49,526.27,2.95,5.44,3.8098
2025-04-02 01:00,1,0.2588,0.9659,21.5,455.65,0.0,5.17,3.9759
2025-04-02 02:00,2,0.5,0.866,16.86,390.33,1.84,3.53,3.1969
2025-04-02 03:00,3,0.7071,0.7071,18.8,449.4,25.07,3.26,3.8194
2025-04-02 04:00,4,0.866,0.5,19.16,501.17,4.66,3.59,4.5012
2025-04-02 05:00,5,0.9659,0.2588,21.64,583.5,5.66,4.51,4.5014
2025-04-02 06:00,6,1.0,0.0,19.6,502.11,0.0,10.55,4.1275
2025-04-02 07:00,7,0.9659,-0.2588,24.14,452.89,269.22,6.6,4.0796
2025-04-02 08:00,8,0.866,-0.5,28.04,412.95,408.79,7.6,3.8625
2025-04-02 09:00,9,0.7071,-0.7071,24.51,442.24,559.35,4.62,4.2667
2025-04-02 10:00,10,0.5,-0.866,28.28,504.72,757.63,4.75,5.2068
2025-04-02 11:00,11,0.2588,-0.9659,28.25,549.73,818.17,2.63,5.6686
2025-04-02 12:00,12,0.0,-1.0,30.83,502.88,842.42,6.21,4.6756
2025-04-02 13:00,13,-0.2588,-0.9659,30.82,463.46,807.4,4.07,4.935
2025-04-02 14:00,14,-0.5,-0.866,30.04,421.55,782.91,6.41,4.8283
2025-04-02 15:00,15,-0.7071,-0.7071,31.53,467.72,609.91,3.99,5.3531
2025-04-02 16:00,16,-0.866,-0.5,32.9,507.12,438.74,1.86,5.9468
2025-04-02 17:00,17,-0.9659,-0.2588,28.96,538.67,224.06,2.4,5.6641
2025-04-02 18:00,18,-1.0,-0.0,29.08,509.92,6.75,7.11,5.3688
2025-04-02 19:00,19,-0.9659,0.2588,24.61,441.87,34.97,3.01,4.6259
2025-04-02 20:00,20,-0.866,0.5,23.57,404.34,0.0,3.05,4.0956
2025-04-02 21:00,21,-0.7071,0.7071,24.16,434.95,0.0,8.95,3.7624
2025-04-02 22:00,22,-0.5,0.866,24.23,522.03,21.7,5.69,4.4268
2025-04-02 23:00,23,-0.2588,0.9659,21.29,534.61,12.42,1.92,4.5038
2025-04-03 00:00,0,0.0,1.0,19.33,521.65,2.7,2.17,4.1648
2025-04-03 01:00,1,0.2588,0.9659,19.2,444.62,11.77,3.1,3.8896
2025-04-03 02:00,2,0.5,0.866,17.12,405.66,0.0,5.22,2.9694
2025-04-03 03:00,3,0.7071,0.7071,20.11,434.77,0.52,6.5,3.7437
2025-04-03 04:00,4,0.866,0.5,21.13,539.96,0.0,3.12,4.4398
2025-04-03 05:00,5,0.9659,0.2588,20.08,557.4,0.0,7.87,4.4508
2025-04-03 06:00,6,1.0,0.0,21.29,497.97,29.73,1.87,4.736
2025-04-03 07:00,7,0.9659,-0.2588,23.85,441.22,184.69,2.65,4.216
2025-04-03 08:00,8,0.866,-0.5,24.34,411.29,484.02,10.32,3.4676
2025-04-03 09:00,9,0.7071,-0.7071,26.45,428.68,622.97,2.09,4.3355
2025-04-03 10:00,10,0.5,-0.866,31.15,554.04,691.67,8.14,5.2492
2025-04-03 11:00,11,0.2588,-0.9659,28.87,562.71,815.43,6.07,5.2414
2025-04-03 12:00,12,0.0,-1.0,29.66,490.63,845.79,1.52,5.1259
2025-04-03 13:00,13,-0.2588,-0.9659,29.82,456.59,830.83,4.47,4.9529
2025-04-03 14:00,14,-0.5,-0.866,32.12,426.84,711.39,4.71,5.0725
2025-04-03 15:00,15,-0.7071,-0.7071,30.52,465.75,601.84,9.02,5.2861
2025-04-03 16:00,16,-0.866,-0.5,29.22,536.44,421.97,4.07,5.7841
2025-04-03 17:00,17,-0.9659,-0.2588,31.22,578.72,201.56,4.23,6.2595
2025-04-03 18:00,18,-1.0,-0.0,30.13,554.51,0.0,1.9,6.3498
2025-04-03 19:00,19,-0.9659,0.2588,25.65,434.82,22.97,5.55,4.5473
2025-04-03 20:00,20,-0.866,0.5,22.2,409.37,0.0,2.68,4.0592
2025-04-03 21:00,21,-0.7071,0.7071,24.96,449.57,11.95,1.56,4.6345
2025-04-03 22:00,22,-0.5,0.866,20.97,511.04,19.94,13.23,3.9984
2025-04-03 23:00,23,-0.2588,0.9659,21.94,561.68,0.0,3.08,5.0413
2025-04-04 00:00,0,0.0,1.0,16.85,503.58,1.31,2.14,3.6957
2025-04-04 01:00,1,0.2588,0.9659,20.54,431.16,29.09,6.03,3.5742
2025-04-04 02:00,2,0.5,0.866,17.18,380.31,0.0,7.22,2.4052
2025-04-04 03:00,3,0.7071,0.7071,20.3,441.12,0.0,1.42,3.9844
2025-04-04 04:00,4,0.866,0.5,19.83,517.38,0.0,1.84,4.4898
2025-04-04 05:00,5,0.9659,0.2588,19.33,567.69,29.13,1.69,4.4699
2025-04-04 06:00,6,1.0,0.0,21.39,524.37,32.31,1.21,5.0633
2025-04-04 07:00,7,0.9659,-0.2588,24.48,433.23,185.1,5.71,4.5014
2025-04-04 08:00,8,0.866,-0.5,25.16,382.33,450.16,5.18,3.807
2025-04-04 09:00,9,0.7071,-0.7071,27.43,443.99,621.51,5.73,4.3493
2025-04-04 10:00,10,0.5,-0.866,30.96,552.88,774.96,4.62,5.6246
2025-04-04 11:00,11,0.2588,-0.9659,26.9,561.33,830.66,7.17,4.8148
2025-04-04 12:00,12,0.0,-1.0,32.62,565.74,848.89,4.89,5.4572
2025-04-04 13:00,13,-0.2588,-0.9659,30.95,457.94,849.67,8.71,4.4986
2025-04-04 14:00,14,-0.5,-0.866,29.65,406.22,753.59,4.48,4.7022
2025-04-04 15:00,15,-0.7071,-0.7071,28.8,432.85,657.16,6.88,4.7089
2025-04-04 16:00,16,-0.866,-0.5,29.91,526.96,448.97,3.98,5.6175
2025-04-04 17:00,17,-0.9659,-0.2588,30.63,569.82,223.83,4.16,6.0855
2025-04-04 18:00,18,-1.0,-0.0,27.81,515.6,0.0,7.56,5.3433
2025-04-04 19:00,19,-0.9659,0.2588,28.82,442.12,0.0,1.86,5.1781
2025-04-04 20:00,20,-0.866,0.5,22.82,398.0,0.0,5.02,4.0397
2025-04-04 21:00,21,-0.7071,0.7071,23.43,425.85,0.0,6.26,3.962
2025-04-04 22:00,22,-0.5,0.866,20.12,526.62,23.15,6.48,3.9348
2025-04-04 23:00,23,-0.2588,0.9659,21.3,551.15,0.0,5.2,4.4849
2025-04-05 00:00,0,0.0,1.0,21.13,509.88,25.54,4.24,3.7941
2025-04-05 01:00,1,0.2588,0.9659,18.57,426.29,8.44,3.02,3.69
2025-04-05 02:00,2,0.5,0.866,15.09,380.02,0.0,8.52,2.5053
2025-04-05 03:00,3,0.7071,0.7071,19.5,457.12,2.19,3.74,3.7467
2025-04-05 04:00,4,0.866,0.5,20.46,520.82,11.8,6.97,3.9976
2025-04-05 05:00,5,0.9659,0.2588,21.36,525.64,3.48,0.99,4.7
2025-04-05 06:00,6,1.0,0.0,23.85,523.95,3.77,2.83,5.171
2025-04-05 07:00,7,0.9659,-0.2588,21.84,451.34,200.77,3.58,3.9823
2025-04-05 08:00,8,0.866,-0.5,26.02,401.87,414.18,5.8,3.6645
2025-04-05 09:00,9,0.7071,-0.7071,28.34,464.21,657.5,3.41,4.6637
2025-04-05 10:00,10,0.5,-0.866,25.33,515.75,766.83,1.13,4.9245
2025-04-05 11:00,11,0.2588,-0.9659,29.72,542.52,784.19,2.4,5.5701
2025-04-05 12:00,12,0.0,-1.0,29.44,529.5,790.83,3.01,5.6027
2025-04-05 13:00,13,-0.2588,-0.9659,30.67,462.56,822.94,2.42,4.9595
2025-04-05 14:00,14,-0.5,-0.866,31.52,419.12,758.46,2.63,5.1444
2025-04-05 15:00,15,-0.7071,-0.7071,30.06,462.62,588.04,6.66,4.8566
2025-04-05 16:00,16,-0.866,-0.5,29.18,496.95,450.54,4.01,5.5032
2025-04-05 17:00,17,-0.9659,-0.2588,29.29,575.21,221.49,3.96,5.8699
2025-04-05 18:00,18,-1.0,-0.0,26.37,499.33,0.0,10.14,5.0937
2025-04-05 19:00,19,-0.9659,0.2588,24.92,422.73,18.9,4.23,4.7155
2025-04-05 20:00,20,-0.866,0.5,26.02,398.29,0.0,8.91,3.8742
2025-04-05 21:00,21,-0.7071,0.7071,21.72,443.99,0.0,3.28,4.0799
2025-04-05 22:00,22,-0.5,0.866,23.0,514.96,16.75,3.93,4.7811
2025-04-05 23:00,23,-0.2588,0.9659,21.45,538.86,0.0,3.91,4.4666
2025-04-06 00:00,0,0.0,1.0,17.22,504.91,47.72,4.89,4.0476
2025-04-06 01:00,1,0.2588,0.9659,18.19,420.5,17.35,5.15,3.2016
2025-04-06 02:00,2,0.5,0.866,20.79,396.63,15.72,2.94,3.7275
2025-04-06 03:00,3,0.7071,0.7071,17.73,453.63,0.0,6.91,3.2169
2025-04-06 04:00,4,0.866,0.5,19.11,512.44,21.87,4.56,4.4017
2025-04-06 05:00,5,0.9659,0.2588,21.45,562.89,0.0,0.5,5.0677
2025-04-06 06:00,6,1.0,0.0,23.18,534.33,7.06,5.2,4.8422
2025-04-06 07:00,7,0.9659,-0.2588,23.07,428.68,197.09,6.96,3.7315
2025-04-06 08:00,8,0.866,-0.5,24.1,397.2,450.99,2.95,4.1635
2025-04-06 09:00,9,0.7071,-0.7071,28.69,475.56,608.31,1.08,5.1149
2025-04-06 10:00,10,0.5,-0.866,30.61,555.03,785.68,7.06,5.0616
2025-04-06 11:00,11,0.2588,-0.9659,30.71,546.6,880.84,10.64,4.4329
2025-04-06 12:00,12,0.0,-1.0,30.32,536.9,869.08,1.55,5.3605
2025-04-06 13:00,13,-0.2588,-0.9659,29.58,450.17,822.75,9.17,4.3072
2025-04-06 14:00,14,-0.5,-0.866,29.75,426.43,712.47,3.67,5.0266
2025-04-06 15:00,15,-0.7071,-0.7071,31.58,454.96,623.66,9.27,4.7751
2025-04-06 16:00,16,-0.866,-0.5,30.82,522.5,430.26,5.63,5.5621
2025-04-06 17:00,17,-0.9659,-0.2588,31.35,566.62,233.45,8.18,5.7431
2025-04-06 18:00,18,-1.0,-0.0,28.98,511.73,43.24,6.83,5.7978
2025-04-06 19:00,19,-0.9659,0.2588,24.3,449.73,0.0,0.93,5.1326
2025-04-06 20:00,20,-0.866,0.5,26.58,382.28,0.0,1.43,4.6266
2025-04-06 21:00,21,-0.7071,0.7071,21.95,428.16,0.0,4.75,4.0296
2025-04-06 22:00,22,-0.5,0.866,21.42,485.66,20.53,2.05,4.4803
2025-04-06 23:00,23,-0.2588,0.9659,21.13,565.11,13.87,4.32,4.4644
2025-04-07 00:00,0,0.0,1.0,22.8,531.57,0.0,9.67,4.1132
2025-04-07 01:00,1,0.2588,0.9659,23.87,432.59,18.91,3.25,3.6401
2025-04-07 02:00,2,0.5,0.866,19.91,395.53,0.0,4.51,3.4557
2025-04-07 03:00,3,0.7071,0.7071,18.93,444.3,0.0,3.83,3.5026
2025-04-07 04:00,4,0.866,0.5,20.61,534.62,0.0,5.48,4.4832
2025-04-07 05:00,5,0.9659,0.2588,22.09,556.13,0.0,2.55,5.2553
2025-04-07 06:00,6,1.0,0.0,21.52,502.04,22.25,3.02,4.6036
2025-04-07 07:00,7,0.9659,-0.2588,26.14,413.22,227.16,7.69,4.1914
2025-04-07 08:00,8,0.866,-0.5,25.35,383.27,469.14,7.1,3.8221
2025-04-07 09:00,9,0.7071,-0.7071,27.3,438.6,594.86,6.86,3.9369
2025-04-07 10:00,10,0.5,-0.866,29.0,510.66,733.07,6.68,4.8544
2025-04-07 11:00,11,0.2588,-0.9659,29.88,567.92,851.3,4.31,5.5531
2025-04-07 12:00,12,0.0,-1.0,31.45,531.84,847.73,6.28,5.4068
2025-04-07 13:00,13,-0.2588,-0.9659,29.87,436.59,858.39,3.85,4.8558
2025-04-07 14:00,14,-0.5,-0.866,30.16,399.64,749.64,1.79,4.9228
2025-04-07 15:00,15,-0.7071,-0.7071,29.15,470.1,542.22,3.89,5.3127
2025-04-07 16:00,16,-0.866,-0.5,30.86,548.68,454.44,2.29,6.0713
2025-04-07 17:00,17,-0.9659,-0.2588,30.41,595.25,242.81,3.87,6.0512
2025-04-07 18:00,18,-1.0,-0.0,28.69,526.09,23.78,3.27,5.8197
2025-04-07 19:00,19,-0.9659,0.2588,29.06,439.57,0.0,5.26,4.729
2025-04-07 20:00,20,-0.866,0.5,24.99,419.85,0.0,3.68,4.4638
2025-04-07 21:00,21,-0.7071,0.7071,24.45,437.0,0.0,6.08,4.142
2025-04-07 22:00,22,-0.5,0.866,20.36,515.81,0.0,4.66,4.3113
2025-04-07 23:00,23,-0.2588,0.9659,20.18,549.36,43.55,8.73,3.9279
2025-04-08 00:00,0,0.0,1.0,20.85,468.3,0.0,1.7,4.1743
2025-04-08 01:00,1,0.2588,0.9659,20.48,461.57,0.0,5.93,3.6074
2025-04-08 02:00,2,0.5,0.866,18.56,407.37,13.8,5.81,3.1044
2025-04-08 03:00,3,0.7071,0.7071,19.1,442.45,14.23,9.54,2.9224
2025-04-08 04:00,4,0.866,0.5,17.53,511.57,0.0,3.75,4.0319
2025-04-08 05:00,5,0.9659,0.2588,20.22,552.45,0.0,3.32,4.9098
2025-04-08 06:00,6,1.0,0.0,23.34,503.54,0.0,2.39,5.0255
2025-04-08 07:00,7,0.9659,-0.2588,24.31,446.75,230.0,3.05,4.4536
2025-04-08 08:00,8,0.866,-0.5,25.75,380.39,417.78,4.59,3.8635
2025-04-08 09:00,9,0.7071,-0.7071,26.63,440.29,601.43,7.42,4.257
2025-04-08 10:00,10,0.5,-0.866,28.01,521.01,684.16,3.18,5.0217
2025-04-08 11:00,11,0.2588,-0.9659,28.25,549.04,813.29,2.28,5.3691
2025-04-08 12:00,12,0.0,-1.0,31.24,544.02,877.88,3.1,5.4097
2025-04-08 13:00,13,-0.2588,-0.9659,31.43,450.05,856.27,1.79,5.3379
2025-04-08 14:00,14,-0.5,-0.866,31.74,415.42,754.09,8.89,4.7039
2025-04-08 15:00,15,-0.7071,-0.7071,30.01,457.1,567.65,7.9,4.9448
2025-04-08 16:00,16,-0.866,-0.5,26.97,522.68,456.49,3.34,5.9098
2025-04-08 17:00,17,-0.9659,-0.2588,30.89,544.98,238.1,2.93,6.1613
2025-04-08 18:00,18,-1.0,-0.0,27.28,520.33,0.0,8.45,5.4548
2025-04-08 19:00,19,-0.9659,0.2588,25.26,429.35,0.0,0.5,5.1326
2025-04-08 20:00,20,-0.866,0.5,26.04,397.11,23.84,5.27,4.0832
2025-04-08 21:00,21,-0.7071,0.7071,22.86,417.41,0.0,8.66,3.6674
2025-04-08 22:00,22,-0.5,0.866,23.59,499.73,8.65,4.64,4.5143
2025-04-08 23:00,23,-0.2588,0.9659,21.68,564.49,1.71,0.5,4.9795
2025-04-09 00:00,0,0.0,1.0,20.83,512.99,38.46,2.73,4.4035
2025-04-09 01:00,1,0.2588,0.9659,17.16,431.76,0.0,8.79,2.9327
2025-04-09 02:00,2,0.5,0.866,20.82,398.25,0.0,0.72,3.6768
2025-04-09 03:00,3,0.7071,0.7071,19.6,444.84,39.47,3.9,3.6623
2025-04-09 04:00,4,0.866,0.5,19.25,519.11,0.0,6.87,4.0347
2025-04-09 05:00,5,0.9659,0.2588,20.97,548.87,20.36,7.42,4.3762
2025-04-09 06:00,6,1.0,0.0,19.34,528.89,0.0,4.43,4.2819
2025-04-09 07:00,7,0.9659,-0.2588,24.06,452.06,194.93,2.83,4.001
2025-04-09 08:00,8,0.866,-0.5,23.46,406.2,425.03,5.26,3.7033
2025-04-09 09:00,9,0.7071,-0.7071,24.52,438.32,618.33,3.04,4.2095
2025-04-09 10:00,10,0.5,-0.866,25.72,522.36,769.96,2.99,4.7107
2025-04-09 11:00,11,0.2588,-0.9659,30.91,578.01,857.9,7.06,5.3551
2025-04-09 12:00,12,0.0,-1.0,29.25,538.43,842.63,2.25,5.7234
2025-04-09 13:00,13,-0.2588,-0.9659,33.1,491.76,796.36,0.5,5.8315
2025-04-09 14:00,14,-0.5,-0.866,30.2,402.3,728.15,3.52,4.8957
2025-04-09 15:00,15,-0.7071,-0.7071,28.23,423.09,571.5,4.52,5.0737
2025-04-09 16:00,16,-0.866,-0.5,28.52,506.15,419.57,6.08,5.2015
2025-04-09 17:00,17,-0.9659,-0.2588,31.1,589.41,211.45,6.78,6.0249
2025-04-09 18:00,18,-1.0,-0.0,27.77,488.86,18.19,5.74,5.5171
2025-04-09 19:00,19,-0.9659,0.2588,25.73,443.42,0.0,5.46,4.7344
2025-04-09 20:00,20,-0.866,0.5,25.24,405.44,0.0,5.76,4.2465
2025-04-09 21:00,21,-0.7071,0.7071,24.2,454.94,0.0,3.1,4.9564
2025-04-09 22:00,22,-0.5,0.866,23.68,515.21,29.68,3.82,4.6868
2025-04-09 23:00,23,-0.2588,0.9659,22.93,529.85,0.0,5.38,4.8302
2025-04-10 00:00,0,0.0,1.0,19.26,498.11,5.67,1.43,3.8654
2025-04-10 01:00,1,0.2588,0.9659,17.22,419.77,0.0,3.25,3.2825
2025-04-10 02:00,2,0.5,0.866,18.38,391.93,26.08,3.97,3.2851
2025-04-10 03:00,3,0.7071,0.7071,19.59,434.76,14.9,4.8,3.5579
2025-04-10 04:00,4,0.866,0.5,18.36,495.02,3.03,4.49,3.5653
2025-04-10 05:00,5,0.9659,0.2588,19.32,572.06,0.0,6.19,4.4911
2025-04-10 06:00,6,1.0,0.0,22.52,492.62,0.0,4.4,5.018
2025-04-10 07:00,7,0.9659,-0.2588,23.37,457.69,226.17,8.42,4.0437
2025-04-10 08:00,8,0.866,-0.5,25.05,417.78,438.26,3.8,4.2771
2025-04-10 09:00,9,0.7071,-0.7071,25.42,450.97,561.67,4.75,4.2559
2025-04-10 10:00,10,0.5,-0.866,27.65,502.09,705.28,0.5,5.2392
2025-04-10 11:00,11,0.2588,-0.9659,27.86,555.14,827.35,3.35,5.3458
2025-04-10 12:00,12,0.0,-1.0,31.53,521.59,858.48,7.81,5.3241
2025-04-10 13:00,13,-0.2588,-0.9659,32.35,485.95,796.27,3.5,5.5964
2025-04-10 14:00,14,-0.5,-0.866,28.23,400.74,721.77,2.97,4.8044
2025-04-10 15:00,15,-0.7071,-0.7071,29.4,442.57,555.13,4.87,5.0772
2025-04-10 16:00,16,-0.866,-0.5,27.95,494.14,459.43,1.57,5.2334
2025-04-10 17:00,17,-0.9659,-0.2588,28.27,514.98,187.5,4.79,5.3029
2025-04-10 18:00,18,-1.0,-0.0,27.87,496.92,13.56,3.31,5.6561
2025-04-10 19:00,19,-0.9659,0.2588,24.38,454.19,0.0,3.82,5.1147
2025-04-10 20:00,20,-0.866,0.5,23.62,393.96,32.24,6.89,4.306
2025-04-10 21:00,21,-0.7071,0.7071,21.94,434.96,0.0,5.73,3.9452
2025-04-10 22:00,22,-0.5,0.866,22.31,522.33,1.53,4.23,4.3298
2025-04-10 23:00,23,-0.2588,0.9659,20.86,577.09,0.0,5.11,4.8632
2025-04-11 00:00,0,0.0,1.0,18.72,532.38,0.0,6.64,3.8698
2025-04-11 01:00,1,0.2588,0.9659,19.47,422.91,14.91,6.44,2.9935
2025-04-11 02:00,2,0.5,0.866,18.18,370.86,0.0,2.49,3.0976
2025-04-11 03:00,3,0.7071,0.7071,18.8,472.89,0.0,3.29,3.7629
2025-04-11 04:00,4,0.866,0.5,22.31,546.53,25.28,3.6,4.8499
2025-04-11 05:00,5,0.9659,0.2588,22.77,552.83,18.67,2.51,5.0495
2025-04-11 06:00,6,1.0,0.0,20.05,493.44,0.0,0.61,4.518
2025-04-11 07:00,7,0.9659,-0.2588,24.69,451.95,180.28,2.4,4.818
2025-04-11 08:00,8,0.866,-0.5,26.22,398.38,437.74,7.07,3.8829
2025-04-11 09:00,9,0.7071,-0.7071,24.83,435.81,634.6,4.89,4.3741
2025-04-11 10:00,10,0.5,-0.866,29.23,535.74,719.57,3.56,5.5209
2025-04-11 11:00,11,0.2588,-0.9659,31.55,583.41,800.95,5.32,5.5794
2025-04-11 12:00,12,0.0,-1.0,28.51,498.81,836.88,6.38,5.0182
2025-04-11 13:00,13,-0.2588,-0.9659,29.42,443.98,835.33,3.64,4.8003
2025-04-11 14:00,14,-0.5,-0.866,32.53,446.13,766.83,4.36,5.3038
2025-04-11 15:00,15,-0.7071,-0.7071,31.2,470.78,570.05,1.42,5.6123
2025-04-11 16:00,16,-0.866,-0.5,31.02,540.62,387.54,5.24,6.0469
2025-04-11 17:00,17,-0.9659,-0.2588,29.75,578.03,278.5,3.65,6.4286
2025-04-11 18:00,18,-1.0,-0.0,28.59,511.76,0.0,4.15,5.8389
2025-04-11 19:00,19,-0.9659,0.2588,24.56,440.18,6.32,4.08,4.8165
2025-04-11 20:00,20,-0.866,0.5,26.57,349.37,0.0,5.5,4.0553
2025-04-11 21:00,21,-0.7071,0.7071,25.2,430.76,12.25,5.07,3.7363
2025-04-11 22:00,22,-0.5,0.866,21.66,523.96,24.0,4.07,4.447
2025-04-11 23:00,23,-0.2588,0.9659,20.69,544.14,7.49,0.72,4.9628
2025-04-12 00:00,0,0.0,1.0,17.51,505.51,43.52,5.42,4.0255
2025-04-12 01:00,1,0.2588,0.9659,19.98,421.88,0.0,8.0,3.0848
2025-04-12 02:00,2,0.5,0.866,19.86,415.05,0.0,6.66,3.2998
2025-04-12 03:00,3,0.7071,0.7071,19.11,445.73,5.79,10.99,3.088
2025-04-12 04:00,4,0.866,0.5,21.49,524.88,11.62,2.13,4.6611
2025-04-12 05:00,5,0.9659,0.2588,20.26,524.11,5.7,2.76,4.9789
2025-04-12 06:00,6,1.0,0.0,22.85,510.09,0.0,4.84,4.764
2025-04-12 07:00,7,0.9659,-0.2588,21.92,433.3,227.81,2.85,4.0327
2025-04-12 08:00,8,0.866,-0.5,24.96,395.79,415.65,1.03,4.2276
2025-04-12 09:00,9,0.7071,-0.7071,26.29,428.26,586.52,3.95,4.6051
2025-04-12 10:00,10,0.5,-0.866,28.34,510.01,736.93,3.2,4.763
2025-04-12 11:00,11,0.2588,-0.9659,28.69,568.25,797.0,3.04,5.4157
2025-04-12 12:00,12,0.0,-1.0,30.0,499.8,821.62,9.62,4.9151
2025-04-12 13:00,13,-0.2588,-0.9659,32.03,496.44,755.65,2.87,5.7784
2025-04-12 14:00,14,-0.5,-0.866,30.34,426.02,779.8,2.05,5.1388
2025-04-12 15:00,15,-0.7071,-0.7071,28.39,439.95,614.93,2.01,5.0126
2025-04-12 16:00,16,-0.866,-0.5,32.82,564.67,422.08,7.05,6.0507
2025-04-12 17:00,17,-0.9659,-0.2588,31.31,554.74,203.32,6.16,6.0456
2025-04-12 18:00,18,-1.0,-0.0,26.06,502.53,0.0,2.05,5.7464
2025-04-12 19:00,19,-0.9659,0.2588,27.59,435.68,0.0,2.74,5.0756
2025-04-12 20:00,20,-0.866,0.5,24.25,420.48,17.9,6.45,4.306
2025-04-12 21:00,21,-0.7071,0.7071,23.84,436.8,23.55,3.12,4.2374
2025-04-12 22:00,22,-0.5,0.866,22.44,519.25,16.06,10.99,4.5926
2025-04-12 23:00,23,-0.2588,0.9659,20.41,541.16,3.96,4.85,4.4654
2025-04-13 00:00,0,0.0,1.0,18.63,519.8,32.6,2.54,4.3278
2025-04-13 01:00,1,0.2588,0.9659,18.17,462.66,0.0,7.7,3.3637
2025-04-13 02:00,2,0.5,0.866,17.63,414.93,27.13,3.41,3.5152
2025-04-13 03:00,3,0.7071,0.7071,17.96,436.28,0.0,3.21,3.3266
2025-04-13 04:00,4,0.866,0.5,19.7,522.63,0.0,3.46,3.965
2025-04-13 05:00,5,0.9659,0.2588,19.68,558.66,0.0,6.65,4.4324
2025-04-13 06:00,6,1.0,0.0,23.02,520.1,0.0,2.4,5.2909
2025-04-13 07:00,7,0.9659,-0.2588,25.68,454.18,236.47,3.81,4.686
2025-04-13 08:00,8,0.866,-0.5,24.13,416.57,406.43,0.97,4.179
2025-04-13 09:00,9,0.7071,-0.7071,26.91,435.59,575.22,7.28,4.2744
2025-04-13 10:00,10,0.5,-0.866,28.75,528.12,753.96,3.55,5.0134
2025-04-13 11:00,11,0.2588,-0.9659,29.95,559.86,829.24,2.94,5.6185
2025-04-13 12:00,12,0.0,-1.0,30.31,517.13,874.06,5.12,5.2835
2025-04-13 13:00,13,-0.2588,-0.9659,31.91,464.73,833.85,6.08,5.1679
2025-04-13 14:00,14,-0.5,-0.866,31.72,428.64,717.29,7.12,4.4917
2025-04-13 15:00,15,-0.7071,-0.7071,28.94,420.09,602.94,3.6,4.6813
2025-04-13 16:00,16,-0.866,-0.5,31.5,553.4,428.13,7.11,5.7653
2025-04-13 17:00,17,-0.9659,-0.2588,30.57,529.08,197.02,4.35,5.6904
2025-04-13 18:00,18,-1.0,-0.0,26.86,553.22,0.0,1.8,5.8453
2025-04-13 19:00,19,-0.9659,0.2588,26.61,460.03,0.0,7.53,4.8875
2025-04-13 20:00,20,-0.866,0.5,26.02,396.08,50.91,4.9,4.1429
2025-04-13 21:00,21,-0.7071,0.7071,23.13,437.64,0.0,5.28,4.6967
2025-04-13 22:00,22,-0.5,0.866,23.61,517.04,30.82,9.16,4.1671
2025-04-13 23:00,23,-0.2588,0.9659,24.3,541.16,0.0,4.98,4.6087
2025-04-14 00:00,0,0.0,1.0,18.62,515.39,22.22,0.5,4.4135
2025-04-14 01:00,1,0.2588,0.9659,17.13,435.34,22.56,7.87,2.8311
2025-04-14 02:00,2,0.5,0.866,19.46,398.59,23.81,3.18,3.4738
2025-04-14 03:00,3,0.7071,0.7071,20.29,440.22,9.7,4.59,3.7055
2025-04-14 04:00,4,0.866,0.5,19.46,492.8,34.43,2.63,4.063
2025-04-14 05:00,5,0.9659,0.2588,22.94,550.59,9.46,3.26,4.8803
2025-04-14 06:00,6,1.0,0.0,19.99,514.95,42.84,5.92,4.4394
2025-04-14 07:00,7,0.9659,-0.2588,24.49,439.43,179.5,4.12,4.6052
2025-04-14 08:00,8,0.866,-0.5,24.09,396.76,433.71,5.46,4.3449
2025-04-14 09:00,9,0.7071,-0.7071,29.13,463.62,608.12,7.24,4.238
2025-04-14 10:00,10,0.5,-0.866,30.99,531.11,712.71,3.55,5.0799
2025-04-14 11:00,11,0.2588,-0.9659,28.09,554.15,835.53,5.04,5.2411
2025-04-14 12:00,12,0.0,-1.0,29.37,542.93,812.75,6.74,4.8215
2025-04-14 13:00,13,-0.2588,-0.9659,32.08,468.99,804.68,6.16,5.1759
2025-04-14 14:00,14,-0.5,-0.866,30.42,422.57,686.14,4.85,4.9153
2025-04-14 15:00,15,-0.7071,-0.7071,30.73,457.87,640.01,3.82,5.2991
2025-04-14 16:00,16,-0.866,-0.5,30.23,548.93,419.21,3.98,5.8601
2025-04-14 17:00,17,-0.9659,-0.2588,26.36,546.13,274.17,4.14,5.7349
2025-04-14 18:00,18,-1.0,-0.0,27.98,531.75,20.07,3.6,5.9341
2025-04-14 19:00,19,-0.9659,0.2588,25.52,435.95,11.2,6.03,4.7537
2025-04-14 20:00,20,-0.866,0.5,24.26,387.11,0.0,2.01,4.1662
2025-04-14 21:00,21,-0.7071,0.7071,25.61,447.69,0.0,10.18,4.1255
2025-04-14 22:00,22,-0.5,0.866,20.12,507.93,13.07,6.76,4.5761
2025-04-14 23:00,23,-0.2588,0.9659,21.98,559.31,0.0,3.27,4.8154
2025-04-15 00:00,0,0.0,1.0,19.39,471.56,0.0,1.15,4.1225
2025-04-15 01:00,1,0.2588,0.9659,18.78,437.58,0.0,6.13,3.7131
2025-04-15 02:00,2,0.5,0.866,20.19,393.11,0.0,6.33,3.0217
2025-04-15 03:00,3,0.7071,0.7071,19.71,421.55,45.52,10.01,3.2153
2025-04-15 04:00,4,0.866,0.5,20.66,504.2,55.33,2.98,4.1233
2025-04-15 05:00,5,0.9659,0.2588,22.21,541.39,5.12,1.62,5.0687
2025-04-15 06:00,6,1.0,0.0,21.5,511.78,3.72,8.64,4.4232
2025-04-15 07:00,7,0.9659,-0.2588,22.53,416.99,211.59,3.01,4.0227
2025-04-15 08:00,8,0.866,-0.5,23.37,404.74,401.64,6.22,3.7782
2025-04-15 09:00,9,0.7071,-0.7071,25.31,457.99,635.42,1.38,4.7909
2025-04-15 10:00,10,0.5,-0.866,32.42,552.1,782.96,6.58,4.8845
2025-04-15 11:00,11,0.2588,-0.9659,31.11,587.01,798.7,2.03,5.79
2025-04-15 12:00,12,0.0,-1.0,28.17,530.27,847.93,6.0,5.2254
2025-04-15 13:00,13,-0.2588,-0.9659,28.81,462.54,809.79,4.79,4.8437
2025-04-15 14:00,14,-0.5,-0.866,31.72,457.83,725.62,9.7,4.8158
2025-04-15 15:00,15,-0.7071,-0.7071,31.62,458.94,630.69,1.07,5.0947
2025-04-15 16:00,16,-0.866,-0.5,31.02,525.88,392.2,3.23,5.7352
2025-04-15 17:00,17,-0.9659,-0.2588,28.86,568.63,231.66,1.48,6.3605
2025-04-15 18:00,18,-1.0,-0.0,27.81,523.12,18.21,8.0,5.2968
2025-04-15 19:00,19,-0.9659,0.2588,27.04,449.14,0.0,5.22,4.702
2025-04-15 20:00,20,-0.866,0.5,25.13,428.34,22.33,4.81,4.729
2025-04-15 21:00,21,-0.7071,0.7071,20.12,437.67,3.69,2.06,4.4049
2025-04-15 22:00,22,-0.5,0.866,21.66,518.89,30.43,4.51,4.2998
2025-04-15 23:00,23,-0.2588,0.9659,19.48,535.29,0.0,3.92,4.4426
2025-04-16 00:00,0,0.0,1.0,20.07,544.53,0.0,3.39,4.2237
2025-04-16 01:00,1,0.2588,0.9659,23.68,432.45,0.0,6.69,3.5897
2025-04-16 02:00,2,0.5,0.866,19.55,395.38,0.0,1.38,3.5537
2025-04-16 03:00,3,0.7071,0.7071,18.73,432.3,0.0,5.61,3.2659
2025-04-16 04:00,4,0.866,0.5,21.19,502.83,0.0,7.24,4.1418
2025-04-16 05:00,5,0.9659,0.2588,21.48,539.06,23.71,8.48,4.4368
2025-04-16 06:00,6,1.0,0.0,22.63,504.64,0.0,6.44,4.5074
2025-04-16 07:00,7,0.9659,-0.2588,24.36,417.01,199.54,3.17,4.2991
2025-04-16 08:00,8,0.866,-0.5,28.08,388.9,445.44,5.27,3.7453
2025-04-16 09:00,9,0.7071,-0.7071,24.86,466.73,560.59,2.15,4.9207
2025-04-16 10:00,10,0.5,-0.866,28.71,529.22,684.34,1.94,5.3243
2025-04-16 11:00,11,0.2588,-0.9659,27.85,563.89,812.0,5.55,5.0692
2025-04-16 12:00,12,0.0,-1.0,31.03,554.39,813.81,7.59,5.3746
2025-04-16 13:00,13,-0.2588,-0.9659,29.42,476.35,785.79,1.45,5.4563
2025-04-16 14:00,14,-0.5,-0.866,30.37,392.42,750.46,1.84,4.954
2025-04-16 15:00,15,-0.7071,-0.7071,30.35,437.88,622.94,5.02,4.7872
2025-04-16 16:00,16,-0.866,-0.5,31.66,529.72,444.72,2.73,6.1006
2025-04-16 17:00,17,-0.9659,-0.2588,30.62,563.92,247.72,5.35,5.9796
2025-04-16 18:00,18,-1.0,-0.0,26.13,507.99,31.03,2.7,5.7324
2025-04-16 19:00,19,-0.9659,0.2588,26.64,430.8,0.0,1.94,4.9066
2025-04-16 20:00,20,-0.866,0.5,23.94,403.29,11.26,4.88,4.5008
2025-04-16 21:00,21,-0.7071,0.7071,21.56,438.03,0.0,7.74,4.0053
2025-04-16 22:00,22,-0.5,0.866,21.67,501.66,0.0,5.91,4.5742
2025-04-16 23:00,23,-0.2588,0.9659,20.29,517.37,14.01,7.19,3.7818
2025-04-17 00:00,0,0.0,1.0,23.44,497.61,0.0,3.06,4.0815
2025-04-17 01:00,1,0.2588,0.9659,19.85,429.26,0.0,8.1,3.2159
2025-04-17 02:00,2,0.5,0.866,16.93,396.29,15.84,3.78,3.4634
2025-04-17 03:00,3,0.7071,0.7071,18.36,420.55,12.19,7.61,3.5591
2025-04-17 04:00,4,0.866,0.5,21.34,505.14,3.42,4.39,4.0492
2025-04-17 05:00,5,0.9659,0.2588,23.89,533.04,0.0,3.07,4.8059
2025-04-17 06:00,6,1.0,0.0,19.62,510.61,18.6,3.02,4.5793
2025-04-17 07:00,7,0.9659,-0.2588,20.63,421.4,237.0,5.04,3.9829
2025-04-17 08:00,8,0.866,-0.5,27.81,387.27,427.13,1.58,4.4826
2025-04-17 09:00,9,0.7071,-0.7071,27.14,417.87,571.61,8.97,3.7257
2025-04-17 10:00,10,0.5,-0.866,26.7,510.2,725.49,3.1,4.9811
2025-04-17 11:00,11,0.2588,-0.9659,30.04,553.36,841.98,3.52,5.0381
2025-04-17 12:00,12,0.0,-1.0,26.24,526.1,883.18,2.83,5.3197
2025-04-17 13:00,13,-0.2588,-0.9659,30.8,465.99,812.87,0.5,5.2977
2025-04-17 14:00,14,-0.5,-0.866,31.49,426.89,729.88,5.97,4.6109
2025-04-17 15:00,15,-0.7071,-0.7071,32.18,458.99,597.0,5.2,5.331
2025-04-17 16:00,16,-0.866,-0.5,28.68,523.61,431.87,7.08,5.3444
2025-04-17 17:00,17,-0.9659,-0.2588,29.37,571.33,205.47,1.13,6.5799
2025-04-17 18:00,18,-1.0,-0.0,26.61,514.64,0.0,8.94,5.0916
2025-04-17 19:00,19,-0.9659,0.2588,26.94,461.56,29.82,3.49,5.5773
2025-04-17 20:00,20,-0.866,0.5,23.66,406.89,44.87,8.6,4.1535
2025-04-17 21:00,21,-0.7071,0.7071,22.83,451.2,0.0,1.85,4.829
2025-04-17 22:00,22,-0.5,0.866,20.51,514.5,0.0,6.42,4.1048
2025-04-17 23:00,23,-0.2588,0.9659,21.73,560.13,0.0,5.12,4.9772
2025-04-18 00:00,0,0.0,1.0,21.09,500.55,0.0,3.66,3.9518
2025-04-18 01:00,1,0.2588,0.9659,18.85,430.62,24.89,1.58,3.6326
2025-04-18 02:00,2,0.5,0.866,19.06,405.24,1.37,5.3,3.5178
2025-04-18 03:00,3,0.7071,0.7071,17.03,442.63,0.0,0.9,3.8461
2025-04-18 04:00,4,0.866,0.5,19.35,520.11,0.0,4.59,3.945
2025-04-18 05:00,5,0.9659,0.2588,20.68,566.51,21.64,5.3,4.8535
2025-04-18 06:00,6,1.0,0.0,25.93,491.13,14.99,6.32,4.6269
2025-04-18 07:00,7,0.9659,-0.2588,21.78,422.88,246.51,11.98,3.303
2025-04-18 08:00,8,0.866,-0.5,27.2,403.44,400.8,3.02,3.985
2025-04-18 09:00,9,0.7071,-0.7071,28.05,427.02,647.0,3.43,4.4812
2025-04-18 10:00,10,0.5,-0.866,28.42,566.53,692.53,3.55,5.4014
2025-04-18 11:00,11,0.2588,-0.9659,31.88,588.78,838.78,6.31,5.6021
2025-04-18 12:00,12,0.0,-1.0,30.75,533.36,802.26,9.01,4.7832
2025-04-18 13:00,13,-0.2588,-0.9659,31.38,456.8,801.28,10.53,4.5185
2025-04-18 14:00,14,-0.5,-0.866,30.92,416.16,775.15,9.39,4.5389
2025-04-18 15:00,15,-0.7071,-0.7071,32.63,475.0,621.82,8.0,5.5317
2025-04-18 16:00,16,-0.866,-0.5,31.84,544.91,411.34,11.93,5.3624
2025-04-18 17:00,17,-0.9659,-0.2588,28.3,545.58,207.03,3.78,6.1869
2025-04-18 18:00,18,-1.0,-0.0,26.02,508.4,2.52,9.47,5.3097
2025-04-18 19:00,19,-0.9659,0.2588,26.25,457.66,12.85,6.58,4.9
2025-04-18 20:00,20,-0.866,0.5,23.8,420.77,31.29,2.36,4.36
2025-04-18 21:00,21,-0.7071,0.7071,23.35,441.28,0.0,1.19,4.3947
2025-04-18 22:00,22,-0.5,0.866,23.86,492.38,0.0,2.7,4.7722
2025-04-18 23:00,23,-0.2588,0.9659,20.07,558.08,3.92,6.76,4.2742
2025-04-19 00:00,0,0.0,1.0,19.74,535.81,0.0,5.5,4.0783
2025-04-19 01:00,1,0.2588,0.9659,19.29,458.05,0.0,2.77,3.7782
2025-04-19 02:00,2,0.5,0.866,20.27,411.02,7.44,6.4,3.2446
2025-04-19 03:00,3,0.7071,0.7071,15.83,458.84,0.0,2.15,3.8633
2025-04-19 04:00,4,0.866,0.5,18.89,513.3,7.66,7.22,3.8143
2025-04-19 05:00,5,0.9659,0.2588,21.07,559.42,0.0,6.91,4.6671
2025-04-19 06:00,6,1.0,0.0,23.8,502.29,12.17,10.43,4.2849
2025-04-19 07:00,7,0.9659,-0.2588,22.71,441.88,187.07,2.22,4.0267
2025-04-19 08:00,8,0.866,-0.5,22.19,419.94,404.31,8.47,3.7446
2025-04-19 09:00,9,0.7071,-0.7071,27.48,428.66,594.97,3.55,3.8854
2025-04-19 10:00,10,0.5,-0.866,27.05,499.58,779.67,4.03,4.6121
2025-04-19 11:00,11,0.2588,-0.9659,27.46,551.46,840.66,4.37,5.3024
2025-04-19 12:00,12,0.0,-1.0,29.26,519.18,876.93,5.46,5.102
2025-04-19 13:00,13,-0.2588,-0.9659,30.52,467.39,856.46,12.6,4.0481
2025-04-19 14:00,14,-0.5,-0.866,30.09,409.94,826.19,5.26,4.383
2025-04-19 15:00,15,-0.7071,-0.7071,27.49,463.28,602.08,8.89,4.2057
2025-04-19 16:00,16,-0.866,-0.5,31.54,521.49,460.51,2.98,5.5842
2025-04-19 17:00,17,-0.9659,-0.2588,31.15,594.05,245.31,3.92,6.4423
2025-04-19 18:00,18,-1.0,-0.0,28.98,508.85,24.9,4.61,5.5607
2025-04-19 19:00,19,-0.9659,0.2588,24.85,410.56,44.36,3.43,4.7029
2025-04-19 20:00,20,-0.866,0.5,24.7,403.57,0.0,10.67,3.92
2025-04-19 21:00,21,-0.7071,0.7071,23.44,433.68,0.0,6.26,4.1717
2025-04-19 22:00,22,-0.5,0.866,22.9,495.86,7.99,4.44,4.679
2025-04-19 23:00,23,-0.2588,0.9659,21.76,524.78,0.0,6.49,4.2514
2025-04-20 00:00,0,0.0,1.0,18.7,512.37,7.96,4.37,4.2473
2025-04-20 01:00,1,0.2588,0.9659,19.33,452.14,39.07,0.72,3.3938
2025-04-20 02:00,2,0.5,0.866,19.69,408.77,0.0,4.87,3.5733
2025-04-20 03:00,3,0.7071,0.7071,21.39,438.35,0.0,5.45,3.3796
2025-04-20 04:00,4,0.866,0.5,20.86,519.68,4.36,10.96,3.5828
2025-04-20 05:00,5,0.9659,0.2588,21.94,549.59,0.0,1.12,4.7895
2025-04-20 06:00,6,1.0,0.0,22.13,491.05,0.0,4.66,4.6876
2025-04-20 07:00,7,0.9659,-0.2588,25.56,416.19,205.49,1.77,4.204
2025-04-20 08:00,8,0.866,-0.5,25.61,396.95,442.18,2.21,4.041
2025-04-20 09:00,9,0.7071,-0.7071,25.26,435.09,636.98,5.34,3.9542
2025-04-20 10:00,10,0.5,-0.866,30.11,542.11,707.26,2.82,5.4684
2025-04-20 11:00,11,0.2588,-0.9659,30.29,579.68,792.05,6.47,5.6052
2025-04-20 12:00,12,0.0,-1.0,29.53,533.83,850.76,4.67,5.6429
2025-04-20 13:00,13,-0.2588,-0.9659,30.08,449.91,769.15,2.73,5.58
2025-04-20 14:00,14,-0.5,-0.866,31.44,406.85,725.0,4.54,4.9639
2025-04-20 15:00,15,-0.7071,-0.7071,31.49,471.6,557.64,0.5,5.7724
2025-04-20 16:00,16,-0.866,-0.5,30.49,540.31,459.23,7.75,5.3107
2025-04-20 17:00,17,-0.9659,-0.2588,29.71,527.85,200.76,0.62,6.4945
2025-04-20 18:00,18,-1.0,-0.0,30.55,520.38,41.32,0.5,6.1736
2025-04-20 19:00,19,-0.9659,0.2588,28.16,428.42,27.84,5.35,4.7988
2025-04-20 20:00,20,-0.866,0.5,25.29,401.78,0.0,10.48,4.0331
2025-04-20 21:00,21,-0.7071,0.7071,24.86,425.45,0.0,7.66,3.9655
2025-04-20 22:00,22,-0.5,0.866,20.45,511.93,0.0,2.96,4.0824
2025-04-20 23:00,23,-0.2588,0.9659,21.35,546.84,0.0,2.57,4.8168
2025-04-21 00:00,0,0.0,1.0,22.52,510.11,8.65,5.46,4.4656
2025-04-21 01:00,1,0.2588,0.9659,18.88,426.75,0.0,7.23,3.366
2025-04-21 02:00,2,0.5,0.866,17.73,390.42,18.66,3.69,3.1826
2025-04-21 03:00,3,0.7071,0.7071,18.23,421.3,6.63,4.14,3.4324
2025-04-21 04:00,4,0.866,0.5,18.17,518.2,0.0,1.93,4.3435
2025-04-21 05:00,5,0.9659,0.2588,19.58,558.57,0.0,2.24,4.7907
2025-04-21 06:00,6,1.0,0.0,21.44,500.94,0.0,5.04,4.4524
2025-04-21 07:00,7,0.9659,-0.2588,21.34,460.31,199.57,1.81,4.4192
2025-04-21 08:00,8,0.866,-0.5,25.02,395.28,426.46,2.61,4.424
2025-04-21 09:00,9,0.7071,-0.7071,27.91,460.45,603.18,2.84,4.7864
2025-04-21 10:00,10,0.5,-0.866,26.64,502.87,742.66,4.21,4.836
2025-04-21 11:00,11,0.2588,-0.9659,31.52,547.77,865.19,1.19,5.7736
2025-04-21 12:00,12,0.0,-1.0,30.96,542.23,846.69,4.58,5.5852
2025-04-21 13:00,13,-0.2588,-0.9659,32.34,475.96,846.15,8.94,5.0415
2025-04-21 14:00,14,-0.5,-0.866,30.01,416.62,741.86,0.87,4.916
2025-04-21 15:00,15,-0.7071,-0.7071,32.08,460.49,595.08,5.49,5.1516
2025-04-21 16:00,16,-0.866,-0.5,28.56,516.45,422.02,7.39,5.1904
2025-04-21 17:00,17,-0.9659,-0.2588,30.58,562.96,218.53,3.37,6.3173
2025-04-21 18:00,18,-1.0,-0.0,28.26,510.03,6.99,2.07,5.9906
2025-04-21 19:00,19,-0.9659,0.2588,27.38,450.12,0.0,1.16,5.0392
2025-04-21 20:00,20,-0.866,0.5,23.24,402.76,0.0,5.59,4.284
2025-04-21 21:00,21,-0.7071,0.7071,22.1,446.65,16.36,4.93,4.524
2025-04-21 22:00,22,-0.5,0.866,22.9,509.02,22.45,2.81,4.618
2025-04-21 23:00,23,-0.2588,0.9659,19.33,544.87,18.64,7.34,4.2534
2025-04-22 00:00,0,0.0,1.0,20.5,495.2,3.87,6.34,4.0653
2025-04-22 01:00,1,0.2588,0.9659,17.15,431.95,19.18,3.13,3.2071
2025-04-22 02:00,2,0.5,0.866,20.27,350.18,17.84,6.51,2.899
2025-04-22 03:00,3,0.7071,0.7071,17.36,428.65,19.69,2.92,3.7563
2025-04-22 04:00,4,0.866,0.5,20.63,511.27,0.0,5.83,4.0009
2025-04-22 05:00,5,0.9659,0.2588,21.7,558.46,0.0,1.95,5.0766
2025-04-22 06:00,6,1.0,0.0,20.95,508.47,0.0,5.97,4.4191
2025-04-22 07:00,7,0.9659,-0.2588,24.32,442.72,219.56,2.87,4.2438
2025-04-22 08:00,8,0.866,-0.5,25.39,367.3,418.95,5.07,3.7607
2025-04-22 09:00,9,0.7071,-0.7071,25.74,436.65,554.12,2.39,4.3925
2025-04-22 10:00,10,0.5,-0.866,26.49,487.31,779.16,6.26,4.3351
2025-04-22 11:00,11,0.2588,-0.9659,26.3,531.88,814.19,1.38,5.2176
2025-04-22 12:00,12,0.0,-1.0,30.72,531.46,854.32,2.34,5.5431
2025-04-22 13:00,13,-0.2588,-0.9659,28.45,460.23,852.15,2.48,4.9624
2025-04-22 14:00,14,-0.5,-0.866,31.14,430.71,677.5,1.13,5.2233
2025-04-22 15:00,15,-0.7071,-0.7071,30.4,456.98,588.25,6.43,5.1071
2025-04-22 16:00,16,-0.866,-0.5,31.21,537.93,415.32,10.95,5.4972
2025-04-22 17:00,17,-0.9659,-0.2588,28.79,545.61,211.59,6.75,5.4706
2025-04-22 18:00,18,-1.0,-0.0,27.51,504.34,0.0,7.72,5.2986
2025-04-22 19:00,19,-0.9659,0.2588,27.65,443.91,36.18,0.5,4.885
2025-04-22 20:00,20,-0.866,0.5,25.5,379.22,16.84,1.95,4.4132
2025-04-22 21:00,21,-0.7071,0.7071,23.92,446.4,23.95,4.98,4.3752
2025-04-22 22:00,22,-0.5,0.866,22.7,506.67,1.18,10.74,4.1811
2025-04-22 23:00,23,-0.2588,0.9659,18.45,562.38,0.0,5.72,4.4229
2025-04-23 00:00,0,0.0,1.0,20.94,526.92,0.0,3.77,4.4559
2025-04-23 01:00,1,0.2588,0.9659,20.12,412.4,0.0,2.19,3.6291
2025-04-23 02:00,2,0.5,0.866,17.47,391.28,8.99,2.24,3.1585
2025-04-23 03:00,3,0.7071,0.7071,18.84,424.67,0.79,3.69,3.3047
2025-04-23 04:00,4,0.866,0.5,19.74,485.31,0.0,6.15,3.8236
2025-04-23 05:00,5,0.9659,0.2588,20.56,534.51,0.0,0.99,4.6075
2025-04-23 06:00,6,1.0,0.0,22.5,549.12,50.29,7.6,4.5648
2025-04-23 07:00,7,0.9659,-0.2588,25.59,446.64,199.42,9.27,3.9244
2025-04-23 08:00,8,0.866,-0.5,26.62,428.76,448.2,8.15,4.0678
2025-04-23 09:00,9,0.7071,-0.7071,24.58,449.94,601.09,8.6,4.0061
2025-04-23 10:00,10,0.5,-0.866,28.93,508.84,734.6,0.68,5.3539
2025-04-23 11:00,11,0.2588,-0.9659,31.24,570.16,850.45,10.73,5.1569
2025-04-23 12:00,12,0.0,-1.0,30.78,543.54,886.56,3.72,5.4354
2025-04-23 13:00,13,-0.2588,-0.9659,32.43,479.52,815.05,7.85,4.973
2025-04-23 14:00,14,-0.5,-0.866,34.02,439.49,756.1,2.5,5.4161
2025-04-23 15:00,15,-0.7071,-0.7071,32.33,449.5,610.14,4.23,5.7599
2025-04-23 16:00,16,-0.866,-0.5,30.57,582.38,425.19,1.17,6.1613
2025-04-23 17:00,17,-0.9659,-0.2588,30.81,570.36,225.1,1.11,6.3955
2025-04-23 18:00,18,-1.0,-0.0,28.22,509.35,0.0,9.32,5.065
2025-04-23 19:00,19,-0.9659,0.2588,26.59,439.2,0.0,7.09,4.7268
2025-04-23 20:00,20,-0.866,0.5,24.47,396.36,0.0,4.78,4.165
2025-04-23 21:00,21,-0.7071,0.7071,25.79,439.34,22.53,4.75,4.4069
2025-04-23 22:00,22,-0.5,0.866,20.77,531.8,0.0,6.46,4.4649
2025-04-23 23:00,23,-0.2588,0.9659,23.06,548.13,0.0,3.56,4.6413
2025-04-24 00:00,0,0.0,1.0,20.55,495.06,0.0,6.59,3.5507
2025-04-24 01:00,1,0.2588,0.9659,17.11,435.08,0.0,4.48,3.6932
2025-04-24 02:00,2,0.5,0.866,19.55,393.03,0.0,5.54,3.3594
2025-04-24 03:00,3,0.7071,0.7071,16.05,458.86,0.94,10.06,3.0756
2025-04-24 04:00,4,0.866,0.5,20.74,530.07,0.0,4.39,4.1756
2025-04-24 05:00,5,0.9659,0.2588,22.09,551.61,49.5,4.05,4.6951
2025-04-24 06:00,6,1.0,0.0,21.11,493.32,14.37,8.45,4.1964
2025-04-24 07:00,7,0.9659,-0.2588,23.63,419.11,233.26,8.39,3.9113
2025-04-24 08:00,8,0.866,-0.5,27.93,400.23,383.92,12.15,3.8229
2025-04-24 09:00,9,0.7071,-0.7071,25.79,442.54,591.92,4.92,4.5174
2025-04-24 10:00,10,0.5,-0.866,26.41,506.88,723.96,3.57,4.5475
2025-04-24 11:00,11,0.2588,-0.9659,31.47,570.52,801.38,2.88,5.666
2025-04-24 12:00,12,0.0,-1.0,33.14,544.73,830.0,1.02,6.0834
2025-04-24 13:00,13,-0.2588,-0.9659,30.8,459.56,775.83,6.26,4.748
2025-04-24 14:00,14,-0.5,-0.866,32.52,400.4,704.23,2.84,5.2513
2025-04-24 15:00,15,-0.7071,-0.7071,32.81,459.44,622.89,5.31,5.6298
2025-04-24 16:00,16,-0.866,-0.5,29.08,511.75,421.43,8.67,5.4978
2025-04-24 17:00,17,-0.9659,-0.2588,28.51,572.23,207.34,9.53,5.7822
2025-04-24 18:00,18,-1.0,-0.0,29.85,515.06,0.0,0.5,6.0102
2025-04-24 19:00,19,-0.9659,0.2588,29.08,448.85,29.18,3.4,5.2439
2025-04-24 20:00,20,-0.866,0.5,25.84,403.4,0.11,7.41,3.9603
2025-04-24 21:00,21,-0.7071,0.7071,22.13,456.97,13.51,4.82,4.172
2025-04-24 22:00,22,-0.5,0.866,24.98,531.44,0.0,7.06,4.4972
2025-04-24 23:00,23,-0.2588,0.9659,19.96,549.14,0.0,7.62,4.2675
2025-04-25 00:00,0,0.0,1.0,19.3,505.37,8.85,4.2,3.9889
2025-04-25 01:00,1,0.2588,0.9659,19.72,427.54,47.32,3.67,3.5778
2025-04-25 02:00,2,0.5,0.866,21.33,396.38,35.74,4.29,3.5502
2025-04-25 03:00,3,0.7071,0.7071,20.49,430.99,14.57,5.66,3.3628
2025-04-25 04:00,4,0.866,0.5,20.43,520.8,3.79,3.72,4.3521
2025-04-25 05:00,5,0.9659,0.2588,21.45,556.3,35.03,6.72,4.4027
2025-04-25 06:00,6,1.0,0.0,22.07,521.38,19.87,8.42,4.3955
2025-04-25 07:00,7,0.9659,-0.2588,24.28,456.39,162.65,3.17,4.6418
2025-04-25 08:00,8,0.866,-0.5,21.21,427.94,398.65,10.07,3.7486
2025-04-25 09:00,9,0.7071,-0.7071,26.11,439.37,609.49,5.43,4.3823
2025-04-25 10:00,10,0.5,-0.866,28.36,531.89,691.45,7.98,4.9607
2025-04-25 11:00,11,0.2588,-0.9659,27.52,544.73,798.6,1.82,5.1236
2025-04-25 12:00,12,0.0,-1.0,30.78,552.48,832.5,2.96,5.4284
2025-04-25 13:00,13,-0.2588,-0.9659,30.49,473.33,814.63,3.42,5.0078
2025-04-25 14:00,14,-0.5,-0.866,33.63,460.19,728.94,3.3,5.4666
2025-04-25 15:00,15,-0.7071,-0.7071,33.16,480.15,593.81,2.39,5.4142
2025-04-25 16:00,16,-0.866,-0.5,29.5,514.45,445.63,7.83,5.4056
2025-04-25 17:00,17,-0.9659,-0.2588,29.02,537.21,213.37,4.05,5.9128
2025-04-25 18:00,18,-1.0,-0.0,27.89,511.9,0.0,9.99,4.863
2025-04-25 19:00,19,-0.9659,0.2588,25.88,460.5,0.0,5.15,4.753
2025-04-25 20:00,20,-0.866,0.5,25.29,395.35,25.61,2.12,4.7223
2025-04-25 21:00,21,-0.7071,0.7071,22.31,449.28,0.0,4.89,4.4394
2025-04-25 22:00,22,-0.5,0.866,20.3,525.16,0.0,12.35,3.7516
2025-04-25 23:00,23,-0.2588,0.9659,21.69,545.74,5.33,5.02,4.3194
2025-04-26 00:00,0,0.0,1.0,20.75,532.25,0.0,0.5,4.1237
2025-04-26 01:00,1,0.2588,0.9659,18.0,393.87,0.0,9.04,3.1498
2025-04-26 02:00,2,0.5,0.866,20.34,381.66,6.46,2.85,3.3696
2025-04-26 03:00,3,0.7071,0.7071,18.26,423.77,0.0,5.94,3.6963
2025-04-26 04:00,4,0.866,0.5,20.18,500.2,57.79,4.68,4.0064
2025-04-26 05:00,5,0.9659,0.2588,21.99,555.04,0.0,3.45,4.85
2025-04-26 06:00,6,1.0,0.0,21.95,516.85,15.45,3.17,4.8983
2025-04-26 07:00,7,0.9659,-0.2588,24.13,443.41,171.45,8.94,4.2974
2025-04-26 08:00,8,0.866,-0.5,24.23,408.94,403.48,8.57,3.831
2025-04-26 09:00,9,0.7071,-0.7071,26.26,423.25,573.87,4.67,4.251
2025-04-26 10:00,10,0.5,-0.866,27.69,494.23,712.26,3.01,4.9523
2025-04-26 11:00,11,0.2588,-0.9659,28.12,556.93,831.43,1.81,5.278
2025-04-26 12:00,12,0.0,-1.0,29.93,518.49,875.89,2.27,5.3041
2025-04-26 13:00,13,-0.2588,-0.9659,28.47,417.72,829.65,4.73,4.5916
2025-04-26 14:00,14,-0.5,-0.866,30.26,432.68,730.46,3.34,5.2888
2025-04-26 15:00,15,-0.7071,-0.7071,30.37,477.37,585.27,1.14,5.5044
2025-04-26 16:00,16,-0.866,-0.5,29.81,550.35,452.84,4.29,6.057
2025-04-26 17:00,17,-0.9659,-0.2588,28.88,559.85,271.78,6.44,5.7368
2025-04-26 18:00,18,-1.0,-0.0,27.91,521.89,3.38,8.2,5.6945
2025-04-26 19:00,19,-0.9659,0.2588,27.27,458.05,23.48,5.16,5.1472
2025-04-26 20:00,20,-0.866,0.5,26.31,390.38,8.58,6.23,4.3751
2025-04-26 21:00,21,-0.7071,0.7071,22.47,454.16,18.89,3.7,4.6049
2025-04-26 22:00,22,-0.5,0.866,20.2,516.63,0.0,4.55,4.612
2025-04-26 23:00,23,-0.2588,0.9659,19.19,563.71,0.0,6.29,4.6148
2025-04-27 00:00,0,0.0,1.0,19.07,515.29,9.89,6.27,4.3873
2025-04-27 01:00,1,0.2588,0.9659,18.68,456.94,30.31,4.09,3.9617
2025-04-27 02:00,2,0.5,0.866,17.85,403.35,0.0,4.87,3.2989
2025-04-27 03:00,3,0.7071,0.7071,17.26,415.24,0.0,8.83,2.9004
2025-04-27 04:00,4,0.866,0.5,19.12,534.28,0.0,5.5,4.2743
2025-04-27 05:00,5,0.9659,0.2588,21.03,535.79,25.25,5.58,4.0401
2025-04-27 06:00,6,1.0,0.0,22.89,531.3,0.0,6.82,4.7785
2025-04-27 07:00,7,0.9659,-0.2588,22.61,436.15,190.57,1.92,4.1251
2025-04-27 08:00,8,0.866,-0.5,24.38,417.64,428.9,4.73,4.2805
2025-04-27 09:00,9,0.7071,-0.7071,25.16,454.52,598.14,9.85,4.3658
2025-04-27 10:00,10,0.5,-0.866,27.95,518.95,750.98,3.68,4.737
2025-04-27 11:00,11,0.2588,-0.9659,27.97,557.63,790.32,3.25,5.4093
2025-04-27 12:00,12,0.0,-1.0,31.06,543.29,841.88,5.27,5.2059
2025-04-27 13:00,13,-0.2588,-0.9659,28.12,408.23,850.92,2.75,4.2785
2025-04-27 14:00,14,-0.5,-0.866,30.46,421.46,706.3,4.96,4.8363
2025-04-27 15:00,15,-0.7071,-0.7071,31.25,446.74,637.96,2.26,5.432
2025-04-27 16:00,16,-0.866,-0.5,30.47,534.84,398.31,5.12,5.9331
2025-04-27 17:00,17,-0.9659,-0.2588,33.28,575.11,241.23,5.28,6.2662
2025-04-27 18:00,18,-1.0,-0.0,28.52,498.92,0.0,4.05,5.3181
2025-04-27 19:00,19,-0.9659,0.2588,25.05,461.57,0.0,3.82,5.0519
2025-04-27 20:00,20,-0.866,0.5,24.86,416.04,0.0,2.92,4.2898
2025-04-27 21:00,21,-0.7071,0.7071,20.78,437.44,13.62,3.49,3.9372
2025-04-27 22:00,22,-0.5,0.866,21.88,515.27,0.0,4.57,4.3373
2025-04-27 23:00,23,-0.2588,0.9659,19.51,546.28,27.96,2.93,4.7403
2025-04-28 00:00,0,0.0,1.0,21.18,521.05,35.89,6.8,4.1651
2025-04-28 01:00,1,0.2588,0.9659,18.38,427.36,0.0,6.11,3.3774
2025-04-28 02:00,2,0.5,0.866,18.82,414.91,0.0,3.08,3.3001
2025-04-28 03:00,3,0.7071,0.7071,18.25,433.7,0.0,1.76,3.6187
2025-04-28 04:00,4,0.866,0.5,22.41,506.2,0.0,0.5,4.3198
2025-04-28 05:00,5,0.9659,0.2588,20.28,550.33,27.61,5.24,4.7688
2025-04-28 06:00,6,1.0,0.0,24.75,503.63,14.01,2.68,5.2812
2025-04-28 07:00,7,0.9659,-0.2588,24.67,442.43,206.37,0.62,4.6926
2025-04-28 08:00,8,0.866,-0.5,25.72,391.94,424.72,3.67,4.2027
2025-04-28 09:00,9,0.7071,-0.7071,27.11,444.53,636.15,9.95,3.9413
2025-04-28 10:00,10,0.5,-0.866,28.59,535.47,783.82,5.95,4.6412
2025-04-28 11:00,11,0.2588,-0.9659,26.35,539.21,827.52,7.68,4.6624
2025-04-28 12:00,12,0.0,-1.0,29.78,524.76,783.52,2.17,5.4271
2025-04-28 13:00,13,-0.2588,-0.9659,32.06,476.93,828.47,1.52,5.3407
2025-04-28 14:00,14,-0.5,-0.866,30.93,416.88,759.49,0.59,5.0019
2025-04-28 15:00,15,-0.7071,-0.7071,28.69,449.97,606.66,9.71,4.6576
2025-04-28 16:00,16,-0.866,-0.5,30.12,537.77,443.16,3.29,5.6979
2025-04-28 17:00,17,-0.9659,-0.2588,31.8,596.64,228.92,4.31,6.8038
2025-04-28 18:00,18,-1.0,-0.0,29.87,518.37,0.0,3.9,5.5945
2025-04-28 19:00,19,-0.9659,0.2588,26.46,423.36,0.0,6.3,4.8591
2025-04-28 20:00,20,-0.866,0.5,26.43,395.39,0.0,3.35,4.4656
2025-04-28 21:00,21,-0.7071,0.7071,22.9,422.98,26.64,4.82,4.2355
2025-04-28 22:00,22,-0.5,0.866,19.44,520.97,0.0,12.81,3.9107
2025-04-28 23:00,23,-0.2588,0.9659,19.37,532.57,11.4,4.21,4.388
2025-04-29 00:00,0,0.0,1.0,22.15,547.5,7.59,4.92,4.2286
2025-04-29 01:00,1,0.2588,0.9659,18.79,456.94,39.65,4.6,3.5306
2025-04-29 02:00,2,0.5,0.866,18.63,400.19,0.0,7.01,3.106
2025-04-29 03:00,3,0.7071,0.7071,18.75,450.51,0.0,3.06,3.7576
2025-04-29 04:00,4,0.866,0.5,22.66,487.95,16.17,2.38,4.1286
2025-04-29 05:00,5,0.9659,0.2588,23.2,587.85,53.45,6.51,5.0457
2025-04-29 06:00,6,1.0,0.0,25.33,503.65,17.81,4.03,4.2724
2025-04-29 07:00,7,0.9659,-0.2588,23.21,435.69,200.3,8.61,3.808
2025-04-29 08:00,8,0.866,-0.5,25.44,372.16,397.95,5.59,3.614
2025-04-29 09:00,9,0.7071,-0.7071,24.28,444.79,577.22,5.01,4.2763
2025-04-29 10:00,10,0.5,-0.866,30.22,513.63,786.2,1.49,5.4584
2025-04-29 11:00,11,0.2588,-0.9659,27.49,551.52,812.85,6.3,4.817
2025-04-29 12:00,12,0.0,-1.0,30.52,524.51,833.43,5.92,5.6981
2025-04-29 13:00,13,-0.2588,-0.9659,29.15,430.53,817.08,5.56,4.6957
2025-04-29 14:00,14,-0.5,-0.866,30.12,404.87,728.2,3.07,4.9243
2025-04-29 15:00,15,-0.7071,-0.7071,29.54,453.2,640.23,9.42,4.4167
2025-04-29 16:00,16,-0.866,-0.5,29.28,503.55,399.64,3.43,5.627
2025-04-29 17:00,17,-0.9659,-0.2588,28.43,542.24,249.51,2.24,6.1479
2025-04-29 18:00,18,-1.0,-0.0,27.18,522.45,3.05,11.48,5.2018
2025-04-29 19:00,19,-0.9659,0.2588,27.8,476.54,30.18,6.44,5.0867
2025-04-29 20:00,20,-0.866,0.5,23.34,407.16,39.57,4.03,4.3037
2025-04-29 21:00,21,-0.7071,0.7071,23.78,423.74,2.12,9.12,3.6294
2025-04-29 22:00,22,-0.5,0.866,23.83,506.99,0.0,1.7,4.5389
2025-04-29 23:00,23,-0.2588,0.9659,19.99,550.47,1.65,1.67,4.9438
2025-04-30 00:00,0,0.0,1.0,18.73,507.26,0.0,5.89,4.1047
2025-04-30 01:00,1,0.2588,0.9659,18.86,451.05,0.0,2.43,3.9749
2025-04-30 02:00,2,0.5,0.866,20.77,403.26,38.81,8.68,2.8876
2025-04-30 03:00,3,0.7071,0.7071,19.5,451.12,6.14,7.45,3.4174
2025-04-30 04:00,4,0.866,0.5,19.01,507.78,0.0,3.33,4.434
2025-04-30 05:00,5,0.9659,0.2588,21.48,569.88,0.0,8.15,4.2599
2025-04-30 06:00,6,1.0,0.0,20.35,510.0,0.0,1.15,4.9744
2025-04-30 07:00,7,0.9659,-0.2588,24.47,422.93,239.26,4.91,3.9696
2025-04-30 08:00,8,0.866,-0.5,25.61,432.66,409.53,9.11,3.7481
2025-04-30 09:00,9,0.7071,-0.7071,26.09,410.13,589.67,7.65,3.9091
2025-04-30 10:00,10,0.5,-0.866,26.74,501.42,748.33,3.65,4.6246
2025-04-30 11:00,11,0.2588,-0.9659,27.91,540.59,808.14,2.47,4.9664
2025-04-30 12:00,12,0.0,-1.0,31.0,574.11,863.66,2.67,5.7988
2025-04-30 13:00,13,-0.2588,-0.9659,32.64,501.72,823.42,4.68,5.4865
2025-04-30 14:00,14,-0.5,-0.866,30.04,438.76,734.02,5.24,5.1344
2025-04-30 15:00,15,-0.7071,-0.7071,31.48,460.41,561.72,1.0,5.7062
2025-04-30 16:00,16,-0.866,-0.5,27.07,548.89,404.51,4.02,6.1367
2025-04-30 17:00,17,-0.9659,-0.2588,28.37,558.45,235.06,7.33,5.9595
2025-04-30 18:00,18,-1.0,-0.0,27.95,527.16,0.0,4.22,5.9324
2025-04-30 19:00,19,-0.9659,0.2588,25.19,440.2,30.13,2.37,5.0684
2025-04-30 20:00,20,-0.866,0.5,23.6,399.26,58.66,9.68,4.0795
2025-04-30 21:00,21,-0.7071,0.7071,22.45,433.72,16.41,3.06,3.8849
2025-04-30 22:00,22,-0.5,0.866,22.44,509.36,37.32,6.96,4.2159
2025-04-30 23:00,23,-0.2588,0.9659,20.48,559.13,18.02,2.55,4.3385
2025-05-01 00:00,0,0.0,1.0,20.45,518.01,0.0,4.08,4.3687
2025-05-01 01:00,1,0.2588,0.9659,20.02,437.03,5.0,4.52,3.4389
2025-05-01 02:00,2,0.5,0.866,22.09,422.64,50.33,4.58,4.1539
2025-05-01 03:00,3,0.7071,0.7071,23.89,393.0,0.0,4.69,3.451
2025-05-01 04:00,4,0.866,0.5,19.68,520.15,0.0,2.78,4.3698
2025-05-01 05:00,5,0.9659,0.2588,24.01,560.77,0.0,4.68,4.7783
2025-05-01 06:00,6,1.0,0.0,25.21,529.7,0.0,4.46,4.8206
2025-05-01 07:00,7,0.9659,-0.2588,29.53,448.76,194.91,2.66,4.5237
2025-05-01 08:00,8,0.866,-0.5,28.42,406.5,466.85,11.59,3.4152
2025-05-01 09:00,9,0.7071,-0.7071,31.13,477.31,606.45,7.79,4.1826
2025-05-01 10:00,10,0.5,-0.866,32.21,568.56,760.41,8.13,5.3656
2025-05-01 11:00,11,0.2588,-0.9659,30.05,561.87,813.57,5.92,5.2608
2025-05-01 12:00,12,0.0,-1.0,35.35,575.29,821.5,2.3,6.5137
2025-05-01 13:00,13,-0.2588,-0.9659,35.12,519.63,788.3,5.04,5.4056
2025-05-01 14:00,14,-0.5,-0.866,35.76,430.24,713.42,7.22,5.3496
2025-05-01 15:00,15,-0.7071,-0.7071,40.68,528.63,609.73,1.09,6.8285
2025-05-01 16:00,16,-0.866,-0.5,31.07,559.05,438.0,4.55,6.2275
2025-05-01 17:00,17,-0.9659,-0.2588,35.83,629.03,235.08,3.91,6.8902
2025-05-01 18:00,18,-1.0,-0.0,31.57,548.89,0.0,2.69,6.188
2025-05-01 19:00,19,-0.9659,0.2588,30.98,454.64,0.0,3.79,5.5965
2025-05-01 20:00,20,-0.866,0.5,28.93,394.23,0.0,11.14,3.9181
2025-05-01 21:00,21,-0.7071,0.7071,26.81,428.63,10.04,6.23,4.38
2025-05-01 22:00,22,-0.5,0.866,25.15,535.72,11.98,3.28,4.9381
2025-05-01 23:00,23,-0.2588,0.9659,25.25,540.57,0.0,5.3,4.5132
2025-05-02 00:00,0,0.0,1.0,21.53,514.02,24.2,2.93,4.3909
2025-05-02 01:00,1,0.2588,0.9659,24.33,426.19,58.47,5.34,3.804
2025-05-02 02:00,2,0.5,0.866,22.38,412.64,20.87,8.28,3.0723
2025-05-02 03:00,3,0.7071,0.7071,21.51,429.42,0.0,4.96,3.7163
2025-05-02 04:00,4,0.866,0.5,23.13,511.04,0.0,6.32,3.7852
2025-05-02 05:00,5,0.9659,0.2588,26.64,524.75,0.0,4.27,4.6073
2025-05-02 06:00,6,1.0,0.0,25.2,488.3,0.0,4.74,4.54
2025-05-02 07:00,7,0.9659,-0.2588,27.98,437.62,226.31,5.99,4.3959
2025-05-02 08:00,8,0.866,-0.5,27.9,380.12,396.54,7.11,4.0579
2025-05-02 09:00,9,0.7071,-0.7071,31.69,498.59,553.8,5.71,5.0191
2025-05-02 10:00,10,0.5,-0.866,33.03,521.8,741.61,10.71,4.9465
2025-05-02 11:00,11,0.2588,-0.9659,36.02,602.12,821.57,7.2,5.8242
2025-05-02 12:00,12,0.0,-1.0,33.93,560.21,835.72,6.74,5.6776
2025-05-02 13:00,13,-0.2588,-0.9659,35.8,494.41,788.97,7.51,5.4181
2025-05-02 14:00,14,-0.5,-0.866,35.15,440.61,743.37,3.16,5.2534
2025-05-02 15:00,15,-0.7071,-0.7071,36.74,493.05,576.29,4.14,5.7871
2025-05-02 16:00,16,-0.866,-0.5,33.12,538.58,421.53,5.01,6.0674
2025-05-02 17:00,17,-0.9659,-0.2588,34.36,596.58,264.12,4.33,6.8459
2025-05-02 18:00,18,-1.0,-0.0,31.71,571.44,16.28,7.54,6.2675
2025-05-02 19:00,19,-0.9659,0.2588,30.46,458.32,0.0,0.91,5.3234
2025-05-02 20:00,20,-0.866,0.5,29.14,426.84,0.0,2.66,4.7082
2025-05-02 21:00,21,-0.7071,0.7071,27.83,445.1,3.8,8.04,4.2567
2025-05-02 22:00,22,-0.5,0.866,25.83,529.21,0.0,1.36,5.1232
2025-05-02 23:00,23,-0.2588,0.9659,25.08,508.0,0.0,2.79,4.6708
2025-05-03 00:00,0,0.0,1.0,26.17,507.93,13.31,3.62,4.7831
2025-05-03 01:00,1,0.2588,0.9659,24.68,457.11,8.02,6.48,4.1037
2025-05-03 02:00,2,0.5,0.866,24.3,391.42,11.26,4.98,3.497
2025-05-03 03:00,3,0.7071,0.7071,22.52,463.94,6.58,9.67,3.4998
2025-05-03 04:00,4,0.866,0.5,22.47,534.76,0.0,2.8,4.7111
2025-05-03 05:00,5,0.9659,0.2588,26.19,542.96,0.0,7.89,4.8482
2025-05-03 06:00,6,1.0,0.0,27.31,504.95,12.9,3.17,5.079
2025-05-03 07:00,7,0.9659,-0.2588,29.66,435.54,258.24,2.92,4.5206
2025-05-03 08:00,8,0.866,-0.5,28.09,391.31,412.47,4.57,4.0181
2025-05-03 09:00,9,0.7071,-0.7071,30.21,436.68,575.52,1.49,4.5874
2025-05-03 10:00,10,0.5,-0.866,29.54,531.26,707.74,3.83,5.2766
2025-05-03 11:00,11,0.2588,-0.9659,32.65,565.39,799.37,3.65,5.8351
2025-05-03 12:00,12,0.0,-1.0,35.69,583.08,855.06,2.3,6.3073
2025-05-03 13:00,13,-0.2588,-0.9659,34.1,495.69,767.55,7.72,5.4917
2025-05-03 14:00,14,-0.5,-0.866,35.96,438.77,747.1,3.84,5.6332
2025-05-03 15:00,15,-0.7071,-0.7071,34.51,512.83,617.14,11.02,5.015
2025-05-03 16:00,16,-0.866,-0.5,34.68,573.66,380.05,8.34,6.1428
2025-05-03 17:00,17,-0.9659,-0.2588,31.52,589.41,195.52,2.56,6.5635
2025-05-03 18:00,18,-1.0,-0.0,32.13,534.14,1.99,4.61,6.0332
2025-05-03 19:00,19,-0.9659,0.2588,26.07,446.84,0.0,5.28,4.7191
2025-05-03 20:00,20,-0.866,0.5,28.72,422.65,12.99,7.19,4.8166
2025-05-03 21:00,21,-0.7071,0.7071,25.0,436.02,0.0,8.1,4.018
2025-05-03 22:00,22,-0.5,0.866,27.81,542.53,31.62,5.44,4.5282
2025-05-03 23:00,23,-0.2588,0.9659,25.92,550.66,0.0,1.04,5.1201
2025-05-04 00:00,0,0.0,1.0,24.5,529.61,0.0,4.46,4.478
2025-05-04 01:00,1,0.2588,0.9659,25.49,441.9,0.0,8.09,4.0557
2025-05-04 02:00,2,0.5,0.866,21.58,408.78,18.39,6.15,3.4457
2025-05-04 03:00,3,0.7071,0.7071,25.83,412.43,0.74,7.86,3.4954
2025-05-04 04:00,4,0.866,0.5,25.2,518.07,15.84,5.82,4.3811
2025-05-04 05:00,5,0.9659,0.2588,24.4,538.98,15.33,1.17,4.9483
2025-05-04 06:00,6,1.0,0.0,27.7,499.8,0.0,10.2,4.8891
2025-05-04 07:00,7,0.9659,-0.2588,25.79,463.66,191.49,8.7,4.3299
2025-05-04 08:00,8,0.866,-0.5,27.76,396.79,399.48,2.02,4.0795
2025-05-04 09:00,9,0.7071,-0.7071,29.64,435.57,580.64,1.9,4.6833
2025-05-04 10:00,10,0.5,-0.866,31.21,532.77,725.61,4.84,5.2474
2025-05-04 11:00,11,0.2588,-0.9659,31.66,559.76,846.02,6.54,5.1247
2025-05-04 12:00,12,0.0,-1.0,36.03,598.25,879.96,3.82,5.7799
2025-05-04 13:00,13,-0.2588,-0.9659,34.41,478.32,813.71,2.11,5.6585
2025-05-04 14:00,14,-0.5,-0.866,35.53,468.17,729.84,4.65,5.2968
2025-05-04 15:00,15,-0.7071,-0.7071,33.94,505.36,583.4,3.53,6.0565
2025-05-04 16:00,16,-0.866,-0.5,31.47,532.72,427.23,3.62,5.9105
2025-05-04 17:00,17,-0.9659,-0.2588,33.65,603.16,225.06,5.6,6.3362
2025-05-04 18:00,18,-1.0,-0.0,29.13,506.1,20.16,8.1,4.924
2025-05-04 19:00,19,-0.9659,0.2588,30.45,493.79,19.96,4.97,5.6936
2025-05-04 20:00,20,-0.866,0.5,26.95,414.05,0.0,5.93,4.5336
2025-05-04 21:00,21,-0.7071,0.7071,30.43,454.03,0.0,5.71,4.666
2025-05-04 22:00,22,-0.5,0.866,27.37,500.91,34.6,4.92,4.5313
2025-05-04 23:00,23,-0.2588,0.9659,24.92,548.29,0.0,3.36,5.1866
2025-05-05 00:00,0,0.0,1.0,25.7,507.4,28.48,3.79,4.261
2025-05-05 01:00,1,0.2588,0.9659,21.93,466.79,0.0,3.39,3.909
2025-05-05 02:00,2,0.5,0.866,23.82,381.62,4.37,8.69,3.2476
2025-05-05 03:00,3,0.7071,0.7071,23.5,439.52,0.0,7.28,3.9248
2025-05-05 04:00,4,0.866,0.5,24.2,512.22,0.0,5.12,4.35
2025-05-05 05:00,5,0.9659,0.2588,26.67,548.24,18.14,8.58,4.4791
2025-05-05 06:00,6,1.0,0.0,27.1,510.87,22.05,8.11,4.5915
2025-05-05 07:00,7,0.9659,-0.2588,27.88,435.76,220.66,8.91,4.2744
2025-05-05 08:00,8,0.866,-0.5,26.52,413.1,394.31,2.75,4.5673
2025-05-05 09:00,9,0.7071,-0.7071,29.11,455.54,602.14,6.18,4.2085
2025-05-05 10:00,10,0.5,-0.866,31.82,549.31,767.55,5.33,5.3346
2025-05-05 11:00,11,0.2588,-0.9659,33.38,547.55,864.61,6.33,5.0804
2025-05-05 12:00,12,0.0,-1.0,32.5,553.0,842.08,3.04,5.9118
2025-05-05 13:00,13,-0.2588,-0.9659,38.41,495.97,779.54,5.99,5.7233
2025-05-05 14:00,14,-0.5,-0.866,37.27,483.89,757.13,3.99,5.498
2025-05-05 15:00,15,-0.7071,-0.7071,35.7,521.21,594.14,7.37,6.0205
2025-05-05 16:00,16,-0.866,-0.5,34.3,549.04,448.58,6.93,5.9792
2025-05-05 17:00,17,-0.9659,-0.2588,32.92,585.47,227.02,2.68,6.536
2025-05-05 18:00,18,-1.0,-0.0,30.57,524.09,0.0,2.48,6.0167
2025-05-05 19:00,19,-0.9659,0.2588,30.67,477.38,1.46,6.19,5.2852
2025-05-05 20:00,20,-0.866,0.5,29.39,412.52,32.71,4.92,4.5753
2025-05-05 21:00,21,-0.7071,0.7071,25.58,463.42,0.0,4.96,4.4329
2025-05-05 22:00,22,-0.5,0.866,26.5,518.71,0.0,6.5,4.937
2025-05-05 23:00,23,-0.2588,0.9659,24.52,553.64,0.0,7.64,4.4574
2025-05-06 00:00,0,0.0,1.0,20.94,513.52,0.0,2.87,4.2222
2025-05-06 01:00,1,0.2588,0.9659,21.91,449.77,0.0,4.95,3.7293
2025-05-06 02:00,2,0.5,0.866,22.38,373.93,20.5,7.31,3.3689
2025-05-06 03:00,3,0.7071,0.7071,26.04,438.78,0.0,7.9,3.9618
2025-05-06 04:00,4,0.866,0.5,24.64,511.45,38.84,3.2,4.4367
2025-05-06 05:00,5,0.9659,0.2588,22.75,560.88,0.0,1.82,5.2442
2025-05-06 06:00,6,1.0,0.0,26.73,509.68,58.29,2.83,4.9609
2025-05-06 07:00,7,0.9659,-0.2588,25.13,421.92,263.13,9.38,3.5892
2025-05-06 08:00,8,0.866,-0.5,30.62,421.1,428.53,4.33,4.3878
2025-05-06 09:00,9,0.7071,-0.7071,29.85,436.03,559.85,4.05,4.8839
2025-05-06 10:00,10,0.5,-0.866,31.86,514.5,734.74,0.63,5.8966
2025-05-06 11:00,11,0.2588,-0.9659,35.23,618.76,811.37,1.26,6.4366
2025-05-06 12:00,12,0.0,-1.0,32.27,555.31,818.14,5.78,5.4431
2025-05-06 13:00,13,-0.2588,-0.9659,32.7,482.11,828.31,5.19,5.1887
2025-05-06 14:00,14,-0.5,-0.866,34.12,468.54,715.53,5.09,5.2059
2025-05-06 15:00,15,-0.7071,-0.7071,36.35,494.35,583.17,1.88,5.8816
2025-05-06 16:00,16,-0.866,-0.5,31.92,522.37,419.91,3.62,5.7347
2025-05-06 17:00,17,-0.9659,-0.2588,28.99,556.9,205.62,7.11,5.7475
2025-05-06 18:00,18,-1.0,-0.0,31.32,533.87,51.95,2.41,6.1323
2025-05-06 19:00,19,-0.9659,0.2588,31.38,451.91,0.0,8.05,4.9985
2025-05-06 20:00,20,-0.866,0.5,30.8,421.21,11.02,1.98,4.992
2025-05-06 21:00,21,-0.7071,0.7071,26.75,428.33,3.64,2.37,4.7695
2025-05-06 22:00,22,-0.5,0.866,25.38,484.96,8.82,4.43,4.5075
2025-05-06 23:00,23,-0.2588,0.9659,26.49,543.38,10.73,9.38,4.4334
2025-05-07 00:00,0,0.0,1.0,21.0,495.45,22.03,3.48,4.1105
2025-05-07 01:00,1,0.2588,0.9659,22.62,440.97,6.66,5.7,3.9867
2025-05-07 02:00,2,0.5,0.866,23.29,390.16,5.62,5.18,3.3197
2025-05-07 03:00,3,0.7071,0.7071,23.88,454.17,1.46,2.21,4.2485
2025-05-07 04:00,4,0.866,0.5,23.04,536.56,0.0,2.94,4.4932
2025-05-07 05:00,5,0.9659,0.2588,24.81,560.19,0.0,8.97,4.6516
2025-05-07 06:00,6,1.0,0.0,22.27,489.23,0.0,2.49,4.7399
2025-05-07 07:00,7,0.9659,-0.2588,26.46,460.08,226.03,5.99,4.5939
2025-05-07 08:00,8,0.866,-0.5,29.68,437.08,435.05,10.06,4.0153
2025-05-07 09:00,9,0.7071,-0.7071,29.08,446.42,605.55,1.96,4.5133
2025-05-07 10:00,10,0.5,-0.866,32.09,565.05,730.3,3.93,5.4183
2025-05-07 11:00,11,0.2588,-0.9659,33.91,589.03,819.61,2.77,6.1738
2025-05-07 12:00,12,0.0,-1.0,33.68,529.96,836.16,2.75,6.1028
2025-05-07 13:00,13,-0.2588,-0.9659,35.05,482.51,828.87,1.96,5.7662
2025-05-07 14:00,14,-0.5,-0.866,33.56,470.39,730.59,5.63,5.0266
2025-05-07 15:00,15,-0.7071,-0.7071,34.49,467.02,605.55,6.44,5.5114
2025-05-07 16:00,16,-0.866,-0.5,35.11,569.38,450.02,5.85,5.9817
2025-05-07 17:00,17,-0.9659,-0.2588,33.48,594.34,202.26,8.84,6.0761
2025-05-07 18:00,18,-1.0,-0.0,31.12,529.77,14.92,2.18,6.1651
2025-05-07 19:00,19,-0.9659,0.2588,30.89,453.96,0.83,3.41,5.4297
2025-05-07 20:00,20,-0.866,0.5,30.07,417.66,50.53,3.57,4.8198
2025-05-07 21:00,21,-0.7071,0.7071,24.37,429.07,0.0,2.83,4.3287
2025-05-07 22:00,22,-0.5,0.866,27.74,491.17,17.38,2.15,5.1079
2025-05-07 23:00,23,-0.2588,0.9659,24.25,553.23,0.38,4.49,4.6675
2025-05-08 00:00,0,0.0,1.0,24.44,528.6,0.0,7.38,4.5473
2025-05-08 01:00,1,0.2588,0.9659,25.0,450.54,0.0,9.67,3.3197
2025-05-08 02:00,2,0.5,0.866,20.94,387.85,22.01,2.05,3.523
2025-05-08 03:00,3,0.7071,0.7071,22.14,418.73,0.0,7.24,3.1777
2025-05-08 04:00,4,0.866,0.5,23.37,508.24,0.0,7.26,3.9908
2025-05-08 05:00,5,0.9659,0.2588,23.58,573.52,0.0,3.86,4.874
2025-05-08 06:00,6,1.0,0.0,28.6,527.0,0.0,1.88,5.6023
2025-05-08 07:00,7,0.9659,-0.2588,26.16,448.06,223.29,11.8,4.1111
2025-05-08 08:00,8,0.866,-0.5,28.17,414.68,463.78,5.68,4.3297
2025-05-08 09:00,9,0.7071,-0.7071,30.86,466.69,620.28,11.04,4.2823
2025-05-08 10:00,10,0.5,-0.866,30.2,531.88,774.54,4.47,5.1973
2025-05-08 11:00,11,0.2588,-0.9659,32.65,597.13,807.0,3.9,6.1392
2025-05-08 12:00,12,0.0,-1.0,34.67,557.69,846.42,2.93,6.0389
2025-05-08 13:00,13,-0.2588,-0.9659,34.3,466.65,794.93,11.15,4.8041
2025-05-08 14:00,14,-0.5,-0.866,34.86,465.72,719.02,2.97,5.8369
2025-05-08 15:00,15,-0.7071,-0.7071,34.0,504.08,577.87,0.85,6.1719
2025-05-08 16:00,16,-0.866,-0.5,31.92,527.12,392.33,4.66,5.9094
2025-05-08 17:00,17,-0.9659,-0.2588,33.73,608.13,254.14,3.78,6.4796
2025-05-08 18:00,18,-1.0,-0.0,34.63,590.77,0.0,3.03,6.572
2025-05-08 19:00,19,-0.9659,0.2588,30.58,458.11,34.25,5.52,5.1048
2025-05-08 20:00,20,-0.866,0.5,29.34,398.43,31.15,3.7,4.7429
2025-05-08 21:00,21,-0.7071,0.7071,28.49,443.23,12.49,3.95,4.8559
2025-05-08 22:00,22,-0.5,0.866,24.1,504.24,0.0,0.84,4.5898
2025-05-08 23:00,23,-0.2588,0.9659,27.31,540.75,0.0,5.19,4.4356
2025-05-09 00:00,0,0.0,1.0,24.11,519.0,0.0,1.98,4.4289
2025-05-09 01:00,1,0.2588,0.9659,25.65,413.44,15.63,2.7,3.8174
2025-05-09 02:00,2,0.5,0.866,21.9,378.34,0.08,6.18,3.4298
2025-05-09 03:00,3,0.7071,0.7071,25.93,437.79,0.0,3.37,4.0063
2025-05-09 04:00,4,0.866,0.5,24.97,512.17,28.71,2.32,4.668
2025-05-09 05:00,5,0.9659,0.2588,25.59,555.15,42.11,5.1,4.9234
2025-05-09 06:00,6,1.0,0.0,26.35,540.63,0.0,2.71,4.9835
2025-05-09 07:00,7,0.9659,-0.2588,27.07,439.07,222.73,3.09,4.7927
2025-05-09 08:00,8,0.866,-0.5,30.8,431.38,387.28,5.42,4.3903
2025-05-09 09:00,9,0.7071,-0.7071,30.76,444.97,590.68,6.38,4.8247
2025-05-09 10:00,10,0.5,-0.866,29.05,532.41,748.88,6.38,4.9541
2025-05-09 11:00,11,0.2588,-0.9659,31.57,570.64,829.91,4.46,5.5166
2025-05-09 12:00,12,0.0,-1.0,33.92,560.91,837.31,4.28,5.5606
2025-05-09 13:00,13,-0.2588,-0.9659,35.26,493.95,814.18,6.85,5.374
2025-05-09 14:00,14,-0.5,-0.866,34.92,470.82,724.94,2.55,6.0518
2025-05-09 15:00,15,-0.7071,-0.7071,36.62,486.84,594.08,2.23,6.0173
2025-05-09 16:00,16,-0.866,-0.5,31.27,504.41,435.58,5.75,5.6012
2025-05-09 17:00,17,-0.9659,-0.2588,33.46,590.46,170.81,3.99,6.3851
2025-05-09 18:00,18,-1.0,-0.0,29.27,529.71,0.0,6.12,5.856
2025-05-09 19:00,19,-0.9659,0.2588,31.69,469.32,8.75,2.99,5.5594
2025-05-09 20:00,20,-0.866,0.5,28.86,425.35,0.0,3.45,4.8357
2025-05-09 21:00,21,-0.7071,0.7071,28.08,444.67,0.0,8.29,4.4605
2025-05-09 22:00,22,-0.5,0.866,24.7,504.04,0.0,4.07,4.3085
2025-05-09 23:00,23,-0.2588,0.9659,26.68,515.12,0.0,5.2,4.6017
2025-05-10 00:00,0,0.0,1.0,25.37,508.94,0.15,1.85,4.4011
2025-05-10 01:00,1,0.2588,0.9659,24.08,452.92,3.23,2.44,4.0959
2025-05-10 02:00,2,0.5,0.866,22.81,394.12,0.0,1.05,3.5858
2025-05-10 03:00,3,0.7071,0.7071,24.07,437.92,16.32,4.09,3.749
2025-05-10 04:00,4,0.866,0.5,22.74,518.82,0.0,11.67,3.59
2025-05-10 05:00,5,0.9659,0.2588,26.04,534.77,48.32,7.91,4.7422
2025-05-10 06:00,6,1.0,0.0,28.47,525.64,0.0,5.51,4.8741
2025-05-10 07:00,7,0.9659,-0.2588,29.05,470.48,198.31,7.73,4.3748
2025-05-10 08:00,8,0.866,-0.5,27.91,397.41,419.93,5.22,4.4171
2025-05-10 09:00,9,0.7071,-0.7071,31.1,445.32,611.37,3.73,4.8246
2025-05-10 10:00,10,0.5,-0.866,30.06,527.98,687.35,2.4,4.9708
2025-05-10 11:00,11,0.2588,-0.9659,34.1,565.44,800.31,5.66,5.9228
2025-05-10 12:00,12,0.0,-1.0,34.87,572.53,864.78,2.55,6.3438
2025-05-10 13:00,13,-0.2588,-0.9659,31.99,476.21,797.33,4.04,5.5645
2025-05-10 14:00,14,-0.5,-0.866,33.26,467.19,770.37,7.27,5.2076
2025-05-10 15:00,15,-0.7071,-0.7071,34.37,485.56,589.69,2.05,5.5898
2025-05-10 16:00,16,-0.866,-0.5,33.74,564.59,402.52,2.04,6.3852
2025-05-10 17:00,17,-0.9659,-0.2588,31.43,564.51,235.25,2.77,5.9614
2025-05-10 18:00,18,-1.0,-0.0,32.58,543.82,40.19,4.93,5.8985
2025-05-10 19:00,19,-0.9659,0.2588,30.93,438.06,10.41,2.96,5.0606
2025-05-10 20:00,20,-0.866,0.5,28.71,402.75,31.51,4.6,4.4481
2025-05-10 21:00,21,-0.7071,0.7071,26.31,432.92,41.92,3.3,4.5414
2025-05-10 22:00,22,-0.5,0.866,27.57,516.99,0.0,4.62,4.7964
2025-05-10 23:00,23,-0.2588,0.9659,27.24,540.65,23.46,3.14,4.8504
2025-05-11 00:00,0,0.0,1.0,23.08,513.75,0.0,10.88,3.7986
2025-05-11 01:00,1,0.2588,0.9659,22.29,432.5,10.62,4.53,3.9868
2025-05-11 02:00,2,0.5,0.866,23.74,395.03,0.0,6.42,3.8227
2025-05-11 03:00,3,0.7071,0.7071,22.67,438.71,31.07,6.04,3.548
2025-05-11 04:00,4,0.866,0.5,23.59,513.11,29.31,4.52,4.4427
2025-05-11 05:00,5,0.9659,0.2588,25.87,561.42,14.24,2.87,4.9264
2025-05-11 06:00,6,1.0,0.0,23.14,510.69,7.46,4.65,4.8031
2025-05-11 07:00,7,0.9659,-0.2588,29.42,443.65,232.71,5.88,4.3557
2025-05-11 08:00,8,0.866,-0.5,29.11,406.16,426.54,4.32,4.1577
2025-05-11 09:00,9,0.7071,-0.7071,29.94,442.27,599.51,1.61,5.1944
2025-05-11 10:00,10,0.5,-0.866,31.87,538.03,772.19,0.74,5.3104
2025-05-11 11:00,11,0.2588,-0.9659,33.19,621.96,860.11,3.47,5.5606
2025-05-11 12:00,12,0.0,-1.0,31.6,527.6,846.46,2.22,5.7221
2025-05-11 13:00,13,-0.2588,-0.9659,37.04,505.62,826.98,8.46,5.3072
2025-05-11 14:00,14,-0.5,-0.866,35.06,450.68,738.16,2.42,5.3467
2025-05-11 15:00,15,-0.7071,-0.7071,35.46,493.47,560.75,3.89,6.3657
2025-05-11 16:00,16,-0.866,-0.5,35.62,568.52,416.59,6.14,6.3566
2025-05-11 17:00,17,-0.9659,-0.2588,31.71,583.88,259.99,7.15,6.0248
2025-05-11 18:00,18,-1.0,-0.0,32.71,524.53,0.0,4.43,5.8956
2025-05-11 19:00,19,-0.9659,0.2588,30.15,470.27,52.86,2.46,5.5223
2025-05-11 20:00,20,-0.866,0.5,30.27,427.65,29.3,3.09,4.5956
2025-05-11 21:00,21,-0.7071,0.7071,24.26,418.86,10.04,4.05,4.1704
2025-05-11 22:00,22,-0.5,0.866,25.85,478.46,14.02,3.7,4.5814
2025-05-11 23:00,23,-0.2588,0.9659,23.85,535.34,0.0,3.6,4.7444
2025-05-12 00:00,0,0.0,1.0,24.45,508.86,0.0,2.07,4.5402
2025-05-12 01:00,1,0.2588,0.9659,23.91,476.2,36.03,8.6,3.5922
2025-05-12 02:00,2,0.5,0.866,21.94,408.15,0.0,0.96,3.9597
2025-05-12 03:00,3,0.7071,0.7071,22.14,410.39,26.53,4.19,3.2386
2025-05-12 04:00,4,0.866,0.5,23.64,502.16,0.0,10.9,3.8058
2025-05-12 05:00,5,0.9659,0.2588,23.41,549.2,0.0,5.71,4.5685
2025-05-12 06:00,6,1.0,0.0,27.26,516.31,47.53,3.64,5.1669
2025-05-12 07:00,7,0.9659,-0.2588,26.89,417.78,219.7,2.19,4.3331
2025-05-12 08:00,8,0.866,-0.5,24.64,397.98,411.54,10.02,3.6555
2025-05-12 09:00,9,0.7071,-0.7071,29.99,442.66,635.11,0.65,4.899
2025-05-12 10:00,10,0.5,-0.866,30.44,515.48,767.27,5.88,4.6047
2025-05-12 11:00,11,0.2588,-0.9659,30.8,576.26,844.06,8.01,5.279
2025-05-12 12:00,12,0.0,-1.0,32.34,558.83,835.75,0.88,5.5832
2025-05-12 13:00,13,-0.2588,-0.9659,34.96,505.79,813.86,6.25,5.5076
2025-05-12 14:00,14,-0.5,-0.866,36.99,480.56,743.91,14.3,4.7397
2025-05-12 15:00,15,-0.7071,-0.7071,35.27,488.16,618.4,5.56,5.823
2025-05-12 16:00,16,-0.866,-0.5,33.29,565.51,412.29,4.03,6.178
2025-05-12 17:00,17,-0.9659,-0.2588,33.93,602.05,224.26,7.92,6.1131
2025-05-12 18:00,18,-1.0,-0.0,31.31,541.0,6.68,4.94,6.2529
2025-05-12 19:00,19,-0.9659,0.2588,29.51,440.41,32.17,6.47,4.7511
2025-05-12 20:00,20,-0.866,0.5,27.27,392.55,18.86,5.18,4.5714
2025-05-12 21:00,21,-0.7071,0.7071,24.82,438.61,0.0,1.09,4.7608
2025-05-12 22:00,22,-0.5,0.866,25.42,549.1,0.0,2.69,5.0329
2025-05-12 23:00,23,-0.2588,0.9659,24.99,554.52,0.0,1.58,4.7777
2025-05-13 00:00,0,0.0,1.0,23.66,503.33,14.2,1.85,4.735
2025-05-13 01:00,1,0.2588,0.9659,22.58,425.01,23.08,0.69,4.0315
2025-05-13 02:00,2,0.5,0.866,21.58,392.62,2.54,4.07,3.2643
2025-05-13 03:00,3,0.7071,0.7071,24.12,470.16,0.0,2.44,4.2795
2025-05-13 04:00,4,0.866,0.5,21.83,506.51,1.73,7.65,4.2237
2025-05-13 05:00,5,0.9659,0.2588,25.92,563.6,5.22,6.48,4.874
2025-05-13 06:00,6,1.0,0.0,24.5,506.86,0.0,5.07,4.7308
2025-05-13 07:00,7,0.9659,-0.2588,26.32,441.42,189.53,4.51,4.6072
2025-05-13 08:00,8,0.866,-0.5,26.8,411.88,373.75,2.99,4.663
2025-05-13 09:00,9,0.7071,-0.7071,29.8,443.33,632.72,4.41,4.5218
2025-05-13 10:00,10,0.5,-0.866,33.46,546.59,748.53,5.57,5.1286
2025-05-13 11:00,11,0.2588,-0.9659,34.02,623.01,830.1,6.79,5.6309
2025-05-13 12:00,12,0.0,-1.0,35.66,588.58,881.63,1.61,6.0783
2025-05-13 13:00,13,-0.2588,-0.9659,35.58,509.99,789.65,6.11,5.3518
2025-05-13 14:00,14,-0.5,-0.866,33.34,454.57,692.73,6.41,4.812
2025-05-13 15:00,15,-0.7071,-0.7071,34.3,494.79,610.65,4.98,5.9917
2025-05-13 16:00,16,-0.866,-0.5,33.03,582.97,432.33,2.7,6.4932
2025-05-13 17:00,17,-0.9659,-0.2588,35.24,608.57,176.71,4.84,6.5662
2025-05-13 18:00,18,-1.0,-0.0,30.2,538.8,8.99,4.6,5.9494
2025-05-13 19:00,19,-0.9659,0.2588,31.89,446.88,0.0,4.42,4.9418
2025-05-13 20:00,20,-0.866,0.5,30.34,406.34,0.0,4.32,4.9814
2025-05-13 21:00,21,-0.7071,0.7071,30.19,437.02,0.0,1.88,4.5296
2025-05-13 22:00,22,-0.5,0.866,25.39,531.61,0.0,2.47,5.1108
2025-05-13 23:00,23,-0.2588,0.9659,25.83,511.71,0.0,1.76,4.4393
2025-05-14 00:00,0,0.0,1.0,27.23,506.47,0.0,2.9,4.5748
2025-05-14 01:00,1,0.2588,0.9659,22.28,392.59,13.93,3.04,3.7877
2025-05-14 02:00,2,0.5,0.866,20.7,387.53,0.0,2.92,3.0953
2025-05-14 03:00,3,0.7071,0.7071,20.38,430.14,15.97,2.68,3.6854
2025-05-14 04:00,4,0.866,0.5,24.87,533.27,0.0,6.34,4.6021
2025-05-14 05:00,5,0.9659,0.2588,21.93,555.95,0.0,7.19,4.6087
2025-05-14 06:00,6,1.0,0.0,25.44,500.0,13.9,3.46,4.8156
2025-05-14 07:00,7,0.9659,-0.2588,28.1,454.31,212.27,3.32,4.7537
2025-05-14 08:00,8,0.866,-0.5,29.28,410.49,446.14,7.5,3.9555
2025-05-14 09:00,9,0.7071,-0.7071,31.19,463.59,555.93,5.44,5.1531
2025-05-14 10:00,10,0.5,-0.866,32.33,529.13,754.4,3.24,5.0626
2025-05-14 11:00,11,0.2588,-0.9659,35.16,592.44,805.06,6.15,6.0724
2025-05-14 12:00,12,0.0,-1.0,32.77,538.26,831.6,3.57,5.666
2025-05-14 13:00,13,-0.2588,-0.9659,33.78,484.44,845.81,5.17,5.3993
2025-05-14 14:00,14,-0.5,-0.866,33.84,447.9,765.17,12.19,4.7813
2025-05-14 15:00,15,-0.7071,-0.7071,36.04,524.99,626.91,3.3,6.1392
2025-05-14 16:00,16,-0.866,-0.5,35.55,578.65,475.97,8.98,5.8299
2025-05-14 17:00,17,-0.9659,-0.2588,33.92,556.74,251.67,3.42,6.227
2025-05-14 18:00,18,-1.0,-0.0,33.78,562.64,0.0,4.85,6.0235
2025-05-14 19:00,19,-0.9659,0.2588,28.79,422.04,3.54,4.32,4.8977
2025-05-14 20:00,20,-0.866,0.5,31.5,413.52,0.0,6.8,4.7442
2025-05-14 21:00,21,-0.7071,0.7071,29.73,439.17,50.73,1.38,5.0092
2025-05-14 22:00,22,-0.5,0.866,27.1,502.55,27.62,5.46,4.7495
2025-05-14 23:00,23,-0.2588,0.9659,27.43,529.37,0.0,6.58,4.3039
2025-05-15 00:00,0,0.0,1.0,21.32,515.55,21.95,4.4,4.1124
2025-05-15 01:00,1,0.2588,0.9659,22.42,416.34,0.0,1.83,3.6729
2025-05-15 02:00,2,0.5,0.866,21.9,405.35,6.26,2.91,3.3394
2025-05-15 03:00,3,0.7071,0.7071,24.29,471.05,0.0,5.87,3.8222
2025-05-15 04:00,4,0.866,0.5,22.23,492.56,0.0,8.26,3.9134
2025-05-15 05:00,5,0.9659,0.2588,25.89,545.73,19.61,4.07,5.183
2025-05-15 06:00,6,1.0,0.0,28.06,475.09,22.71,4.99,4.4844
2025-05-15 07:00,7,0.9659,-0.2588,28.49,436.91,231.43,2.8,4.3583
2025-05-15 08:00,8,0.866,-0.5,29.43,421.05,420.43,4.01,4.3241
2025-05-15 09:00,9,0.7071,-0.7071,29.07,456.88,569.38,3.52,4.7926
2025-05-15 10:00,10,0.5,-0.866,30.73,535.5,707.09,5.68,5.4433
2025-05-15 11:00,11,0.2588,-0.9659,35.12,620.28,796.8,11.24,5.6252
2025-05-15 12:00,12,0.0,-1.0,35.37,609.61,844.16,7.13,5.6713
2025-05-15 13:00,13,-0.2588,-0.9659,34.74,517.08,847.94,2.54,5.4904
2025-05-15 14:00,14,-0.5,-0.866,34.37,443.15,762.63,5.11,5.1955
2025-05-15 15:00,15,-0.7071,-0.7071,31.76,445.79,559.83,1.44,5.676
2025-05-15 16:00,16,-0.866,-0.5,32.59,543.13,407.67,2.93,6.4796
2025-05-15 17:00,17,-0.9659,-0.2588,36.11,600.67,201.99,2.39,6.5921
2025-05-15 18:00,18,-1.0,-0.0,30.08,535.9,0.0,3.52,6.0488
2025-05-15 19:00,19,-0.9659,0.2588,30.84,442.48,14.15,5.86,4.8779
2025-05-15 20:00,20,-0.866,0.5,30.51,419.0,0.0,4.58,4.6425
2025-05-15 21:00,21,-0.7071,0.7071,25.56,450.07,0.0,9.04,3.9922
2025-05-15 22:00,22,-0.5,0.866,26.28,510.99,33.65,2.69,4.8101
2025-05-15 23:00,23,-0.2588,0.9659,26.16,535.81,2.21,3.7,4.657
2025-05-16 00:00,0,0.0,1.0,23.82,530.12,0.0,3.48,5.0569
2025-05-16 01:00,1,0.2588,0.9659,27.51,409.32,14.3,2.85,3.8816
2025-05-16 02:00,2,0.5,0.866,20.5,395.08,26.47,12.28,2.9244
2025-05-16 03:00,3,0.7071,0.7071,24.79,436.88,7.41,3.85,3.8124
2025-05-16 04:00,4,0.866,0.5,23.54,512.74,17.23,9.24,4.4759
2025-05-16 05:00,5,0.9659,0.2588,25.92,552.71,0.0,3.87,5.0506
2025-05-16 06:00,6,1.0,0.0,26.66,521.66,0.0,2.63,5.2586
2025-05-16 07:00,7,0.9659,-0.2588,26.35,436.97,222.82,1.96,4.4103
2025-05-16 08:00,8,0.866,-0.5,29.34,405.23,406.17,7.65,4.2757
2025-05-16 09:00,9,0.7071,-0.7071,27.77,431.39,586.84,0.99,4.7213
2025-05-16 10:00,10,0.5,-0.866,32.9,542.57,770.57,10.04,4.9012
2025-05-16 11:00,11,0.2588,-0.9659,33.69,607.33,871.24,4.05,5.716
2025-05-16 12:00,12,0.0,-1.0,35.15,560.04,889.8,2.93,5.8473
2025-05-16 13:00,13,-0.2588,-0.9659,36.38,517.26,787.96,5.39,5.6245
2025-05-16 14:00,14,-0.5,-0.866,35.55,460.7,700.63,2.08,5.8101
2025-05-16 15:00,15,-0.7071,-0.7071,35.02,485.82,571.27,1.51,5.8651
2025-05-16 16:00,16,-0.866,-0.5,32.87,560.77,428.36,7.29,5.5119
2025-05-16 17:00,17,-0.9659,-0.2588,32.17,572.48,149.78,4.09,6.4714
2025-05-16 18:00,18,-1.0,-0.0,33.78,568.31,0.0,4.7,6.6201
2025-05-16 19:00,19,-0.9659,0.2588,32.71,478.35,35.18,2.43,5.327
2025-05-16 20:00,20,-0.866,0.5,28.64,396.2,24.56,1.38,5.1374
2025-05-16 21:00,21,-0.7071,0.7071,27.52,445.43,0.0,3.72,4.9542
2025-05-16 22:00,22,-0.5,0.866,24.64,520.7,0.0,4.62,4.6072
2025-05-16 23:00,23,-0.2588,0.9659,26.52,567.36,14.18,6.62,4.6008
2025-05-17 00:00,0,0.0,1.0,24.8,526.99,23.38,4.59,4.7018
2025-05-17 01:00,1,0.2588,0.9659,26.12,444.87,0.0,6.79,3.564
2025-05-17 02:00,2,0.5,0.866,21.68,383.09,0.0,1.93,3.3933
2025-05-17 03:00,3,0.7071,0.7071,22.64,474.23,0.0,1.41,3.9818
2025-05-17 04:00,4,0.866,0.5,24.15,491.45,0.0,2.29,4.4708
2025-05-17 05:00,5,0.9659,0.2588,25.73,564.24,0.0,6.69,5.127
2025-05-17 06:00,6,1.0,0.0,25.68,518.97,0.0,6.56,4.7947
2025-05-17 07:00,7,0.9659,-0.2588,26.14,419.89,188.48,2.15,4.6339
2025-05-17 08:00,8,0.866,-0.5,30.32,416.71,441.15,0.98,4.6044
2025-05-17 09:00,9,0.7071,-0.7071,31.63,465.4,613.12,5.91,4.7256
2025-05-17 10:00,10,0.5,-0.866,30.63,553.09,753.51,7.65,4.8609
2025-05-17 11:00,11,0.2588,-0.9659,35.28,597.51,801.84,6.51,5.8362
2025-05-17 12:00,12,0.0,-1.0,35.95,572.18,800.41,2.62,5.993
2025-05-17 13:00,13,-0.2588,-0.9659,35.0,458.43,832.72,5.15,5.1663
2025-05-17 14:00,14,-0.5,-0.866,35.12,482.98,719.52,6.55,5.3513
2025-05-17 15:00,15,-0.7071,-0.7071,35.63,482.46,578.77,2.99,5.744
2025-05-17 16:00,16,-0.866,-0.5,32.9,556.63,393.57,4.76,6.5211
2025-05-17 17:00,17,-0.9659,-0.2588,33.29,590.78,213.11,3.38,6.8631
2025-05-17 18:00,18,-1.0,-0.0,28.77,517.2,39.43,2.78,6.1177
2025-05-17 19:00,19,-0.9659,0.2588,31.87,480.59,0.0,10.28,5.4328
2025-05-17 20:00,20,-0.866,0.5,26.66,425.07,0.0,8.59,4.6129
2025-05-17 21:00,21,-0.7071,0.7071,29.7,454.89,16.3,4.22,4.8067
2025-05-17 22:00,22,-0.5,0.866,25.5,522.33,4.32,2.11,4.954
2025-05-17 23:00,23,-0.2588,0.9659,24.44,554.93,0.0,6.27,4.7089
2025-05-18 00:00,0,0.0,1.0,22.86,527.76,16.56,2.99,4.4649
2025-05-18 01:00,1,0.2588,0.9659,22.77,430.56,53.21,2.36,3.6114
2025-05-18 02:00,2,0.5,0.866,25.13,416.13,0.0,3.81,3.8631
2025-05-18 03:00,3,0.7071,0.7071,19.47,454.16,0.0,4.78,3.3609
2025-05-18 04:00,4,0.866,0.5,25.72,528.74,0.0,1.76,4.8694
2025-05-18 05:00,5,0.9659,0.2588,25.26,540.1,0.0,5.06,4.5744
2025-05-18 06:00,6,1.0,0.0,24.19,509.97,24.76,0.68,4.9705
2025-05-18 07:00,7,0.9659,-0.2588,25.83,441.09,222.63,8.2,4.0943
2025-05-18 08:00,8,0.866,-0.5,31.51,407.55,459.8,8.76,4.013
2025-05-18 09:00,9,0.7071,-0.7071,29.13,470.5,621.8,6.32,4.2206
2025-05-18 10:00,10,0.5,-0.866,30.27,530.48,778.68,4.36,4.9213
2025-05-18 11:00,11,0.2588,-0.9659,34.95,609.85,850.04,2.98,6.2184
2025-05-18 12:00,12,0.0,-1.0,34.7,557.48,839.93,6.42,5.5331
2025-05-18 13:00,13,-0.2588,-0.9659,33.39,460.71,822.71,9.01,4.9498
2025-05-18 14:00,14,-0.5,-0.866,35.32,449.54,714.4,2.29,5.5225
2025-05-18 15:00,15,-0.7071,-0.7071,33.26,482.84,595.27,4.36,5.5071
2025-05-18 16:00,16,-0.866,-0.5,35.85,585.38,426.55,3.38,6.5969
2025-05-18 17:00,17,-0.9659,-0.2588,34.83,607.1,217.87,3.65,6.5462
2025-05-18 18:00,18,-1.0,-0.0,32.8,556.08,33.56,3.97,6.3224
2025-05-18 19:00,19,-0.9659,0.2588,31.1,457.21,0.0,9.58,4.8465
2025-05-18 20:00,20,-0.866,0.5,31.64,436.58,0.0,3.01,5.6273
2025-05-18 21:00,21,-0.7071,0.7071,27.45,459.74,0.0,4.53,4.4751
2025-05-18 22:00,22,-0.5,0.866,24.23,523.07,16.38,9.57,4.2631
2025-05-18 23:00,23,-0.2588,0.9659,25.43,562.14,0.0,4.42,4.843
2025-05-19 00:00,0,0.0,1.0,26.93,516.91,0.0,7.76,4.0716
2025-05-19 01:00,1,0.2588,0.9659,21.68,414.95,33.19,1.35,3.897
2025-05-19 02:00,2,0.5,0.866,22.46,384.33,7.31,9.62,2.9108
2025-05-19 03:00,3,0.7071,0.7071,23.83,444.32,0.0,2.51,3.567
2025-05-19 04:00,4,0.866,0.5,23.72,512.34,0.0,10.87,4.0727
2025-05-19 05:00,5,0.9659,0.2588,23.28,556.6,0.0,2.42,4.8315
2025-05-19 06:00,6,1.0,0.0,27.68,537.65,0.0,4.22,5.1147
2025-05-19 07:00,7,0.9659,-0.2588,30.93,471.81,215.12,3.34,5.0664
2025-05-19 08:00,8,0.866,-0.5,29.29,429.24,431.78,4.14,4.3929
2025-05-19 09:00,9,0.7071,-0.7071,29.2,448.49,624.74,2.95,4.5863
2025-05-19 10:00,10,0.5,-0.866,29.68,513.8,738.44,10.08,5.1245
2025-05-19 11:00,11,0.2588,-0.9659,33.63,594.17,854.86,3.32,5.4858
2025-05-19 12:00,12,0.0,-1.0,35.85,563.24,890.13,5.66,5.495
2025-05-19 13:00,13,-0.2588,-0.9659,35.51,520.94,840.92,2.11,5.6292
2025-05-19 14:00,14,-0.5,-0.866,35.0,467.83,766.75,7.25,5.5454
2025-05-19 15:00,15,-0.7071,-0.7071,33.91,492.6,576.27,4.86,5.5022
2025-05-19 16:00,16,-0.866,-0.5,32.56,567.5,396.27,10.84,5.7377
2025-05-19 17:00,17,-0.9659,-0.2588,34.49,571.66,232.95,4.08,6.2904
2025-05-19 18:00,18,-1.0,-0.0,33.37,564.29,0.0,2.56,6.592
2025-05-19 19:00,19,-0.9659,0.2588,28.23,419.71,0.0,3.58,4.9658
2025-05-19 20:00,20,-0.866,0.5,31.38,426.97,19.28,6.36,4.8215
2025-05-19 21:00,21,-0.7071,0.7071,28.31,435.29,35.33,5.71,4.7275
2025-05-19 22:00,22,-0.5,0.866,28.1,523.22,0.0,6.75,4.8851
2025-05-19 23:00,23,-0.2588,0.9659,22.74,553.42,0.0,1.52,4.76
2025-05-20 00:00,0,0.0,1.0,21.76,532.68,8.01,5.13,4.3836
2025-05-20 01:00,1,0.2588,0.9659,22.98,428.47,0.0,9.02,3.8614
2025-05-20 02:00,2,0.5,0.866,23.75,410.64,0.0,1.86,3.9457
2025-05-20 03:00,3,0.7071,0.7071,25.9,439.93,0.0,1.73,4.2276
2025-05-20 04:00,4,0.866,0.5,24.86,487.97,0.0,6.18,3.9244
2025-05-20 05:00,5,0.9659,0.2588,24.39,536.22,2.21,3.38,4.9648
2025-05-20 06:00,6,1.0,0.0,24.46,510.25,0.0,5.7,4.8301
2025-05-20 07:00,7,0.9659,-0.2588,29.29,464.52,201.82,4.88,4.7479
2025-05-20 08:00,8,0.866,-0.5,27.55,406.96,406.32,11.37,3.7277
2025-05-20 09:00,9,0.7071,-0.7071,33.0,459.95,560.54,8.16,5.2092
2025-05-20 10:00,10,0.5,-0.866,31.57,538.98,744.67,5.86,5.3879
2025-05-20 11:00,11,0.2588,-0.9659,35.63,641.3,843.4,3.03,6.6206
2025-05-20 12:00,12,0.0,-1.0,35.21,571.88,869.91,3.03,6.0021
2025-05-20 13:00,13,-0.2588,-0.9659,34.59,485.31,814.47,8.04,5.1226
2025-05-20 14:00,14,-0.5,-0.866,34.22,457.14,715.85,5.16,5.4122
2025-05-20 15:00,15,-0.7071,-0.7071,34.28,499.22,619.65,6.86,5.4717
2025-05-20 16:00,16,-0.866,-0.5,34.84,560.37,440.97,4.25,6.2157
2025-05-20 17:00,17,-0.9659,-0.2588,33.36,600.41,225.43,1.81,6.772
2025-05-20 18:00,18,-1.0,-0.0,31.11,532.44,43.61,3.5,5.9113
2025-05-20 19:00,19,-0.9659,0.2588,30.3,466.73,0.0,2.31,5.5334
2025-05-20 20:00,20,-0.866,0.5,29.12,411.49,0.0,6.79,4.5407
2025-05-20 21:00,21,-0.7071,0.7071,24.25,444.73,0.0,6.04,4.4945
2025-05-20 22:00,22,-0.5,0.866,26.69,501.11,0.0,1.67,4.8294
2025-05-20 23:00,23,-0.2588,0.9659,23.29,537.68,16.53,5.42,4.1282
2025-05-21 00:00,0,0.0,1.0,22.07,526.68,0.0,7.92,4.0392
2025-05-21 01:00,1,0.2588,0.9659,20.67,436.31,12.75,6.01,3.5805
2025-05-21 02:00,2,0.5,0.866,20.31,404.28,46.05,4.65,3.5179
2025-05-21 03:00,3,0.7071,0.7071,21.17,432.9,0.0,3.36,3.6076
2025-05-21 04:00,4,0.866,0.5,22.74,525.98,0.0,8.12,4.2768
2025-05-21 05:00,5,0.9659,0.2588,27.69,540.88,12.03,4.08,5.2116
2025-05-21 06:00,6,1.0,0.0,25.21,510.47,4.17,7.65,4.7017
2025-05-21 07:00,7,0.9659,-0.2588,27.71,449.29,201.68,6.8,4.1915
2025-05-21 08:00,8,0.866,-0.5,29.6,430.4,434.93,7.16,4.1255
2025-05-21 09:00,9,0.7071,-0.7071,30.75,451.64,620.69,11.78,4.2039
2025-05-21 10:00,10,0.5,-0.866,31.88,572.97,712.46,6.46,5.7678
2025-05-21 11:00,11,0.2588,-0.9659,31.45,582.3,813.5,1.02,5.9305
2025-05-21 12:00,12,0.0,-1.0,36.37,563.84,886.92,2.64,5.9844
2025-05-21 13:00,13,-0.2588,-0.9659,37.51,519.09,803.0,1.04,5.804
2025-05-21 14:00,14,-0.5,-0.866,32.48,430.06,737.79,2.52,5.1085
2025-05-21 15:00,15,-0.7071,-0.7071,33.26,486.09,535.43,1.38,5.7131
2025-05-21 16:00,16,-0.866,-0.5,33.78,558.07,387.95,4.59,6.1858
2025-05-21 17:00,17,-0.9659,-0.2588,31.8,581.48,223.93,0.93,6.2298
2025-05-21 18:00,18,-1.0,-0.0,32.76,536.9,30.7,4.4,6.0223
2025-05-21 19:00,19,-0.9659,0.2588,29.46,464.03,0.0,8.32,4.7682
2025-05-21 20:00,20,-0.866,0.5,32.25,416.64,1.86,6.46,4.9558
2025-05-21 21:00,21,-0.7071,0.7071,29.23,430.73,0.0,9.34,4.0911
2025-05-21 22:00,22,-0.5,0.866,26.32,518.01,23.83,2.79,4.8134
2025-05-21 23:00,23,-0.2588,0.9659,26.3,574.04,0.0,4.79,5.0636
2025-05-22 00:00,0,0.0,1.0,25.46,507.21,10.75,3.41,4.4159
2025-05-22 01:00,1,0.2588,0.9659,22.36,448.01,0.0,4.54,4.2736
2025-05-22 02:00,2,0.5,0.866,21.78,416.1,5.58,4.96,3.6961
2025-05-22 03:00,3,0.7071,0.7071,23.32,449.72,1.72,1.06,4.1574
2025-05-22 04:00,4,0.866,0.5,25.1,507.83,0.0,2.83,4.6638
2025-05-22 05:00,5,0.9659,0.2588,24.97,533.63,11.95,6.07,4.1541
2025-05-22 06:00,6,1.0,0.0,23.63,479.39,1.09,6.7,4.579
2025-05-22 07:00,7,0.9659,-0.2588,26.24,433.56,216.68,5.05,4.3778
2025-05-22 08:00,8,0.866,-0.5,28.89,424.78,416.09,3.09,4.4947
2025-05-22 09:00,9,0.7071,-0.7071,30.44,440.15,602.98,3.96,4.7435
2025-05-22 10:00,10,0.5,-0.866,34.96,578.67,741.67,1.75,6.1229
2025-05-22 11:00,11,0.2588,-0.9659,31.16,561.06,796.31,9.62,5.0652
2025-05-22 12:00,12,0.0,-1.0,34.95,569.73,841.26,7.84,5.7064
2025-05-22 13:00,13,-0.2588,-0.9659,37.03,520.35,794.66,1.43,6.2469
2025-05-22 14:00,14,-0.5,-0.866,38.41,473.36,735.13,2.35,5.9215
2025-05-22 15:00,15,-0.7071,-0.7071,34.19,489.57,586.23,5.13,5.5469
2025-05-22 16:00,16,-0.866,-0.5,34.93,561.74,444.27,2.83,6.4027
2025-05-22 17:00,17,-0.9659,-0.2588,34.1,609.36,236.81,9.08,6.5001
2025-05-22 18:00,18,-1.0,-0.0,32.29,550.38,0.0,6.53,6.1772
2025-05-22 19:00,19,-0.9659,0.2588,30.4,457.58,0.0,3.11,5.144
2025-05-22 20:00,20,-0.866,0.5,29.65,436.61,15.96,0.5,5.2889
2025-05-22 21:00,21,-0.7071,0.7071,23.65,447.43,0.0,6.97,4.303
2025-05-22 22:00,22,-0.5,0.866,27.02,502.14,0.0,4.09,5.0303
2025-05-22 23:00,23,-0.2588,0.9659,24.95,548.71,0.0,5.58,4.7113
2025-05-23 00:00,0,0.0,1.0,23.47,511.36,21.36,3.2,4.3437
2025-05-23 01:00,1,0.2588,0.9659,26.27,438.7,22.57,2.16,3.857
2025-05-23 02:00,2,0.5,0.866,21.99,437.87,0.0,5.83,3.464
2025-05-23 03:00,3,0.7071,0.7071,22.6,443.06,19.15,4.25,4.0505
2025-05-23 04:00,4,0.866,0.5,26.79,481.96,0.0,2.85,4.5649
2025-05-23 05:00,5,0.9659,0.2588,23.51,541.86,33.19,2.12,4.844
2025-05-23 06:00,6,1.0,0.0,25.17,483.51,0.0,5.13,4.8297
2025-05-23 07:00,7,0.9659,-0.2588,27.23,432.55,223.54,6.25,4.448
2025-05-23 08:00,8,0.866,-0.5,30.26,388.28,416.99,3.18,4.2033
2025-05-23 09:00,9,0.7071,-0.7071,30.86,447.34,635.93,6.34,4.7276
2025-05-23 10:00,10,0.5,-0.866,30.06,506.18,709.6,2.47,4.8766
2025-05-23 11:00,11,0.2588,-0.9659,32.44,591.32,857.9,3.54,5.8997
2025-05-23 12:00,12,0.0,-1.0,33.29,554.79,859.91,6.43,5.588
2025-05-23 13:00,13,-0.2588,-0.9659,34.68,495.48,836.6,5.71,5.5998
2025-05-23 14:00,14,-0.5,-0.866,35.64,459.54,727.89,3.09,5.6045
2025-05-23 15:00,15,-0.7071,-0.7071,35.42,475.97,568.34,1.99,5.7911
2025-05-23 16:00,16,-0.866,-0.5,31.53,548.46,448.26,1.15,6.143
2025-05-23 17:00,17,-0.9659,-0.2588,34.84,633.54,227.78,7.42,7.0959
2025-05-23 18:00,18,-1.0,-0.0,32.38,553.67,34.04,1.54,6.4
2025-05-23 19:00,19,-0.9659,0.2588,32.63,468.15,0.0,1.92,5.7862
2025-05-23 20:00,20,-0.866,0.5,29.67,391.91,0.0,2.87,4.3222
2025-05-23 21:00,21,-0.7071,0.7071,29.1,432.67,34.7,4.22,4.4471
2025-05-23 22:00,22,-0.5,0.866,26.7,519.3,47.8,6.87,4.7303
2025-05-23 23:00,23,-0.2588,0.9659,26.78,566.1,0.23,2.93,4.8009
2025-05-24 00:00,0,0.0,1.0,24.59,516.41,0.0,4.87,4.5249
2025-05-24 01:00,1,0.2588,0.9659,23.06,449.5,20.26,1.69,3.8992
2025-05-24 02:00,2,0.5,0.866,26.41,410.62,0.0,4.35,3.5985
2025-05-24 03:00,3,0.7071,0.7071,24.54,445.1,14.98,2.43,3.9338
2025-05-24 04:00,4,0.866,0.5,24.66,502.62,0.0,2.68,4.8481
2025-05-24 05:00,5,0.9659,0.2588,22.84,552.61,39.1,3.72,4.8328
2025-05-24 06:00,6,1.0,0.0,24.07,499.77,0.0,6.58,4.3168
2025-05-24 07:00,7,0.9659,-0.2588,27.89,437.76,232.01,6.42,4.4363
2025-05-24 08:00,8,0.866,-0.5,29.22,414.71,412.78,4.03,4.564
2025-05-24 09:00,9,0.7071,-0.7071,29.63,475.74,594.0,1.95,4.8938
2025-05-24 10:00,10,0.5,-0.866,32.21,526.55,725.82,3.16,5.5905
2025-05-24 11:00,11,0.2588,-0.9659,35.63,618.23,839.5,4.61,6.3116
2025-05-24 12:00,12,0.0,-1.0,35.24,592.63,872.96,7.85,5.9287
2025-05-24 13:00,13,-0.2588,-0.9659,33.08,489.56,834.98,10.22,4.7655
2025-05-24 14:00,14,-0.5,-0.866,34.83,467.16,733.42,5.54,5.1029
2025-05-24 15:00,15,-0.7071,-0.7071,33.59,491.02,604.55,3.61,5.3256
2025-05-24 16:00,16,-0.866,-0.5,33.61,576.89,447.44,5.98,5.9903
2025-05-24 17:00,17,-0.9659,-0.2588,32.62,570.67,243.23,3.52,6.2237
2025-05-24 18:00,18,-1.0,-0.0,31.28,517.98,0.0,5.45,5.776
2025-05-24 19:00,19,-0.9659,0.2588,28.67,442.77,0.0,2.91,5.1833
2025-05-24 20:00,20,-0.866,0.5,28.81,374.05,0.0,3.07,4.8923
2025-05-24 21:00,21,-0.7071,0.7071,26.61,455.96,16.73,1.54,4.7653
2025-05-24 22:00,22,-0.5,0.866,21.61,530.81,0.0,4.06,4.648
2025-05-24 23:00,23,-0.2588,0.9659,27.84,543.5,17.98,5.4,4.475
2025-05-25 00:00,0,0.0,1.0,25.44,506.94,0.0,6.86,4.7018
2025-05-25 01:00,1,0.2588,0.9659,22.64,436.41,6.5,7.09,3.2825
2025-05-25 02:00,2,0.5,0.866,23.03,400.78,22.51,12.16,2.7876
2025-05-25 03:00,3,0.7071,0.7071,21.45,439.41,0.0,1.67,4.0707
2025-05-25 04:00,4,0.866,0.5,26.35,520.87,62.84,4.53,4.6014
2025-05-25 05:00,5,0.9659,0.2588,27.6,547.41,29.77,4.72,5.2822
2025-05-25 06:00,6,1.0,0.0,26.24,526.65,0.03,7.03,4.9116
2025-05-25 07:00,7,0.9659,-0.2588,28.98,452.05,199.29,3.06,4.7101
2025-05-25 08:00,8,0.866,-0.5,29.26,401.0,420.62,1.47,4.7046
2025-05-25 09:00,9,0.7071,-0.7071,28.55,461.91,603.14,3.37,4.9323
2025-05-25 10:00,10,0.5,-0.866,31.38,519.18,747.14,11.18,4.5447
2025-05-25 11:00,11,0.2588,-0.9659,33.44,592.14,858.55,8.34,5.7047
2025-05-25 12:00,12,0.0,-1.0,33.51,571.12,838.1,3.9,5.8071
2025-05-25 13:00,13,-0.2588,-0.9659,34.47,478.39,835.1,7.95,5.0609
2025-05-25 14:00,14,-0.5,-0.866,34.86,459.55,703.81,1.0,5.6932
2025-05-25 15:00,15,-0.7071,-0.7071,34.67,499.04,590.7,3.38,5.7375
2025-05-25 16:00,16,-0.866,-0.5,34.27,549.79,434.42,6.27,5.8936
2025-05-25 17:00,17,-0.9659,-0.2588,31.65,578.13,237.28,2.75,6.5479
2025-05-25 18:00,18,-1.0,-0.0,30.92,533.55,0.0,2.59,5.8204
2025-05-25 19:00,19,-0.9659,0.2588,28.63,434.23,0.0,7.74,4.5609
2025-05-25 20:00,20,-0.866,0.5,30.47,454.26,36.51,5.38,5.0796
2025-05-25 21:00,21,-0.7071,0.7071,24.29,426.05,29.05,11.68,3.7138
2025-05-25 22:00,22,-0.5,0.866,27.73,527.57,5.21,2.09,5.3448
2025-05-25 23:00,23,-0.2588,0.9659,26.84,544.11,0.0,3.65,5.0048
2025-05-26 00:00,0,0.0,1.0,23.35,496.2,62.78,3.36,3.9891
2025-05-26 01:00,1,0.2588,0.9659,19.3,439.04,0.0,8.01,3.3129
2025-05-26 02:00,2,0.5,0.866,22.46,409.74,0.0,2.99,3.7715
2025-05-26 03:00,3,0.7071,0.7071,23.11,451.31,0.0,3.63,4.0068
2025-05-26 04:00,4,0.866,0.5,22.29,535.93,9.41,2.16,4.5482
2025-05-26 05:00,5,0.9659,0.2588,23.98,594.18,9.66,6.72,4.853
2025-05-26 06:00,6,1.0,0.0,28.3,518.62,23.77,2.87,5.0138
2025-05-26 07:00,7,0.9659,-0.2588,28.44,431.11,196.84,1.46,4.4176
2025-05-26 08:00,8,0.866,-0.5,27.61,406.79,417.19,4.16,3.944
2025-05-26 09:00,9,0.7071,-0.7071,28.16,434.76,651.8,3.88,4.4896
2025-05-26 10:00,10,0.5,-0.866,31.51,554.47,741.74,2.43,5.3978
2025-05-26 11:00,11,0.2588,-0.9659,32.92,569.92,816.72,2.08,5.9689
2025-05-26 12:00,12,0.0,-1.0,34.94,603.55,826.46,8.28,5.7097
2025-05-26 13:00,13,-0.2588,-0.9659,33.99,498.28,833.69,1.46,5.4063
2025-05-26 14:00,14,-0.5,-0.866,35.77,436.88,761.9,1.78,5.3702
2025-05-26 15:00,15,-0.7071,-0.7071,37.7,504.45,622.91,2.92,6.4478
2025-05-26 16:00,16,-0.866,-0.5,35.42,584.1,418.53,9.61,6.0161
2025-05-26 17:00,17,-0.9659,-0.2588,33.17,609.01,229.03,1.64,6.8611
2025-05-26 18:00,18,-1.0,-0.0,31.73,523.22,41.79,7.16,5.7532
2025-05-26 19:00,19,-0.9659,0.2588,30.02,464.34,26.77,8.21,4.7038
2025-05-26 20:00,20,-0.866,0.5,30.77,392.96,0.0,3.79,5.0199
2025-05-26 21:00,21,-0.7071,0.7071,26.51,436.16,0.0,3.24,4.5414
2025-05-26 22:00,22,-0.5,0.866,26.07,529.18,7.42,5.85,4.5106
2025-05-26 23:00,23,-0.2588,0.9659,24.83,541.73,19.96,6.06,4.4929
2025-05-27 00:00,0,0.0,1.0,23.05,489.9,0.0,6.77,3.9696
2025-05-27 01:00,1,0.2588,0.9659,21.15,439.69,0.0,7.33,3.6163
2025-05-27 02:00,2,0.5,0.866,23.48,390.93,0.0,3.07,3.463
2025-05-27 03:00,3,0.7071,0.7071,23.11,446.94,2.61,5.93,4.2814
2025-05-27 04:00,4,0.866,0.5,24.55,499.22,0.0,2.09,4.3707
2025-05-27 05:00,5,0.9659,0.2588,23.96,538.41,32.26,4.65,4.8021
2025-05-27 06:00,6,1.0,0.0,27.83,482.18,3.7,5.36,4.3051
2025-05-27 07:00,7,0.9659,-0.2588,26.13,440.05,198.02,2.31,4.5115
2025-05-27 08:00,8,0.866,-0.5,31.57,426.13,447.94,1.55,4.8326
2025-05-27 09:00,9,0.7071,-0.7071,27.93,419.67,569.44,2.56,4.267
2025-05-27 10:00,10,0.5,-0.866,32.65,552.62,768.23,4.06,5.7772
2025-05-27 11:00,11,0.2588,-0.9659,33.96,613.05,845.81,8.14,5.7928
2025-05-27 12:00,12,0.0,-1.0,33.0,549.29,884.74,4.79,5.4995
2025-05-27 13:00,13,-0.2588,-0.9659,35.43,500.98,817.08,6.46,5.5003
2025-05-27 14:00,14,-0.5,-0.866,36.92,475.45,723.72,2.41,5.6441
2025-05-27 15:00,15,-0.7071,-0.7071,31.47,447.2,603.14,1.84,5.6415
2025-05-27 16:00,16,-0.866,-0.5,34.95,598.95,422.89,2.88,6.8054
2025-05-27 17:00,17,-0.9659,-0.2588,29.5,554.96,203.68,3.38,6.1386
2025-05-27 18:00,18,-1.0,-0.0,30.55,542.75,0.0,4.9,6.1114
2025-05-27 19:00,19,-0.9659,0.2588,33.0,489.01,0.0,8.03,5.0688
2025-05-27 20:00,20,-0.866,0.5,28.13,398.92,0.0,4.1,4.8799
2025-05-27 21:00,21,-0.7071,0.7071,25.69,446.6,16.95,4.7,4.4606
2025-05-27 22:00,22,-0.5,0.866,25.7,516.19,0.0,0.5,5.2821
2025-05-27 23:00,23,-0.2588,0.9659,27.86,528.74,0.0,1.01,5.2439
2025-05-28 00:00,0,0.0,1.0,21.06,507.52,0.0,1.63,4.5914
2025-05-28 01:00,1,0.2588,0.9659,21.63,428.31,0.0,6.03,3.3106
2025-05-28 02:00,2,0.5,0.866,25.25,393.07,48.4,4.49,3.3753
2025-05-28 03:00,3,0.7071,0.7071,25.99,417.94,0.0,2.55,4.4505
2025-05-28 04:00,4,0.866,0.5,23.65,529.4,15.26,5.21,4.1424
2025-05-28 05:00,5,0.9659,0.2588,22.9,574.03,4.07,4.88,4.6386
2025-05-28 06:00,6,1.0,0.0,29.14,536.32,0.0,1.68,5.4139
2025-05-28 07:00,7,0.9659,-0.2588,29.84,471.27,264.81,5.56,4.6501
2025-05-28 08:00,8,0.866,-0.5,30.02,410.98,442.1,6.64,4.086
2025-05-28 09:00,9,0.7071,-0.7071,29.33,438.63,581.85,3.2,4.7583
2025-05-28 10:00,10,0.5,-0.866,31.93,532.23,735.41,5.93,5.3797
2025-05-28 11:00,11,0.2588,-0.9659,33.0,599.68,792.31,2.6,6.0337
2025-05-28 12:00,12,0.0,-1.0,34.69,569.45,895.66,6.54,5.5966
2025-05-28 13:00,13,-0.2588,-0.9659,36.97,508.12,798.35,8.57,5.4116
2025-05-28 14:00,14,-0.5,-0.866,36.32,485.98,723.04,4.2,5.5608
2025-05-28 15:00,15,-0.7071,-0.7071,33.18,485.01,582.8,2.91,5.3381
2025-05-28 16:00,16,-0.866,-0.5,36.26,566.01,427.01,3.93,6.4473
2025-05-28 17:00,17,-0.9659,-0.2588,33.71,585.49,254.25,2.95,6.6413
2025-05-28 18:00,18,-1.0,-0.0,33.03,562.97,44.73,0.5,6.5174
2025-05-28 19:00,19,-0.9659,0.2588,32.75,491.15,0.0,5.64,5.0895
2025-05-28 20:00,20,-0.866,0.5,27.33,408.28,9.46,1.15,4.6953
2025-05-28 21:00,21,-0.7071,0.7071,27.39,465.95,2.05,2.67,5.0566
2025-05-28 22:00,22,-0.5,0.866,25.2,537.03,0.0,6.23,4.4633
2025-05-28 23:00,23,-0.2588,0.9659,22.41,556.62,60.56,5.76,4.6619
2025-05-29 00:00,0,0.0,1.0,24.32,499.92,34.07,1.52,4.4185
2025-05-29 01:00,1,0.2588,0.9659,26.97,417.85,4.73,5.71,3.7884
2025-05-29 02:00,2,0.5,0.866,20.24,394.19,39.55,8.98,2.8016
2025-05-29 03:00,3,0.7071,0.7071,23.16,448.8,30.3,1.53,3.844
2025-05-29 04:00,4,0.866,0.5,24.76,539.9,2.05,4.03,4.9704
2025-05-29 05:00,5,0.9659,0.2588,24.94,556.26,8.15,6.29,4.9199
2025-05-29 06:00,6,1.0,0.0,25.83,530.03,37.8,5.77,4.9464
2025-05-29 07:00,7,0.9659,-0.2588,25.5,433.82,196.34,2.79,4.6061
2025-05-29 08:00,8,0.866,-0.5,29.35,420.13,466.84,2.32,4.6097
2025-05-29 09:00,9,0.7071,-0.7071,29.42,461.19,595.41,6.81,4.6872
2025-05-29 10:00,10,0.5,-0.866,28.72,488.53,774.24,9.73,4.2666
2025-05-29 11:00,11,0.2588,-0.9659,35.03,600.07,820.91,6.64,6.1024
2025-05-29 12:00,12,0.0,-1.0,35.63,587.82,858.44,9.99,5.8638
2025-05-29 13:00,13,-0.2588,-0.9659,34.87,496.6,820.18,5.3,5.5137
2025-05-29 14:00,14,-0.5,-0.866,35.34,440.8,722.83,8.95,4.8992
2025-05-29 15:00,15,-0.7071,-0.7071,36.41,468.3,594.29,5.96,5.2789
2025-05-29 16:00,16,-0.866,-0.5,34.53,559.27,459.48,8.51,5.9063
2025-05-29 17:00,17,-0.9659,-0.2588,34.6,601.72,162.14,2.31,7.1316
2025-05-29 18:00,18,-1.0,-0.0,31.55,527.67,0.0,7.15,5.5518
2025-05-29 19:00,19,-0.9659,0.2588,32.52,475.81,0.0,2.57,5.8639
2025-05-29 20:00,20,-0.866,0.5,29.48,419.45,0.0,0.92,4.9433
2025-05-29 21:00,21,-0.7071,0.7071,27.74,447.56,37.75,4.7,4.5103
2025-05-29 22:00,22,-0.5,0.866,24.09,477.16,31.44,3.4,4.2433
2025-05-29 23:00,23,-0.2588,0.9659,25.19,530.29,14.8,1.16,4.7657
2025-05-30 00:00,0,0.0,1.0,22.56,507.93,0.0,10.9,3.916
2025-05-30 01:00,1,0.2588,0.9659,22.25,446.08,33.38,5.76,3.8083
2025-05-30 02:00,2,0.5,0.866,21.78,407.34,0.0,8.38,3.2511
2025-05-30 03:00,3,0.7071,0.7071,21.61,444.58,53.55,14.55,2.8492
2025-05-30 04:00,4,0.866,0.5,26.99,506.75,0.0,3.88,4.3979
2025-05-30 05:00,5,0.9659,0.2588,26.75,545.09,0.0,2.98,5.0632
2025-05-30 06:00,6,1.0,0.0,28.88,508.62,0.0,2.48,5.0791
2025-05-30 07:00,7,0.9659,-0.2588,25.61,449.02,193.17,4.68,4.4324
2025-05-30 08:00,8,0.866,-0.5,29.11,395.05,473.13,5.31,4.0388
2025-05-30 09:00,9,0.7071,-0.7071,28.61,455.15,620.76,4.4,4.5054
2025-05-30 10:00,10,0.5,-0.866,30.96,539.27,766.51,3.85,5.3399
2025-05-30 11:00,11,0.2588,-0.9659,31.87,580.25,790.45,2.36,5.935
2025-05-30 12:00,12,0.0,-1.0,36.06,567.09,854.52,4.2,6.1825
2025-05-30 13:00,13,-0.2588,-0.9659,34.2,466.78,834.06,1.64,5.3982
2025-05-30 14:00,14,-0.5,-0.866,36.6,459.11,742.89,7.78,5.3238
2025-05-30 15:00,15,-0.7071,-0.7071,35.7,494.16,572.03,1.21,6.3883
2025-05-30 16:00,16,-0.866,-0.5,37.65,554.18,451.89,3.81,6.4908
2025-05-30 17:00,17,-0.9659,-0.2588,31.02,571.23,223.03,1.79,6.59
2025-05-30 18:00,18,-1.0,-0.0,33.89,573.48,0.0,6.72,6.1257
2025-05-30 19:00,19,-0.9659,0.2588,32.27,480.19,0.0,3.37,5.4698
2025-05-30 20:00,20,-0.866,0.5,27.54,392.56,15.17,1.91,4.6264
2025-05-30 21:00,21,-0.7071,0.7071,28.96,445.87,61.26,4.79,4.6064
2025-05-30 22:00,22,-0.5,0.866,26.5,504.16,0.0,8.66,4.6502
2025-05-30 23:00,23,-0.2588,0.9659,24.42,552.23,4.26,8.51,4.325
2025-05-31 00:00,0,0.0,1.0,22.57,535.6,27.76,2.95,4.5126
2025-05-31 01:00,1,0.2588,0.9659,22.13,452.03,0.0,6.2,3.9036
2025-05-31 02:00,2,0.5,0.866,26.07,407.81,0.0,0.96,4.064
2025-05-31 03:00,3,0.7071,0.7071,23.21,430.11,0.0,2.07,3.9453
2025-05-31 04:00,4,0.866,0.5,24.98,523.75,24.62,4.58,4.575
2025-05-31 05:00,5,0.9659,0.2588,23.57,524.7,33.14,2.8,4.4809
2025-05-31 06:00,6,1.0,0.0,24.83,508.71,3.98,6.96,4.3406
2025-05-31 07:00,7,0.9659,-0.2588,29.07,454.82,198.95,8.99,3.987
2025-05-31 08:00,8,0.866,-0.5,26.98,411.11,413.93,0.5,4.545
2025-05-31 09:00,9,0.7071,-0.7071,29.93,462.99,585.28,2.83,5.034
2025-05-31 10:00,10,0.5,-0.866,32.05,549.33,711.69,4.19,5.6264
2025-05-31 11:00,11,0.2588,-0.9659,33.41,590.34,818.49,5.0,6.0214
2025-05-31 12:00,12,0.0,-1.0,33.93,567.99,864.37,8.65,5.7618
2025-05-31 13:00,13,-0.2588,-0.9659,35.39,482.32,833.29,8.2,5.174
2025-05-31 14:00,14,-0.5,-0.866,36.04,451.64,735.92,5.54,5.2963
2025-05-31 15:00,15,-0.7071,-0.7071,35.9,501.61,602.47,3.0,6.214
2025-05-31 16:00,16,-0.866,-0.5,32.72,552.84,422.96,6.8,5.7388
2025-05-31 17:00,17,-0.9659,-0.2588,32.82,561.15,187.57,2.62,6.1412
2025-05-31 18:00,18,-1.0,-0.0,33.79,565.66,4.0,10.08,5.8698
2025-05-31 19:00,19,-0.9659,0.2588,31.89,480.25,0.0,0.5,5.7155
2025-05-31 20:00,20,-0.866,0.5,26.94,398.84,0.0,5.05,4.453
2025-05-31 21:00,21,-0.7071,0.7071,27.97,473.12,9.27,1.67,4.8532
2025-05-31 22:00,22,-0.5,0.866,23.03,502.26,0.0,3.98,4.6406
2025-05-31 23:00,23,-0.2588,0.9659,24.83,544.58,5.69,5.52,4.5553
2025-06-01 00:00,0,0.0,1.0,29.58,519.2,21.19,9.52,4.6061
2025-06-01 01:00,1,0.2588,0.9659,24.71,436.36,0.0,10.92,3.1507
2025-06-01 02:00,2,0.5,0.866,24.68,395.07,2.3,8.35,3.2714
2025-06-01 03:00,3,0.7071,0.7071,27.28,416.4,0.0,4.73,3.8371
2025-06-01 04:00,4,0.866,0.5,24.42,504.3,38.31,13.05,3.7645
2025-06-01 05:00,5,0.9659,0.2588,26.74,548.54,0.0,11.36,4.6289
2025-06-01 06:00,6,1.0,0.0,29.82,545.51,0.0,3.68,5.4083
2025-06-01 07:00,7,0.9659,-0.2588,29.42,481.92,253.46,11.65,4.2148
2025-06-01 08:00,8,0.866,-0.5,31.57,448.63,419.14,16.69,3.9377
2025-06-01 09:00,9,0.7071,-0.7071,34.6,478.65,571.11,8.86,4.9625
2025-06-01 10:00,10,0.5,-0.866,35.56,562.55,753.95,5.06,5.7099
2025-06-01 11:00,11,0.2588,-0.9659,36.57,616.18,838.3,8.5,5.9413
2025-06-01 12:00,12,0.0,-1.0,36.62,608.19,834.17,5.7,6.2737
2025-06-01 13:00,13,-0.2588,-0.9659,38.28,517.25,807.91,9.34,5.1558
2025-06-01 14:00,14,-0.5,-0.866,37.74,458.03,725.24,7.81,5.2237
2025-06-01 15:00,15,-0.7071,-0.7071,38.41,513.27,595.87,14.33,5.377
2025-06-01 16:00,16,-0.866,-0.5,36.38,590.89,377.68,8.63,6.1964
2025-06-01 17:00,17,-0.9659,-0.2588,35.9,623.53,215.46,4.32,6.7451
2025-06-01 18:00,18,-1.0,-0.0,33.44,553.04,44.6,10.0,5.872
2025-06-01 19:00,19,-0.9659,0.2588,33.43,491.18,0.0,5.26,5.6908
2025-06-01 20:00,20,-0.866,0.5,30.71,387.6,0.0,4.96,4.6977
2025-06-01 21:00,21,-0.7071,0.7071,28.7,444.69,0.0,6.21,4.397
2025-06-01 22:00,22,-0.5,0.866,29.32,535.94,15.3,0.97,5.0849
2025-06-01 23:00,23,-0.2588,0.9659,28.0,537.54,30.08,16.41,4.1319
2025-06-02 00:00,0,0.0,1.0,27.91,499.95,29.51,7.67,4.1178
2025-06-02 01:00,1,0.2588,0.9659,25.49,409.5,0.0,10.72,3.1167
2025-06-02 02:00,2,0.5,0.866,26.54,423.85,12.49,4.81,3.6693
2025-06-02 03:00,3,0.7071,0.7071,26.96,426.7,35.84,10.31,3.7234
2025-06-02 04:00,4,0.866,0.5,27.4,516.12,12.74,8.05,4.4184
2025-06-02 05:00,5,0.9659,0.2588,26.45,559.06,11.96,6.54,4.9106
2025-06-02 06:00,6,1.0,0.0,29.15,544.4,0.0,16.53,4.4813
2025-06-02 07:00,7,0.9659,-0.2588,30.92,458.56,225.5,7.26,4.5321
2025-06-02 08:00,8,0.866,-0.5,31.94,423.42,455.91,9.11,4.391
2025-06-02 09:00,9,0.7071,-0.7071,30.35,458.91,609.25,1.09,4.714
2025-06-02 10:00,10,0.5,-0.866,35.17,589.11,704.91,5.27,5.6238
2025-06-02 11:00,11,0.2588,-0.9659,39.49,639.36,809.64,13.04,5.6502
2025-06-02 12:00,12,0.0,-1.0,36.58,566.85,880.23,10.5,5.5517
2025-06-02 13:00,13,-0.2588,-0.9659,36.63,483.44,829.16,7.72,5.3689
2025-06-02 14:00,14,-0.5,-0.866,38.49,465.59,739.1,13.36,4.8609
2025-06-02 15:00,15,-0.7071,-0.7071,38.19,532.0,587.19,7.18,5.9078
2025-06-02 16:00,16,-0.866,-0.5,38.91,595.0,454.71,8.05,6.6459
2025-06-02 17:00,17,-0.9659,-0.2588,34.28,591.16,261.56,6.11,6.1751
2025-06-02 18:00,18,-1.0,-0.0,36.03,565.96,31.58,8.66,6.2088
2025-06-02 19:00,19,-0.9659,0.2588,34.37,489.71,36.06,5.45,5.4671
2025-06-02 20:00,20,-0.866,0.5,31.71,426.13,0.0,6.14,5.0419
2025-06-02 21:00,21,-0.7071,0.7071,30.88,456.47,0.0,16.2,4.1372
2025-06-02 22:00,22,-0.5,0.866,30.47,552.52,0.0,3.02,5.1267
2025-06-02 23:00,23,-0.2588,0.9659,28.99,581.02,0.96,2.93,5.2993
2025-06-03 00:00,0,0.0,1.0,25.02,488.35,35.78,1.85,4.0324
2025-06-03 01:00,1,0.2588,0.9659,27.36,442.41,29.15,5.47,4.1446
2025-06-03 02:00,2,0.5,0.866,25.83,388.35,13.46,6.27,3.8784
2025-06-03 03:00,3,0.7071,0.7071,26.24,433.78,0.0,2.77,3.6642
2025-06-03 04:00,4,0.866,0.5,26.84,517.14,0.0,7.85,4.0926
2025-06-03 05:00,5,0.9659,0.2588,27.46,546.81,6.01,8.23,4.7373
2025-06-03 06:00,6,1.0,0.0,30.72,537.68,22.01,10.38,4.828
2025-06-03 07:00,7,0.9659,-0.2588,30.25,465.59,218.01,16.99,3.7415
2025-06-03 08:00,8,0.866,-0.5,30.25,422.41,472.87,8.65,3.7489
2025-06-03 09:00,9,0.7071,-0.7071,32.89,466.92,573.98,3.03,5.1155
2025-06-03 10:00,10,0.5,-0.866,35.2,560.63,705.91,2.68,6.0311
2025-06-03 11:00,11,0.2588,-0.9659,38.01,608.52,804.43,10.79,6.3364
2025-06-03 12:00,12,0.0,-1.0,38.03,579.92,832.44,9.02,6.0625
2025-06-03 13:00,13,-0.2588,-0.9659,36.45,534.51,834.19,3.7,5.6198
2025-06-03 14:00,14,-0.5,-0.866,41.66,497.37,725.58,4.76,6.0065
2025-06-03 15:00,15,-0.7071,-0.7071,38.12,500.57,562.34,10.36,5.6558
2025-06-03 16:00,16,-0.866,-0.5,39.04,605.6,447.29,8.04,6.3384
2025-06-03 17:00,17,-0.9659,-0.2588,35.94,611.89,176.0,8.25,6.6354
2025-06-03 18:00,18,-1.0,-0.0,35.73,571.39,0.0,4.27,6.6708
2025-06-03 19:00,19,-0.9659,0.2588,34.74,512.56,0.0,8.76,5.8119
2025-06-03 20:00,20,-0.866,0.5,33.76,454.28,5.18,10.68,4.9397
2025-06-03 21:00,21,-0.7071,0.7071,31.96,461.24,4.65,12.95,4.4029
2025-06-03 22:00,22,-0.5,0.866,30.24,524.02,47.91,10.17,4.494
2025-06-03 23:00,23,-0.2588,0.9659,27.21,542.46,22.85,8.16,4.3236
2025-06-04 00:00,0,0.0,1.0,25.87,525.62,36.04,9.31,4.2226
2025-06-04 01:00,1,0.2588,0.9659,26.63,432.88,7.22,7.17,3.6751
2025-06-04 02:00,2,0.5,0.866,27.33,373.1,0.0,4.46,3.5501
2025-06-04 03:00,3,0.7071,0.7071,25.8,436.78,3.2,12.87,3.5564
2025-06-04 04:00,4,0.866,0.5,28.33,492.08,14.81,7.67,4.5779
2025-06-04 05:00,5,0.9659,0.2588,29.86,597.68,17.6,8.36,4.9045
2025-06-04 06:00,6,1.0,0.0,27.55,498.01,0.0,18.91,3.7304
2025-06-04 07:00,7,0.9659,-0.2588,29.12,444.03,232.22,18.04,3.4373
2025-06-04 08:00,8,0.866,-0.5,31.72,433.61,401.67,8.27,4.4262
2025-06-04 09:00,9,0.7071,-0.7071,33.94,480.71,574.96,1.64,4.8522
2025-06-04 10:00,10,0.5,-0.866,34.14,557.28,708.23,6.25,5.2063
2025-06-04 11:00,11,0.2588,-0.9659,38.2,637.92,821.65,14.64,5.6346
2025-06-04 12:00,12,0.0,-1.0,37.76,613.48,820.55,5.13,6.4616
2025-06-04 13:00,13,-0.2588,-0.9659,37.78,527.28,810.42,22.0,4.5819
2025-06-04 14:00,14,-0.5,-0.866,35.77,484.37,758.69,2.61,5.8315
2025-06-04 15:00,15,-0.7071,-0.7071,35.75,483.8,575.31,8.06,5.4857
2025-06-04 16:00,16,-0.866,-0.5,37.55,593.63,412.39,7.49,6.6449
2025-06-04 17:00,17,-0.9659,-0.2588,32.97,592.1,221.79,4.78,6.6819
2025-06-04 18:00,18,-1.0,-0.0,36.45,585.34,6.17,15.16,5.6871
2025-06-04 19:00,19,-0.9659,0.2588,33.24,500.09,0.0,8.65,5.5804
2025-06-04 20:00,20,-0.866,0.5,36.79,467.03,19.67,4.5,5.5921
2025-06-04 21:00,21,-0.7071,0.7071,33.84,478.11,14.76,6.13,5.5679
2025-06-04 22:00,22,-0.5,0.866,28.66,525.76,28.5,9.95,4.4161
2025-06-04 23:00,23,-0.2588,0.9659,27.53,523.33,0.0,5.23,4.6996
2025-06-05 00:00,0,0.0,1.0,28.23,510.75,0.0,12.8,3.7956
2025-06-05 01:00,1,0.2588,0.9659,28.69,440.99,0.0,3.75,4.0013
2025-06-05 02:00,2,0.5,0.866,23.47,386.19,7.68,4.88,3.5016
2025-06-05 03:00,3,0.7071,0.7071,23.45,453.36,0.0,3.48,4.0462
2025-06-05 04:00,4,0.866,0.5,25.8,496.57,0.0,2.92,4.6622
2025-06-05 05:00,5,0.9659,0.2588,28.56,552.44,0.0,5.26,5.1395
2025-06-05 06:00,6,1.0,0.0,29.67,530.29,0.0,22.0,3.8271
2025-06-05 07:00,7,0.9659,-0.2588,31.98,489.64,224.97,2.77,5.0919
2025-06-05 08:00,8,0.866,-0.5,30.13,416.87,389.69,4.31,4.2768
2025-06-05 09:00,9,0.7071,-0.7071,30.01,467.6,608.62,4.95,4.5593
2025-06-05 10:00,10,0.5,-0.866,36.22,588.73,753.04,8.65,5.5839
2025-06-05 11:00,11,0.2588,-0.9659,34.93,607.28,806.51,10.29,5.6482
2025-06-05 12:00,12,0.0,-1.0,34.1,544.93,898.05,10.39,5.3084
2025-06-05 13:00,13,-0.2588,-0.9659,37.94,495.51,821.48,0.82,6.0712
2025-06-05 14:00,14,-0.5,-0.866,39.12,490.54,697.09,9.04,5.8344
2025-06-05 15:00,15,-0.7071,-0.7071,37.54,505.68,594.01,8.78,5.4246
2025-06-05 16:00,16,-0.866,-0.5,36.44,593.79,426.57,7.51,6.2603
2025-06-05 17:00,17,-0.9659,-0.2588,35.93,624.64,231.22,6.08,6.4857
2025-06-05 18:00,18,-1.0,-0.0,34.37,560.71,0.0,11.12,6.1223
2025-06-05 19:00,19,-0.9659,0.2588,31.46,447.81,0.0,5.71,5.0815
2025-06-05 20:00,20,-0.866,0.5,30.86,430.51,0.0,4.5,5.1533
2025-06-05 21:00,21,-0.7071,0.7071,31.16,447.49,0.0,5.36,5.0743
2025-06-05 22:00,22,-0.5,0.866,29.41,512.41,0.0,6.7,4.8932
2025-06-05 23:00,23,-0.2588,0.9659,27.94,535.31,0.0,4.32,4.9514
2025-06-06 00:00,0,0.0,1.0,25.24,510.42,0.0,8.51,4.1505
2025-06-06 01:00,1,0.2588,0.9659,25.86,455.05,16.49,12.92,3.3466
2025-06-06 02:00,2,0.5,0.866,22.66,399.92,41.21,8.37,3.0774
2025-06-06 03:00,3,0.7071,0.7071,26.4,430.85,18.89,6.77,3.741
2025-06-06 04:00,4,0.866,0.5,28.88,496.62,32.65,11.11,4.4535
2025-06-06 05:00,5,0.9659,0.2588,25.47,558.28,24.35,10.33,4.2722
2025-06-06 06:00,6,1.0,0.0,28.05,501.19,20.83,5.95,4.8122
2025-06-06 07:00,7,0.9659,-0.2588,30.87,462.21,211.55,8.47,4.6276
2025-06-06 08:00,8,0.866,-0.5,33.81,441.15,428.52,10.07,4.3154
2025-06-06 09:00,9,0.7071,-0.7071,32.81,488.54,590.53,4.67,5.1261
2025-06-06 10:00,10,0.5,-0.866,33.89,557.26,730.64,5.94,5.1807
2025-06-06 11:00,11,0.2588,-0.9659,33.22,590.86,822.74,2.94,6.1994
2025-06-06 12:00,12,0.0,-1.0,37.28,594.02,867.84,18.45,5.3262
2025-06-06 13:00,13,-0.2588,-0.9659,40.79,571.4,831.62,2.64,6.4387
2025-06-06 14:00,14,-0.5,-0.866,38.34,496.08,732.08,3.78,5.6919
2025-06-06 15:00,15,-0.7071,-0.7071,37.69,513.69,602.43,7.11,5.9538
2025-06-06 16:00,16,-0.866,-0.5,37.61,589.41,435.84,12.46,5.7383
2025-06-06 17:00,17,-0.9659,-0.2588,36.15,607.36,236.68,5.84,6.3766
2025-06-06 18:00,18,-1.0,-0.0,33.71,543.92,0.0,10.65,5.7444
2025-06-06 19:00,19,-0.9659,0.2588,34.72,482.94,0.0,9.34,5.6336
2025-06-06 20:00,20,-0.866,0.5,32.27,422.55,27.68,8.88,4.7252
2025-06-06 21:00,21,-0.7071,0.7071,30.4,466.51,0.0,12.02,4.2317
2025-06-06 22:00,22,-0.5,0.866,27.47,496.43,0.0,1.05,4.6786
2025-06-06 23:00,23,-0.2588,0.9659,29.64,583.12,0.0,14.32,4.5593
2025-06-07 00:00,0,0.0,1.0,27.73,523.78,0.0,11.7,4.1888
2025-06-07 01:00,1,0.2588,0.9659,25.3,437.81,13.95,14.67,3.1234
2025-06-07 02:00,2,0.5,0.866,27.43,400.0,0.0,11.05,3.6569
2025-06-07 03:00,3,0.7071,0.7071,25.39,429.14,0.62,12.78,3.2418
2025-06-07 04:00,4,0.866,0.5,25.56,516.55,6.15,4.19,4.1087
2025-06-07 05:00,5,0.9659,0.2588,26.55,566.32,9.91,5.46,4.8964
2025-06-07 06:00,6,1.0,0.0,26.27,501.95,5.57,5.42,4.8175
2025-06-07 07:00,7,0.9659,-0.2588,31.08,439.16,232.89,2.99,4.8155
2025-06-07 08:00,8,0.866,-0.5,29.18,420.0,410.68,10.06,3.9439
2025-06-07 09:00,9,0.7071,-0.7071,31.64,471.47,577.5,3.37,4.907
2025-06-07 10:00,10,0.5,-0.866,31.81,526.22,797.55,2.04,4.9774
2025-06-07 11:00,11,0.2588,-0.9659,36.04,603.33,813.51,10.75,5.6251
2025-06-07 12:00,12,0.0,-1.0,36.9,570.8,845.39,13.49,5.2576
2025-06-07 13:00,13,-0.2588,-0.9659,37.23,500.5,837.98,10.58,5.2388
2025-06-07 14:00,14,-0.5,-0.866,36.36,462.06,776.02,11.62,4.993
2025-06-07 15:00,15,-0.7071,-0.7071,35.97,497.23,587.43,8.37,5.7567
2025-06-07 16:00,16,-0.866,-0.5,37.82,581.31,400.03,13.01,5.7355
2025-06-07 17:00,17,-0.9659,-0.2588,35.35,597.39,188.94,7.29,6.1497
2025-06-07 18:00,18,-1.0,-0.0,35.4,568.29,39.83,18.56,5.2603
2025-06-07 19:00,19,-0.9659,0.2588,32.15,473.24,0.0,2.91,5.4497
2025-06-07 20:00,20,-0.866,0.5,32.2,428.85,0.0,11.33,4.3152
2025-06-07 21:00,21,-0.7071,0.7071,32.33,489.52,0.0,8.91,5.1459
2025-06-07 22:00,22,-0.5,0.866,29.81,534.58,0.0,8.2,4.893
2025-06-07 23:00,23,-0.2588,0.9659,27.07,526.14,0.0,10.01,4.7495
2025-06-08 00:00,0,0.0,1.0,27.12,520.36,0.0,11.92,4.0628
2025-06-08 01:00,1,0.2588,0.9659,25.77,446.58,0.0,12.4,3.173
2025-06-08 02:00,2,0.5,0.866,25.94,393.48,50.15,3.86,3.4868
2025-06-08 03:00,3,0.7071,0.7071,25.64,415.07,10.62,4.12,4.0367
2025-06-08 04:00,4,0.866,0.5,26.49,512.62,23.29,1.12,4.5802
2025-06-08 05:00,5,0.9659,0.2588,28.0,549.91,20.62,3.31,5.2212
2025-06-08 06:00,6,1.0,0.0,27.44,495.68,0.0,4.87,4.7319
2025-06-08 07:00,7,0.9659,-0.2588,28.85,422.54,209.0,9.94,3.8169
2025-06-08 08:00,8,0.866,-0.5,29.85,413.45,431.22,7.07,4.4563
2025-06-08 09:00,9,0.7071,-0.7071,31.08,458.65,605.25,10.48,4.1782
2025-06-08 10:00,10,0.5,-0.866,33.1,547.06,721.9,7.18,5.1201
2025-06-08 11:00,11,0.2588,-0.9659,36.41,616.03,824.28,7.93,5.8959
2025-06-08 12:00,12,0.0,-1.0,35.79,558.24,832.34,3.02,5.8762
2025-06-08 13:00,13,-0.2588,-0.9659,38.49,514.93,816.75,10.77,5.8086
2025-06-08 14:00,14,-0.5,-0.866,37.98,487.84,727.74,10.48,5.5075
2025-06-08 15:00,15,-0.7071,-0.7071,34.77,486.42,569.32,5.33,5.4973
2025-06-08 16:00,16,-0.866,-0.5,38.11,568.27,366.22,5.55,6.362
2025-06-08 17:00,17,-0.9659,-0.2588,37.39,618.01,196.52,4.38,6.4689
2025-06-08 18:00,18,-1.0,-0.0,33.44,539.95,45.1,11.41,5.634
2025-06-08 19:00,19,-0.9659,0.2588,34.11,490.4,0.0,10.32,5.119
2025-06-08 20:00,20,-0.866,0.5,30.64,425.93,19.4,8.53,4.5742
2025-06-08 21:00,21,-0.7071,0.7071,30.52,432.79,0.0,4.6,4.3157
2025-06-08 22:00,22,-0.5,0.866,27.03,523.89,0.0,3.82,4.9516
2025-06-08 23:00,23,-0.2588,0.9659,25.0,533.32,0.0,2.0,5.2173
2025-06-09 00:00,0,0.0,1.0,26.16,535.89,0.0,1.9,4.8674
2025-06-09 01:00,1,0.2588,0.9659,25.95,436.77,60.55,4.01,3.7634
2025-06-09 02:00,2,0.5,0.866,25.33,381.3,11.51,2.86,3.6474
2025-06-09 03:00,3,0.7071,0.7071,24.36,420.37,42.39,7.93,3.455
2025-06-09 04:00,4,0.866,0.5,26.13,517.72,0.0,5.86,4.9272
2025-06-09 05:00,5,0.9659,0.2588,28.09,544.85,34.12,6.75,4.7426
2025-06-09 06:00,6,1.0,0.0,28.86,517.94,51.83,8.36,4.4721
2025-06-09 07:00,7,0.9659,-0.2588,30.65,482.88,217.26,9.13,4.5531
2025-06-09 08:00,8,0.866,-0.5,30.92,412.9,411.52,8.99,4.1567
2025-06-09 09:00,9,0.7071,-0.7071,35.24,496.31,568.1,4.84,5.3629
2025-06-09 10:00,10,0.5,-0.866,33.16,575.11,728.4,11.33,5.3016
2025-06-09 11:00,11,0.2588,-0.9659,36.9,625.28,823.08,13.91,5.9441
2025-06-09 12:00,12,0.0,-1.0,38.9,575.58,900.77,5.42,5.9009
2025-06-09 13:00,13,-0.2588,-0.9659,38.45,528.64,788.66,1.15,6.0653
2025-06-09 14:00,14,-0.5,-0.866,37.62,459.55,737.61,13.33,4.4979
2025-06-09 15:00,15,-0.7071,-0.7071,36.93,530.05,555.68,14.11,5.5135
2025-06-09 16:00,16,-0.866,-0.5,38.68,585.58,414.33,2.01,6.6374
2025-06-09 17:00,17,-0.9659,-0.2588,34.04,642.83,227.78,0.62,7.2568
2025-06-09 18:00,18,-1.0,-0.0,33.47,578.29,12.81,11.46,5.7878
2025-06-09 19:00,19,-0.9659,0.2588,32.88,464.63,14.73,5.27,5.7373
2025-06-09 20:00,20,-0.866,0.5,33.78,446.58,9.94,13.8,4.2054
2025-06-09 21:00,21,-0.7071,0.7071,30.94,472.36,14.51,4.35,5.1948
2025-06-09 22:00,22,-0.5,0.866,27.48,524.25,1.14,12.37,4.5247
2025-06-09 23:00,23,-0.2588,0.9659,27.22,556.64,0.0,2.35,5.2394
2025-06-10 00:00,0,0.0,1.0,25.81,531.28,0.0,4.84,4.3627
2025-06-10 01:00,1,0.2588,0.9659,25.07,435.66,0.0,16.74,3.0766
2025-06-10 02:00,2,0.5,0.866,27.4,394.5,0.0,4.51,3.7743
2025-06-10 03:00,3,0.7071,0.7071,24.08,432.3,31.35,3.32,3.5189
2025-06-10 04:00,4,0.866,0.5,29.15,534.54,0.0,12.27,4.6078
2025-06-10 05:00,5,0.9659,0.2588,28.93,562.9,0.0,3.12,5.2162
2025-06-10 06:00,6,1.0,0.0,30.56,537.39,9.64,2.82,5.6974
2025-06-10 07:00,7,0.9659,-0.2588,29.68,462.88,213.25,5.5,4.6257
2025-06-10 08:00,8,0.866,-0.5,31.7,398.86,445.26,8.84,4.2456
2025-06-10 09:00,9,0.7071,-0.7071,31.33,468.8,650.52,9.8,4.2051
2025-06-10 10:00,10,0.5,-0.866,34.14,564.91,790.89,12.85,5.0046
2025-06-10 11:00,11,0.2588,-0.9659,36.91,646.32,823.46,7.76,6.1773
2025-06-10 12:00,12,0.0,-1.0,39.07,578.12,858.42,6.22,5.9684
2025-06-10 13:00,13,-0.2588,-0.9659,36.06,525.36,860.51,5.87,5.4324
2025-06-10 14:00,14,-0.5,-0.866,37.38,476.17,732.37,12.06,4.4484
2025-06-10 15:00,15,-0.7071,-0.7071,37.5,520.81,618.02,9.98,5.4278
2025-06-10 16:00,16,-0.866,-0.5,35.03,593.88,396.62,13.51,5.9461
2025-06-10 17:00,17,-0.9659,-0.2588,37.06,630.87,212.23,16.05,5.7643
2025-06-10 18:00,18,-1.0,-0.0,33.84,565.24,28.9,5.26,6.0345
2025-06-10 19:00,19,-0.9659,0.2588,33.19,482.64,0.0,7.64,5.0769
2025-06-10 20:00,20,-0.866,0.5,31.25,418.75,0.0,8.8,4.5902
2025-06-10 21:00,21,-0.7071,0.7071,29.19,446.6,0.0,3.72,4.6044
2025-06-10 22:00,22,-0.5,0.866,28.92,509.11,50.14,2.06,5.2965
2025-06-10 23:00,23,-0.2588,0.9659,27.36,549.33,31.58,12.52,4.4453
2025-06-11 00:00,0,0.0,1.0,26.17,477.46,4.7,7.71,4.0831
2025-06-11 01:00,1,0.2588,0.9659,25.04,443.94,12.69,8.09,3.7167
2025-06-11 02:00,2,0.5,0.866,26.41,398.17,9.9,7.92,3.2943
2025-06-11 03:00,3,0.7071,0.7071,28.61,437.36,34.61,10.44,3.5001
2025-06-11 04:00,4,0.866,0.5,26.94,515.8,0.0,3.49,4.845
2025-06-11 05:00,5,0.9659,0.2588,29.18,537.93,18.31,8.59,4.8929
2025-06-11 06:00,6,1.0,0.0,26.84,541.44,26.94,7.01,5.0111
2025-06-11 07:00,7,0.9659,-0.2588,30.61,456.85,250.38,13.27,3.9392
2025-06-11 08:00,8,0.866,-0.5,30.28,416.07,368.52,7.54,4.1779
2025-06-11 09:00,9,0.7071,-0.7071,31.27,449.14,586.06,14.89,3.7501
2025-06-11 10:00,10,0.5,-0.866,33.82,559.41,710.64,5.81,5.6768
2025-06-11 11:00,11,0.2588,-0.9659,37.96,650.47,824.78,16.25,5.2081
2025-06-11 12:00,12,0.0,-1.0,38.55,612.43,799.6,12.69,5.3601
2025-06-11 13:00,13,-0.2588,-0.9659,38.09,531.02,769.9,8.24,5.2844
2025-06-11 14:00,14,-0.5,-0.866,35.63,469.23,790.37,5.81,4.888
2025-06-11 15:00,15,-0.7071,-0.7071,37.43,507.56,616.48,6.04,6.0767
2025-06-11 16:00,16,-0.866,-0.5,37.58,567.36,428.03,10.71,6.122
2025-06-11 17:00,17,-0.9659,-0.2588,36.43,614.46,229.09,8.2,6.2309
2025-06-11 18:00,18,-1.0,-0.0,32.16,542.26,3.66,6.31,5.9521
2025-06-11 19:00,19,-0.9659,0.2588,32.15,486.4,24.93,8.85,5.5008
2025-06-11 20:00,20,-0.866,0.5,31.83,435.3,0.0,10.12,4.6903
2025-06-11 21:00,21,-0.7071,0.7071,31.18,487.12,4.67,1.34,5.7582
2025-06-11 22:00,22,-0.5,0.866,25.63,530.46,5.69,2.7,4.9702
2025-06-11 23:00,23,-0.2588,0.9659,27.44,543.15,0.0,2.77,4.8982
2025-06-12 00:00,0,0.0,1.0,26.95,485.57,31.92,4.52,4.1341
2025-06-12 01:00,1,0.2588,0.9659,27.41,458.28,0.0,6.57,4.0229
2025-06-12 02:00,2,0.5,0.866,26.97,420.39,25.44,11.23,3.5445
2025-06-12 03:00,3,0.7071,0.7071,27.01,417.01,2.87,5.79,3.8294
2025-06-12 04:00,4,0.866,0.5,25.53,535.14,40.84,1.17,4.7995
2025-06-12 05:00,5,0.9659,0.2588,24.82,555.73,0.0,7.15,4.9418
2025-06-12 06:00,6,1.0,0.0,28.34,517.62,0.0,21.0,3.8942
2025-06-12 07:00,7,0.9659,-0.2588,31.88,492.74,197.35,5.77,4.9371
2025-06-12 08:00,8,0.866,-0.5,34.02,468.32,428.33,15.87,3.9708
2025-06-12 09:00,9,0.7071,-0.7071,34.55,499.65,639.58,2.88,5.2479
2025-06-12 10:00,10,0.5,-0.866,35.57,580.18,775.95,3.84,5.9319
2025-06-12 11:00,11,0.2588,-0.9659,36.74,629.17,763.29,9.99,5.772
2025-06-12 12:00,12,0.0,-1.0,36.29,572.82,856.24,7.34,5.5044
2025-06-12 13:00,13,-0.2588,-0.9659,37.53,512.9,740.71,10.59,5.2958
2025-06-12 14:00,14,-0.5,-0.866,40.43,485.92,756.0,12.42,5.2441
2025-06-12 15:00,15,-0.7071,-0.7071,36.31,498.98,628.99,4.73,6.0404
2025-06-12 16:00,16,-0.866,-0.5,39.55,599.37,423.99,9.43,6.1562
2025-06-12 17:00,17,-0.9659,-0.2588,35.69,601.97,222.1,8.51,6.3758
2025-06-12 18:00,18,-1.0,-0.0,36.92,585.88,1.84,12.37,6.0291
2025-06-12 19:00,19,-0.9659,0.2588,31.37,459.61,0.0,6.6,5.1401
2025-06-12 20:00,20,-0.866,0.5,32.81,445.99,10.79,2.03,5.6195
2025-06-12 21:00,21,-0.7071,0.7071,29.27,423.33,0.0,8.13,4.3244
2025-06-12 22:00,22,-0.5,0.866,26.81,510.8,23.26,15.72,3.7589
2025-06-12 23:00,23,-0.2588,0.9659,28.01,552.08,0.0,1.07,5.4262
2025-06-13 00:00,0,0.0,1.0,28.25,509.81,0.0,4.61,4.7746
2025-06-13 01:00,1,0.2588,0.9659,24.87,434.91,0.0,5.42,3.6016
2025-06-13 02:00,2,0.5,0.866,23.68,376.22,0.0,10.6,2.7136
2025-06-13 03:00,3,0.7071,0.7071,25.99,442.85,32.81,5.5,3.985
2025-06-13 04:00,4,0.866,0.5,26.6,522.21,0.0,4.6,4.6335
2025-06-13 05:00,5,0.9659,0.2588,28.51,561.47,8.46,9.0,4.7063
2025-06-13 06:00,6,1.0,0.0,30.35,546.9,44.58,1.92,5.6897
2025-06-13 07:00,7,0.9659,-0.2588,30.29,458.81,205.93,3.81,4.6662
2025-06-13 08:00,8,0.866,-0.5,34.71,460.87,409.31,6.37,4.9353
2025-06-13 09:00,9,0.7071,-0.7071,33.82,486.38,597.74,5.83,5.2293
2025-06-13 10:00,10,0.5,-0.866,34.41,574.08,736.86,5.75,5.5605
2025-06-13 11:00,11,0.2588,-0.9659,33.75,572.37,868.23,2.98,5.4293
2025-06-13 12:00,12,0.0,-1.0,36.73,568.94,889.15,5.89,5.7448
2025-06-13 13:00,13,-0.2588,-0.9659,37.22,535.06,836.56,11.13,5.4072
2025-06-13 14:00,14,-0.5,-0.866,39.37,454.04,772.36,6.43,5.6178
2025-06-13 15:00,15,-0.7071,-0.7071,38.42,518.74,596.59,8.27,5.687
2025-06-13 16:00,16,-0.866,-0.5,35.36,588.93,432.48,3.72,6.8335
2025-06-13 17:00,17,-0.9659,-0.2588,36.43,616.03,212.46,2.37,6.6767
2025-06-13 18:00,18,-1.0,-0.0,35.94,569.91,0.0,12.81,5.9254
2025-06-13 19:00,19,-0.9659,0.2588,35.77,501.63,30.1,5.58,5.714
2025-06-13 20:00,20,-0.866,0.5,33.26,436.78,13.29,5.78,5.2654
2025-06-13 21:00,21,-0.7071,0.7071,31.52,466.1,0.45,12.76,4.0746
2025-06-13 22:00,22,-0.5,0.866,29.02,510.4,0.0,9.76,4.6295
2025-06-13 23:00,23,-0.2588,0.9659,28.27,568.77,0.0,10.46,4.6177
2025-06-14 00:00,0,0.0,1.0,28.61,538.7,0.0,9.42,4.7634
2025-06-14 01:00,1,0.2588,0.9659,24.13,435.5,8.4,2.94,3.7728
2025-06-14 02:00,2,0.5,0.866,25.4,379.2,0.0,15.67,2.7779
2025-06-14 03:00,3,0.7071,0.7071,24.97,429.64,0.0,13.63,3.0159
2025-06-14 04:00,4,0.866,0.5,27.3,509.74,0.0,4.57,4.6423
2025-06-14 05:00,5,0.9659,0.2588,29.53,569.83,0.0,11.23,4.6831
2025-06-14 06:00,6,1.0,0.0,28.03,497.64,0.0,6.39,4.6609
2025-06-14 07:00,7,0.9659,-0.2588,26.79,425.96,179.69,9.44,3.5733
2025-06-14 08:00,8,0.866,-0.5,31.31,434.14,421.34,3.74,4.7426
2025-06-14 09:00,9,0.7071,-0.7071,34.85,506.39,616.51,7.74,4.8045
2025-06-14 10:00,10,0.5,-0.866,35.73,565.05,695.03,3.24,5.6609
2025-06-14 11:00,11,0.2588,-0.9659,36.81,600.51,820.44,7.71,5.5456
2025-06-14 12:00,12,0.0,-1.0,36.7,631.4,857.03,4.65,6.1405
2025-06-14 13:00,13,-0.2588,-0.9659,35.81,511.69,796.3,6.83,5.6018
2025-06-14 14:00,14,-0.5,-0.866,38.7,481.6,771.68,9.24,5.4339
2025-06-14 15:00,15,-0.7071,-0.7071,36.47,518.31,591.4,12.74,5.4747
2025-06-14 16:00,16,-0.866,-0.5,40.4,609.84,422.47,3.74,6.7295
2025-06-14 17:00,17,-0.9659,-0.2588,37.03,635.22,215.96,13.16,6.3244
2025-06-14 18:00,18,-1.0,-0.0,34.06,563.35,0.0,6.19,6.1117
2025-06-14 19:00,19,-0.9659,0.2588,32.56,475.38,25.22,11.99,5.1171
2025-06-14 20:00,20,-0.866,0.5,31.79,428.61,0.0,7.46,4.8293
2025-06-14 21:00,21,-0.7071,0.7071,30.02,431.92,0.0,12.39,3.9573
2025-06-14 22:00,22,-0.5,0.866,30.6,562.4,14.94,9.18,5.2079
2025-06-14 23:00,23,-0.2588,0.9659,27.97,535.88,36.52,7.42,4.7268
2025-06-15 00:00,0,0.0,1.0,25.63,492.1,0.0,5.39,4.0061
2025-06-15 01:00,1,0.2588,0.9659,28.97,442.05,0.0,16.39,2.9366
2025-06-15 02:00,2,0.5,0.866,26.0,385.58,34.56,11.18,2.8006
2025-06-15 03:00,3,0.7071,0.7071,27.29,436.72,11.59,6.1,4.2496
2025-06-15 04:00,4,0.866,0.5,25.82,522.82,16.78,3.76,4.4387
2025-06-15 05:00,5,0.9659,0.2588,28.23,566.77,0.0,10.82,5.0656
2025-06-15 06:00,6,1.0,0.0,29.39,535.88,0.0,18.87,3.9144
2025-06-15 07:00,7,0.9659,-0.2588,27.54,432.92,215.8,5.03,4.1166
2025-06-15 08:00,8,0.866,-0.5,34.95,456.35,403.55,13.85,4.4583
2025-06-15 09:00,9,0.7071,-0.7071,35.42,502.95,559.18,3.22,5.6199
2025-06-15 10:00,10,0.5,-0.866,34.33,536.79,723.36,15.35,4.7912
2025-06-15 11:00,11,0.2588,-0.9659,34.52,610.7,854.89,10.29,5.688
2025-06-15 12:00,12,0.0,-1.0,37.65,567.81,851.48,5.74,5.7652
2025-06-15 13:00,13,-0.2588,-0.9659,37.85,546.94,855.39,5.3,6.0662
2025-06-15 14:00,14,-0.5,-0.866,38.46,477.63,740.6,8.94,5.4088
2025-06-15 15:00,15,-0.7071,-0.7071,38.01,514.82,581.92,8.35,5.6786
2025-06-15 16:00,16,-0.866,-0.5,37.88,580.02,456.94,13.95,5.8084
2025-06-15 17:00,17,-0.9659,-0.2588,38.34,623.28,225.3,10.61,6.6774
2025-06-15 18:00,18,-1.0,-0.0,35.78,608.85,24.05,7.76,6.5635
2025-06-15 19:00,19,-0.9659,0.2588,31.91,482.86,0.0,14.26,4.3607
2025-06-15 20:00,20,-0.866,0.5,33.97,424.54,25.97,8.34,4.9326
2025-06-15 21:00,21,-0.7071,0.7071,32.84,498.75,26.72,12.11,4.8397
2025-06-15 22:00,22,-0.5,0.866,33.66,575.65,7.24,11.93,4.9936
2025-06-15 23:00,23,-0.2588,0.9659,26.0,545.78,0.0,13.96,4.144
2025-06-16 00:00,0,0.0,1.0,27.1,517.1,0.0,2.33,4.7832
2025-06-16 01:00,1,0.2588,0.9659,23.01,437.28,15.28,8.24,3.0817
2025-06-16 02:00,2,0.5,0.866,26.76,429.59,5.86,7.0,3.6622
2025-06-16 03:00,3,0.7071,0.7071,25.31,425.56,15.03,7.23,3.5686
2025-06-16 04:00,4,0.866,0.5,29.62,527.63,25.31,6.91,4.6231
2025-06-16 05:00,5,0.9659,0.2588,26.52,543.58,0.0,11.86,4.2563
2025-06-16 06:00,6,1.0,0.0,26.39,491.0,0.0,5.45,4.8
2025-06-16 07:00,7,0.9659,-0.2588,29.67,483.72,219.06,6.94,4.496
2025-06-16 08:00,8,0.866,-0.5,28.96,390.0,416.76,4.16,4.392
2025-06-16 09:00,9,0.7071,-0.7071,34.61,493.66,620.69,4.74,5.2684
2025-06-16 10:00,10,0.5,-0.866,31.83,517.03,709.26,9.15,5.1561
2025-06-16 11:00,11,0.2588,-0.9659,36.21,609.72,846.55,3.1,6.5434
2025-06-16 12:00,12,0.0,-1.0,34.01,566.89,883.84,4.01,6.1434
2025-06-16 13:00,13,-0.2588,-0.9659,37.24,499.08,821.04,7.63,5.1832
2025-06-16 14:00,14,-0.5,-0.866,40.39,507.95,737.64,1.86,6.2735
2025-06-16 15:00,15,-0.7071,-0.7071,38.26,515.58,581.85,3.24,6.0113
2025-06-16 16:00,16,-0.866,-0.5,35.83,592.53,411.43,12.42,6.5674
2025-06-16 17:00,17,-0.9659,-0.2588,36.12,635.42,209.79,12.04,6.4425
2025-06-16 18:00,18,-1.0,-0.0,34.96,559.34,36.07,5.75,6.5392
2025-06-16 19:00,19,-0.9659,0.2588,34.19,488.17,0.0,5.76,5.688
2025-06-16 20:00,20,-0.866,0.5,29.88,417.78,0.0,14.61,3.4966
2025-06-16 21:00,21,-0.7071,0.7071,31.26,472.9,6.38,1.42,5.0844
2025-06-16 22:00,22,-0.5,0.866,24.87,512.72,20.66,8.2,4.2676
2025-06-16 23:00,23,-0.2588,0.9659,26.74,552.85,0.0,8.39,4.5496
2025-06-17 00:00,0,0.0,1.0,26.0,508.85,36.73,10.96,4.0263
2025-06-17 01:00,1,0.2588,0.9659,27.08,439.23,19.44,15.32,3.2991
2025-06-17 02:00,2,0.5,0.866,25.96,419.47,0.0,5.84,3.198
2025-06-17 03:00,3,0.7071,0.7071,24.02,447.19,0.0,6.68,3.7128
2025-06-17 04:00,4,0.866,0.5,25.25,523.02,5.66,9.28,4.1099
2025-06-17 05:00,5,0.9659,0.2588,27.98,560.85,0.0,16.27,4.5049
2025-06-17 06:00,6,1.0,0.0,28.81,516.67,8.41,13.1,4.5123
2025-06-17 07:00,7,0.9659,-0.2588,29.51,454.34,175.96,9.23,4.2989
2025-06-17 08:00,8,0.866,-0.5,31.21,409.38,450.59,12.27,3.8684
2025-06-17 09:00,9,0.7071,-0.7071,34.53,508.74,623.72,2.63,5.0545
2025-06-17 10:00,10,0.5,-0.866,34.15,519.97,748.74,6.05,5.3627
2025-06-17 11:00,11,0.2588,-0.9659,36.04,613.0,804.14,1.01,6.3317
2025-06-17 12:00,12,0.0,-1.0,40.38,628.65,854.26,3.89,6.4532
2025-06-17 13:00,13,-0.2588,-0.9659,35.59,477.75,808.2,8.78,5.3749
2025-06-17 14:00,14,-0.5,-0.866,35.15,463.2,710.35,12.96,4.8563
2025-06-17 15:00,15,-0.7071,-0.7071,38.9,514.48,592.57,8.81,5.6236
2025-06-17 16:00,16,-0.866,-0.5,36.11,571.82,442.46,9.19,5.8822
2025-06-17 17:00,17,-0.9659,-0.2588,35.69,625.74,221.09,2.91,6.977
2025-06-17 18:00,18,-1.0,-0.0,33.76,561.52,36.27,9.2,5.9968
2025-06-17 19:00,19,-0.9659,0.2588,33.09,447.72,19.14,6.85,5.1789
2025-06-17 20:00,20,-0.866,0.5,34.33,435.96,16.47,9.03,4.5665
2025-06-17 21:00,21,-0.7071,0.7071,31.58,480.76,0.0,5.53,4.7983
2025-06-17 22:00,22,-0.5,0.866,30.22,537.01,0.0,8.21,4.7533
2025-06-17 23:00,23,-0.2588,0.9659,25.56,576.22,0.0,6.54,4.8064
2025-06-18 00:00,0,0.0,1.0,25.01,537.74,0.0,7.96,4.3367
2025-06-18 01:00,1,0.2588,0.9659,21.87,432.37,0.0,3.51,3.7176
2025-06-18 02:00,2,0.5,0.866,24.71,437.55,0.0,6.25,3.7106
2025-06-18 03:00,3,0.7071,0.7071,27.57,437.87,26.53,6.03,4.3091
2025-06-18 04:00,4,0.866,0.5,27.51,498.06,11.88,10.16,4.2796
2025-06-18 05:00,5,0.9659,0.2588,27.35,540.5,25.18,9.74,4.7604
2025-06-18 06:00,6,1.0,0.0,28.89,485.81,0.0,13.62,4.2642
2025-06-18 07:00,7,0.9659,-0.2588,29.34,472.34,221.45,8.8,4.4375
2025-06-18 08:00,8,0.866,-0.5,32.24,457.8,449.17,5.41,4.7933
2025-06-18 09:00,9,0.7071,-0.7071,34.63,475.31,638.7,10.88,4.5938
2025-06-18 10:00,10,0.5,-0.866,32.5,545.12,697.42,7.29,5.4176
2025-06-18 11:00,11,0.2588,-0.9659,36.62,620.4,812.25,4.08,6.0588
2025-06-18 12:00,12,0.0,-1.0,38.52,582.28,875.86,10.32,5.8453
2025-06-18 13:00,13,-0.2588,-0.9659,37.1,483.98,816.23,3.32,5.677
2025-06-18 14:00,14,-0.5,-0.866,38.98,484.68,713.36,3.9,5.4835
2025-06-18 15:00,15,-0.7071,-0.7071,41.95,544.25,562.29,10.49,6.054
2025-06-18 16:00,16,-0.866,-0.5,36.97,578.42,401.28,10.67,5.7701
2025-06-18 17:00,17,-0.9659,-0.2588,36.76,623.43,177.77,11.01,6.2868
2025-06-18 18:00,18,-1.0,-0.0,33.82,580.51,1.46,5.19,6.3722
2025-06-18 19:00,19,-0.9659,0.2588,33.75,478.98,22.41,12.49,4.6848
2025-06-18 20:00,20,-0.866,0.5,32.62,439.51,0.0,9.97,4.6649
2025-06-18 21:00,21,-0.7071,0.7071,30.67,469.74,6.44,11.79,4.4211
2025-06-18 22:00,22,-0.5,0.866,27.4,520.81,21.13,9.77,4.6408
2025-06-18 23:00,23,-0.2588,0.9659,28.0,540.78,0.0,8.19,4.55
2025-06-19 00:00,0,0.0,1.0,28.93,521.35,0.0,3.0,4.9024
2025-06-19 01:00,1,0.2588,0.9659,26.81,445.71,9.66,9.8,3.6292
2025-06-19 02:00,2,0.5,0.866,27.37,383.07,0.0,9.53,3.2144
2025-06-19 03:00,3,0.7071,0.7071,25.78,456.45,0.0,5.39,3.6874
2025-06-19 04:00,4,0.866,0.5,27.86,533.97,0.0,10.15,4.3519
2025-06-19 05:00,5,0.9659,0.2588,28.1,539.99,2.17,7.87,4.8794
2025-06-19 06:00,6,1.0,0.0,27.5,515.41,12.75,7.97,4.5004
2025-06-19 07:00,7,0.9659,-0.2588,30.85,469.96,279.76,5.96,4.6039
2025-06-19 08:00,8,0.866,-0.5,30.44,411.34,427.81,3.1,4.4886
2025-06-19 09:00,9,0.7071,-0.7071,32.53,480.98,638.82,4.35,5.1691
2025-06-19 10:00,10,0.5,-0.866,35.21,572.65,745.07,10.65,5.2966
2025-06-19 11:00,11,0.2588,-0.9659,36.62,596.91,818.55,4.95,6.0886
2025-06-19 12:00,12,0.0,-1.0,35.34,578.11,853.71,0.5,6.242
2025-06-19 13:00,13,-0.2588,-0.9659,39.3,511.44,790.49,21.22,4.5387
2025-06-19 14:00,14,-0.5,-0.866,38.79,500.38,743.77,4.28,5.6447
2025-06-19 15:00,15,-0.7071,-0.7071,36.67,496.77,551.24,9.08,5.4772
2025-06-19 16:00,16,-0.866,-0.5,34.82,564.62,403.43,14.23,5.6231
2025-06-19 17:00,17,-0.9659,-0.2588,35.95,634.21,222.74,8.42,6.5835
2025-06-19 18:00,18,-1.0,-0.0,34.26,570.02,29.85,11.15,6.1807
2025-06-19 19:00,19,-0.9659,0.2588,33.65,466.51,35.77,17.03,4.7342
2025-06-19 20:00,20,-0.866,0.5,31.38,411.84,0.0,12.35,4.494
2025-06-19 21:00,21,-0.7071,0.7071,27.36,428.51,3.89,7.95,3.8298
2025-06-19 22:00,22,-0.5,0.866,28.35,521.19,24.61,5.92,5.1501
2025-06-19 23:00,23,-0.2588,0.9659,27.23,555.37,0.0,7.14,4.8202
2025-06-20 00:00,0,0.0,1.0,27.68,499.85,10.12,11.95,4.0344
2025-06-20 01:00,1,0.2588,0.9659,25.09,419.99,0.0,12.19,3.3911
2025-06-20 02:00,2,0.5,0.866,28.45,407.79,0.0,12.03,3.3372
2025-06-20 03:00,3,0.7071,0.7071,23.27,434.77,0.0,8.39,3.2925
2025-06-20 04:00,4,0.866,0.5,28.7,550.45,10.88,7.08,5.0379
2025-06-20 05:00,5,0.9659,0.2588,27.35,550.55,13.76,5.37,4.7733
2025-06-20 06:00,6,1.0,0.0,30.22,557.45,22.28,0.51,5.4708
2025-06-20 07:00,7,0.9659,-0.2588,30.49,439.9,228.7,10.58,4.0961
2025-06-20 08:00,8,0.866,-0.5,33.64,421.5,429.29,5.01,4.5375
2025-06-20 09:00,9,0.7071,-0.7071,32.9,459.9,647.39,5.57,4.7361
2025-06-20 10:00,10,0.5,-0.866,33.28,572.58,698.01,11.98,5.1063
2025-06-20 11:00,11,0.2588,-0.9659,38.3,658.75,863.43,2.04,6.9664
2025-06-20 12:00,12,0.0,-1.0,36.95,572.4,842.75,14.26,5.376
2025-06-20 13:00,13,-0.2588,-0.9659,38.06,511.04,835.31,0.5,5.8929
2025-06-20 14:00,14,-0.5,-0.866,39.78,476.71,727.98,14.72,4.8698
2025-06-20 15:00,15,-0.7071,-0.7071,36.18,475.73,583.48,6.85,5.4242
2025-06-20 16:00,16,-0.866,-0.5,38.02,603.42,437.11,2.89,6.7217
2025-06-20 17:00,17,-0.9659,-0.2588,35.29,611.63,246.05,9.32,6.1784
2025-06-20 18:00,18,-1.0,-0.0,34.73,566.5,11.83,13.24,5.5334
2025-06-20 19:00,19,-0.9659,0.2588,33.59,461.22,0.0,6.68,5.3811
2025-06-20 20:00,20,-0.866,0.5,29.68,438.02,90.28,9.54,4.3311
2025-06-20 21:00,21,-0.7071,0.7071,29.21,439.61,29.96,17.34,3.4949
2025-06-20 22:00,22,-0.5,0.866,30.95,544.14,23.33,4.62,5.3337
2025-06-20 23:00,23,-0.2588,0.9659,29.01,536.3,0.0,11.53,4.5923
2025-06-21 00:00,0,0.0,1.0,26.64,509.64,0.0,5.21,4.4205
2025-06-21 01:00,1,0.2588,0.9659,26.5,441.87,0.0,6.56,4.2154
2025-06-21 02:00,2,0.5,0.866,25.49,404.91,27.04,5.06,4.0731
2025-06-21 03:00,3,0.7071,0.7071,28.17,441.16,0.0,6.76,4.0632
2025-06-21 04:00,4,0.866,0.5,26.43,519.92,0.0,0.63,4.8194
2025-06-21 05:00,5,0.9659,0.2588,28.03,533.31,13.49,5.29,4.918
2025-06-21 06:00,6,1.0,0.0,30.65,536.64,7.98,6.76,4.863
2025-06-21 07:00,7,0.9659,-0.2588,29.21,448.88,200.74,8.8,4.1132
2025-06-21 08:00,8,0.866,-0.5,34.27,453.61,397.72,8.86,4.2672
2025-06-21 09:00,9,0.7071,-0.7071,31.19,464.07,636.99,8.24,4.3444
2025-06-21 10:00,10,0.5,-0.866,37.37,568.38,745.05,5.18,5.5565
2025-06-21 11:00,11,0.2588,-0.9659,35.61,591.13,786.95,15.1,5.332
2025-06-21 12:00,12,0.0,-1.0,36.76,549.37,817.66,6.21,5.6068
2025-06-21 13:00,13,-0.2588,-0.9659,34.89,504.87,812.0,4.35,5.627
2025-06-21 14:00,14,-0.5,-0.866,37.25,486.38,754.44,7.91,5.555
2025-06-21 15:00,15,-0.7071,-0.7071,36.16,515.47,615.92,10.35,5.6922
2025-06-21 16:00,16,-0.866,-0.5,36.21,582.8,453.29,0.98,6.6133
2025-06-21 17:00,17,-0.9659,-0.2588,35.96,581.72,182.74,5.0,6.5859
2025-06-21 18:00,18,-1.0,-0.0,36.36,564.02,5.6,11.62,6.0326
2025-06-21 19:00,19,-0.9659,0.2588,33.79,486.4,35.65,7.4,5.6575
2025-06-21 20:00,20,-0.866,0.5,32.39,437.15,33.32,6.38,5.0361
2025-06-21 21:00,21,-0.7071,0.7071,28.73,440.01,8.97,14.39,4.1644
2025-06-21 22:00,22,-0.5,0.866,27.61,518.03,58.7,2.7,4.641
2025-06-21 23:00,23,-0.2588,0.9659,30.38,569.24,15.23,8.6,4.7857
2025-06-22 00:00,0,0.0,1.0,25.63,514.31,26.07,5.7,4.5799
2025-06-22 01:00,1,0.2588,0.9659,28.62,432.85,1.11,2.39,4.3566
2025-06-22 02:00,2,0.5,0.866,25.56,414.73,0.0,4.32,3.7582
2025-06-22 03:00,3,0.7071,0.7071,26.14,431.04,0.0,8.75,3.5333
2025-06-22 04:00,4,0.866,0.5,28.34,495.24,4.54,1.49,4.9577
2025-06-22 05:00,5,0.9659,0.2588,29.59,551.18,0.0,8.33,4.4629
2025-06-22 06:00,6,1.0,0.0,28.76,513.37,0.0,15.6,4.3496
2025-06-22 07:00,7,0.9659,-0.2588,29.79,466.75,194.35,11.08,4.2913
2025-06-22 08:00,8,0.866,-0.5,31.84,430.12,417.04,5.73,4.424
2025-06-22 09:00,9,0.7071,-0.7071,33.99,482.61,619.22,3.39,5.2403
2025-06-22 10:00,10,0.5,-0.866,36.27,559.89,735.72,6.96,5.4819
2025-06-22 11:00,11,0.2588,-0.9659,36.18,627.2,819.24,6.22,6.1086
2025-06-22 12:00,12,0.0,-1.0,38.05,583.14,825.33,16.62,5.2518
2025-06-22 13:00,13,-0.2588,-0.9659,40.18,533.45,821.62,18.86,5.1225
2025-06-22 14:00,14,-0.5,-0.866,38.5,506.2,769.1,6.4,5.7369
2025-06-22 15:00,15,-0.7071,-0.7071,38.19,526.66,604.93,3.53,5.7924
2025-06-22 16:00,16,-0.866,-0.5,34.85,542.84,387.32,13.67,5.188
2025-06-22 17:00,17,-0.9659,-0.2588,32.22,557.26,188.71,11.05,5.4658
2025-06-22 18:00,18,-1.0,-0.0,35.51,571.62,14.72,7.45,6.3557
2025-06-22 19:00,19,-0.9659,0.2588,33.34,462.02,0.0,5.93,5.4805
2025-06-22 20:00,20,-0.866,0.5,31.16,434.98,0.0,6.79,5.1315
2025-06-22 21:00,21,-0.7071,0.7071,30.74,460.06,0.0,13.41,4.0328
2025-06-22 22:00,22,-0.5,0.866,28.84,521.68,12.59,3.98,5.2876
2025-06-22 23:00,23,-0.2588,0.9659,29.38,550.42,0.0,11.28,4.1659
2025-06-23 00:00,0,0.0,1.0,26.86,538.62,0.0,1.19,4.973
2025-06-23 01:00,1,0.2588,0.9659,25.01,480.14,0.0,14.01,3.5055
2025-06-23 02:00,2,0.5,0.866,27.41,395.82,23.04,7.33,3.5701
2025-06-23 03:00,3,0.7071,0.7071,25.81,442.8,0.0,4.46,3.9432
2025-06-23 04:00,4,0.866,0.5,27.52,513.96,15.2,0.5,4.9569
2025-06-23 05:00,5,0.9659,0.2588,26.97,546.1,0.0,7.97,4.4493
2025-06-23 06:00,6,1.0,0.0,27.95,500.02,43.35,4.66,5.0032
2025-06-23 07:00,7,0.9659,-0.2588,30.5,441.24,251.93,8.79,4.3107
2025-06-23 08:00,8,0.866,-0.5,31.95,414.55,377.26,5.06,4.5951
2025-06-23 09:00,9,0.7071,-0.7071,34.2,493.19,580.99,2.67,5.2607
2025-06-23 10:00,10,0.5,-0.866,34.53,556.91,748.06,7.38,5.325
2025-06-23 11:00,11,0.2588,-0.9659,33.42,554.66,788.04,8.02,5.4767
2025-06-23 12:00,12,0.0,-1.0,36.48,586.97,846.71,6.83,6.2194
2025-06-23 13:00,13,-0.2588,-0.9659,38.91,524.24,831.7,6.89,5.4466
2025-06-23 14:00,14,-0.5,-0.866,37.48,496.06,731.5,8.31,5.1885
2025-06-23 15:00,15,-0.7071,-0.7071,37.35,517.93,614.51,7.61,5.8052
2025-06-23 16:00,16,-0.866,-0.5,38.6,575.15,407.67,3.32,6.5865
2025-06-23 17:00,17,-0.9659,-0.2588,35.1,573.38,163.89,4.12,6.5304
2025-06-23 18:00,18,-1.0,-0.0,32.61,538.62,24.55,3.44,6.1642
2025-06-23 19:00,19,-0.9659,0.2588,33.24,470.04,24.4,9.57,5.2397
2025-06-23 20:00,20,-0.866,0.5,31.2,439.76,62.59,7.63,4.6413
2025-06-23 21:00,21,-0.7071,0.7071,28.93,444.77,0.0,6.6,4.2983
2025-06-23 22:00,22,-0.5,0.866,28.67,534.83,18.77,11.14,4.3978
2025-06-23 23:00,23,-0.2588,0.9659,28.42,533.51,0.0,5.53,4.7878
2025-06-24 00:00,0,0.0,1.0,26.72,526.98,43.91,8.06,4.0717
2025-06-24 01:00,1,0.2588,0.9659,26.59,448.31,12.2,2.45,4.1938
2025-06-24 02:00,2,0.5,0.866,28.65,374.91,0.0,10.28,3.2784
2025-06-24 03:00,3,0.7071,0.7071,25.62,457.34,19.51,9.59,3.6092
2025-06-24 04:00,4,0.866,0.5,27.15,513.9,0.0,11.21,4.1663
2025-06-24 05:00,5,0.9659,0.2588,26.92,555.88,7.51,12.93,4.053
2025-06-24 06:00,6,1.0,0.0,27.66,499.53,5.15,10.48,4.224
2025-06-24 07:00,7,0.9659,-0.2588,29.5,468.61,263.6,12.0,3.8932
2025-06-24 08:00,8,0.866,-0.5,31.21,407.89,470.37,5.73,4.4587
2025-06-24 09:00,9,0.7071,-0.7071,34.02,498.14,586.11,5.71,5.5653
2025-06-24 10:00,10,0.5,-0.866,38.45,608.42,762.57,14.95,5.1957
2025-06-24 11:00,11,0.2588,-0.9659,35.1,592.16,829.91,13.8,5.1861
2025-06-24 12:00,12,0.0,-1.0,36.5,610.25,814.68,7.85,5.8722
2025-06-24 13:00,13,-0.2588,-0.9659,37.63,518.01,803.63,5.95,5.754
2025-06-24 14:00,14,-0.5,-0.866,38.52,493.98,794.53,12.48,5.0227
2025-06-24 15:00,15,-0.7071,-0.7071,38.12,495.55,609.99,5.5,5.8741
2025-06-24 16:00,16,-0.866,-0.5,39.05,632.67,449.99,3.59,7.1137
2025-06-24 17:00,17,-0.9659,-0.2588,32.53,567.88,214.7,8.89,5.658
2025-06-24 18:00,18,-1.0,-0.0,31.35,554.66,0.0,1.84,6.3972
2025-06-24 19:00,19,-0.9659,0.2588,32.74,460.48,0.68,6.08,4.953
2025-06-24 20:00,20,-0.866,0.5,33.57,435.31,0.0,11.3,4.5548
2025-06-24 21:00,21,-0.7071,0.7071,28.03,449.55,0.0,5.21,4.5561
2025-06-24 22:00,22,-0.5,0.866,24.42,527.91,0.0,14.4,3.9865
2025-06-24 23:00,23,-0.2588,0.9659,28.54,535.27,17.7,15.54,4.0051
2025-06-25 00:00,0,0.0,1.0,27.1,528.86,0.0,11.45,4.0531
2025-06-25 01:00,1,0.2588,0.9659,24.5,453.17,0.64,18.45,2.8661
2025-06-25 02:00,2,0.5,0.866,24.45,385.93,5.87,7.65,3.3228
2025-06-25 03:00,3,0.7071,0.7071,24.68,461.48,7.83,8.08,3.8307
2025-06-25 04:00,4,0.866,0.5,26.9,490.65,28.66,11.84,3.9047
2025-06-25 05:00,5,0.9659,0.2588,26.75,540.63,0.0,7.25,4.587
2025-06-25 06:00,6,1.0,0.0,29.67,533.04,14.26,6.36,5.2651
2025-06-25 07:00,7,0.9659,-0.2588,26.09,424.7,238.87,8.59,4.2245
2025-06-25 08:00,8,0.866,-0.5,30.64,425.1,449.65,9.11,3.8705
2025-06-25 09:00,9,0.7071,-0.7071,31.79,471.45,565.72,10.37,4.5048
2025-06-25 10:00,10,0.5,-0.866,34.54,562.04,742.49,9.24,5.1973
2025-06-25 11:00,11,0.2588,-0.9659,35.36,621.4,863.94,10.3,5.8468
2025-06-25 12:00,12,0.0,-1.0,38.32,591.64,847.52,9.32,5.8517
2025-06-25 13:00,13,-0.2588,-0.9659,34.93,496.45,833.12,7.12,5.3002
2025-06-25 14:00,14,-0.5,-0.866,38.0,497.17,755.63,3.35,5.9594
2025-06-25 15:00,15,-0.7071,-0.7071,38.56,533.85,575.4,10.92,5.6615
2025-06-25 16:00,16,-0.866,-0.5,39.91,619.56,470.85,1.56,7.4138
2025-06-25 17:00,17,-0.9659,-0.2588,35.45,592.35,232.48,19.47,5.5235
2025-06-25 18:00,18,-1.0,-0.0,35.41,579.69,12.99,11.68,6.1806
2025-06-25 19:00,19,-0.9659,0.2588,30.78,446.53,0.0,9.28,4.8213
2025-06-25 20:00,20,-0.866,0.5,28.34,383.5,19.86,16.22,3.5446
2025-06-25 21:00,21,-0.7071,0.7071,31.64,465.56,12.66,8.57,4.8365
2025-06-25 22:00,22,-0.5,0.866,28.92,506.29,40.6,2.12,5.1828
2025-06-25 23:00,23,-0.2588,0.9659,29.45,573.49,0.0,7.97,4.7047
2025-06-26 00:00,0,0.0,1.0,24.67,524.72,0.0,5.01,4.488
2025-06-26 01:00,1,0.2588,0.9659,26.91,408.96,0.0,5.98,3.8119
2025-06-26 02:00,2,0.5,0.866,28.73,393.43,0.0,6.9,3.6168
2025-06-26 03:00,3,0.7071,0.7071,26.76,415.6,0.0,10.74,3.4933
2025-06-26 04:00,4,0.866,0.5,27.15,505.56,32.25,7.36,4.3064
2025-06-26 05:00,5,0.9659,0.2588,27.7,556.83,33.19,7.06,4.3909
2025-06-26 06:00,6,1.0,0.0,26.57,508.87,0.0,5.28,4.5432
2025-06-26 07:00,7,0.9659,-0.2588,32.41,463.92,210.18,7.75,4.839
2025-06-26 08:00,8,0.866,-0.5,31.01,443.6,379.61,4.7,4.6275
2025-06-26 09:00,9,0.7071,-0.7071,34.24,452.83,618.44,4.84,4.8946
2025-06-26 10:00,10,0.5,-0.866,32.58,567.72,777.46,10.47,5.0784
2025-06-26 11:00,11,0.2588,-0.9659,34.4,593.05,805.11,5.7,5.6671
2025-06-26 12:00,12,0.0,-1.0,39.28,601.54,847.08,2.02,6.4297
2025-06-26 13:00,13,-0.2588,-0.9659,37.2,503.21,831.89,5.71,5.6419
2025-06-26 14:00,14,-0.5,-0.866,40.11,520.01,779.23,8.88,5.779
2025-06-26 15:00,15,-0.7071,-0.7071,37.61,495.89,606.04,11.41,5.7876
2025-06-26 16:00,16,-0.866,-0.5,34.36,563.57,429.89,15.91,5.26
2025-06-26 17:00,17,-0.9659,-0.2588,37.51,633.98,224.48,10.3,6.8416
2025-06-26 18:00,18,-1.0,-0.0,34.04,536.68,0.0,6.59,5.8613
2025-06-26 19:00,19,-0.9659,0.2588,34.53,475.93,0.0,5.25,5.6789
2025-06-26 20:00,20,-0.866,0.5,31.97,429.51,0.0,3.28,5.1096
2025-06-26 21:00,21,-0.7071,0.7071,28.06,424.68,25.32,8.75,4.1451
2025-06-26 22:00,22,-0.5,0.866,29.17,509.66,0.0,7.43,4.7226
2025-06-26 23:00,23,-0.2588,0.9659,30.98,568.59,0.0,9.36,4.7854
2025-06-27 00:00,0,0.0,1.0,27.47,522.24,0.0,4.58,4.8281
2025-06-27 01:00,1,0.2588,0.9659,26.05,432.36,0.0,5.5,3.6819
2025-06-27 02:00,2,0.5,0.866,27.54,416.18,42.55,5.17,3.8636
2025-06-27 03:00,3,0.7071,0.7071,26.45,422.53,0.0,11.12,3.5656
2025-06-27 04:00,4,0.866,0.5,27.05,493.72,0.0,3.81,4.8203
2025-06-27 05:00,5,0.9659,0.2588,26.05,578.9,0.63,8.52,5.0031
2025-06-27 06:00,6,1.0,0.0,29.28,512.86,43.88,2.02,5.3037
2025-06-27 07:00,7,0.9659,-0.2588,31.93,449.26,207.43,7.86,4.389
2025-06-27 08:00,8,0.866,-0.5,30.67,395.26,395.47,2.26,4.3552
2025-06-27 09:00,9,0.7071,-0.7071,35.62,514.57,588.52,3.87,5.2124
2025-06-27 10:00,10,0.5,-0.866,34.79,561.71,739.34,3.05,5.5249
2025-06-27 11:00,11,0.2588,-0.9659,34.84,600.91,838.24,5.74,5.8687
2025-06-27 12:00,12,0.0,-1.0,38.62,595.08,875.17,5.71,5.9892
2025-06-27 13:00,13,-0.2588,-0.9659,37.29,527.04,794.89,11.65,5.5695
2025-06-27 14:00,14,-0.5,-0.866,39.07,485.85,712.35,4.45,5.7015
2025-06-27 15:00,15,-0.7071,-0.7071,37.29,546.95,592.96,2.65,6.3483
2025-06-27 16:00,16,-0.866,-0.5,37.03,586.78,442.11,8.46,6.1565
2025-06-27 17:00,17,-0.9659,-0.2588,36.91,637.22,188.5,9.49,6.3122
2025-06-27 18:00,18,-1.0,-0.0,35.36,583.49,0.0,5.2,6.7341
2025-06-27 19:00,19,-0.9659,0.2588,30.49,456.86,0.0,8.46,5.1149
2025-06-27 20:00,20,-0.866,0.5,30.25,409.17,23.54,10.76,4.4154
2025-06-27 21:00,21,-0.7071,0.7071,31.77,472.63,13.21,5.75,5.0567
2025-06-27 22:00,22,-0.5,0.866,28.73,525.99,22.59,7.6,4.6124
2025-06-27 23:00,23,-0.2588,0.9659,26.9,541.41,33.47,3.5,4.7458
2025-06-28 00:00,0,0.0,1.0,24.69,515.0,0.0,1.36,4.7659
2025-06-28 01:00,1,0.2588,0.9659,24.51,456.04,0.0,17.56,3.3141
2025-06-28 02:00,2,0.5,0.866,22.9,431.05,0.0,5.25,3.7345
2025-06-28 03:00,3,0.7071,0.7071,25.98,450.32,0.0,5.03,4.2167
2025-06-28 04:00,4,0.866,0.5,25.83,540.44,0.0,16.75,3.6947
2025-06-28 05:00,5,0.9659,0.2588,26.24,540.56,0.0,10.04,4.6807
2025-06-28 06:00,6,1.0,0.0,28.83,529.64,19.69,8.26,4.7445
2025-06-28 07:00,7,0.9659,-0.2588,30.92,480.95,220.42,9.65,4.5585
2025-06-28 08:00,8,0.866,-0.5,35.07,443.1,412.74,9.79,4.4253
2025-06-28 09:00,9,0.7071,-0.7071,31.21,455.92,598.14,10.56,4.4658
2025-06-28 10:00,10,0.5,-0.866,36.67,607.91,710.15,2.32,6.4472
2025-06-28 11:00,11,0.2588,-0.9659,37.63,612.42,846.67,6.42,5.7546
2025-06-28 12:00,12,0.0,-1.0,35.96,556.03,830.35,5.2,6.0773
2025-06-28 13:00,13,-0.2588,-0.9659,38.03,540.65,792.54,2.38,6.6335
2025-06-28 14:00,14,-0.5,-0.866,37.24,491.89,756.57,6.42,5.4791
2025-06-28 15:00,15,-0.7071,-0.7071,38.0,524.0,615.39,8.61,5.7281
2025-06-28 16:00,16,-0.866,-0.5,39.39,602.92,381.91,3.9,7.1102
2025-06-28 17:00,17,-0.9659,-0.2588,37.08,616.06,241.37,5.31,6.7365
2025-06-28 18:00,18,-1.0,-0.0,35.69,578.26,0.0,8.88,6.2252
2025-06-28 19:00,19,-0.9659,0.2588,32.84,499.88,0.0,8.19,5.7915
2025-06-28 20:00,20,-0.866,0.5,29.7,417.2,4.68,12.54,3.8887
2025-06-28 21:00,21,-0.7071,0.7071,30.06,486.51,14.67,11.01,4.3699
2025-06-28 22:00,22,-0.5,0.866,30.74,520.94,11.14,16.15,4.3068
2025-06-28 23:00,23,-0.2588,0.9659,25.39,549.7,0.0,8.39,4.203
2025-06-29 00:00,0,0.0,1.0,25.15,506.9,0.0,9.64,3.9559
2025-06-29 01:00,1,0.2588,0.9659,26.32,421.22,10.31,12.35,3.1944
2025-06-29 02:00,2,0.5,0.866,24.45,397.7,0.0,11.91,3.2301
2025-06-29 03:00,3,0.7071,0.7071,24.94,443.76,45.13,9.91,3.6398
2025-06-29 04:00,4,0.866,0.5,26.1,520.36,14.66,7.33,4.0406
2025-06-29 05:00,5,0.9659,0.2588,25.64,582.56,0.0,4.97,4.9359
2025-06-29 06:00,6,1.0,0.0,27.47,519.47,0.0,12.74,4.2288
2025-06-29 07:00,7,0.9659,-0.2588,31.43,482.2,221.2,10.77,4.4203
2025-06-29 08:00,8,0.866,-0.5,29.97,416.73,457.49,11.87,3.599
2025-06-29 09:00,9,0.7071,-0.7071,31.08,487.35,636.32,3.43,5.0648
2025-06-29 10:00,10,0.5,-0.866,33.98,596.34,726.22,5.41,5.6433
2025-06-29 11:00,11,0.2588,-0.9659,37.27,632.12,797.7,6.55,6.3166
2025-06-29 12:00,12,0.0,-1.0,36.83,568.24,823.46,11.88,5.4491
2025-06-29 13:00,13,-0.2588,-0.9659,37.03,501.48,827.35,13.15,4.8067
2025-06-29 14:00,14,-0.5,-0.866,37.99,484.19,793.72,5.1,5.8821
2025-06-29 15:00,15,-0.7071,-0.7071,35.11,501.19,614.52,9.48,5.6532
2025-06-29 16:00,16,-0.866,-0.5,37.87,601.91,385.15,2.5,6.9239
2025-06-29 17:00,17,-0.9659,-0.2588,36.75,626.87,201.85,6.39,6.687
2025-06-29 18:00,18,-1.0,-0.0,34.31,563.12,0.0,7.19,5.9626
2025-06-29 19:00,19,-0.9659,0.2588,34.99,483.88,0.0,10.6,5.4724
2025-06-29 20:00,20,-0.866,0.5,30.24,423.91,0.0,13.13,4.3603
2025-06-29 21:00,21,-0.7071,0.7071,32.07,497.86,9.23,5.64,4.9666
2025-06-29 22:00,22,-0.5,0.866,29.16,537.08,17.05,7.62,4.7279
2025-06-29 23:00,23,-0.2588,0.9659,27.18,558.02,27.29,8.99,4.7041
2025-06-30 00:00,0,0.0,1.0,26.7,527.94,13.11,5.56,4.3148
2025-06-30 01:00,1,0.2588,0.9659,25.97,431.93,0.0,18.11,2.7724
2025-06-30 02:00,2,0.5,0.866,27.76,392.38,0.0,12.71,2.9342
2025-06-30 03:00,3,0.7071,0.7071,24.52,426.28,0.0,5.22,3.5638
2025-06-30 04:00,4,0.866,0.5,25.59,510.62,3.68,7.41,4.1463
2025-06-30 05:00,5,0.9659,0.2588,29.24,553.59,21.54,4.51,5.2975
2025-06-30 06:00,6,1.0,0.0,28.03,530.9,1.08,7.48,4.5167
2025-06-30 07:00,7,0.9659,-0.2588,31.73,460.18,221.26,9.44,4.5274
2025-06-30 08:00,8,0.866,-0.5,34.48,439.78,430.94,2.63,5.0103
2025-06-30 09:00,9,0.7071,-0.7071,32.88,505.67,594.67,12.57,4.7531
2025-06-30 10:00,10,0.5,-0.866,35.95,569.33,738.29,8.35,5.5448
2025-06-30 11:00,11,0.2588,-0.9659,34.44,603.83,849.18,18.8,4.7963
2025-06-30 12:00,12,0.0,-1.0,38.26,601.32,847.9,1.42,6.3418
2025-06-30 13:00,13,-0.2588,-0.9659,38.02,500.63,820.28,11.74,5.3672
2025-06-30 14:00,14,-0.5,-0.866,38.64,503.63,735.28,11.03,5.4863
2025-06-30 15:00,15,-0.7071,-0.7071,36.76,517.1,633.49,3.32,5.9126
2025-06-30 16:00,16,-0.866,-0.5,34.63,588.94,397.3,5.62,6.5232
2025-06-30 17:00,17,-0.9659,-0.2588,36.93,611.22,264.39,12.94,5.9963
2025-06-30 18:00,18,-1.0,-0.0,31.83,544.65,0.0,7.52,5.8814
2025-06-30 19:00,19,-0.9659,0.2588,33.01,478.13,0.0,6.3,5.3036
2025-06-30 20:00,20,-0.866,0.5,33.34,446.68,18.62,13.52,4.5848
2025-06-30 21:00,21,-0.7071,0.7071,30.66,436.99,25.76,2.75,4.6552
2025-06-30 22:00,22,-0.5,0.866,31.85,544.97,0.0,7.04,5.0796
2025-06-30 23:00,23,-0.2588,0.9659,29.22,538.39,0.0,9.05,4.5042
2025-07-01 00:00,0,0.0,1.0,26.82,517.88,6.95,8.52,4.3297
2025-07-01 01:00,1,0.2588,0.9659,27.25,405.57,58.61,4.88,3.8112
2025-07-01 02:00,2,0.5,0.866,26.93,372.23,31.16,8.01,3.0609
2025-07-01 03:00,3,0.7071,0.7071,24.83,449.78,0.0,9.77,3.6744
2025-07-01 04:00,4,0.866,0.5,26.39,504.3,0.0,8.25,3.9438
2025-07-01 05:00,5,0.9659,0.2588,27.92,535.18,2.04,9.45,5.0082
2025-07-01 06:00,6,1.0,0.0,26.95,531.56,9.06,4.79,4.8975
2025-07-01 07:00,7,0.9659,-0.2588,31.52,470.56,210.43,11.77,4.5414
2025-07-01 08:00,8,0.866,-0.5,32.63,450.09,403.73,6.8,4.6711
2025-07-01 09:00,9,0.7071,-0.7071,32.04,467.35,605.02,18.38,3.8659
2025-07-01 10:00,10,0.5,-0.866,36.61,621.54,712.57,1.35,6.1871
2025-07-01 11:00,11,0.2588,-0.9659,38.32,623.46,867.85,6.09,6.3322
2025-07-01 12:00,12,0.0,-1.0,38.54,622.96,887.92,3.93,6.4377
2025-07-01 13:00,13,-0.2588,-0.9659,38.31,519.06,837.48,7.93,5.6657
2025-07-01 14:00,14,-0.5,-0.866,39.89,470.28,738.36,4.65,5.7055
2025-07-01 15:00,15,-0.7071,-0.7071,39.82,539.27,584.54,10.18,5.9025
2025-07-01 16:00,16,-0.866,-0.5,38.66,602.48,424.48,12.86,5.9195
2025-07-01 17:00,17,-0.9659,-0.2588,36.01,598.28,260.98,4.28,6.5697
2025-07-01 18:00,18,-1.0,-0.0,36.41,565.99,21.72,3.68,6.4731
2025-07-01 19:00,19,-0.9659,0.2588,36.35,503.9,5.09,12.7,5.1635
2025-07-01 20:00,20,-0.866,0.5,32.11,438.09,23.1,5.89,4.9428
2025-07-01 21:00,21,-0.7071,0.7071,34.59,453.19,13.64,6.64,4.9879
2025-07-01 22:00,22,-0.5,0.866,29.21,537.99,9.91,4.4,5.1741
2025-07-01 23:00,23,-0.2588,0.9659,28.81,549.03,24.51,6.55,4.818
2025-07-02 00:00,0,0.0,1.0,26.8,492.52,12.93,4.51,4.4894
2025-07-02 01:00,1,0.2588,0.9659,27.54,451.62,21.46,9.21,3.8097
2025-07-02 02:00,2,0.5,0.866,24.39,399.65,4.03,7.31,3.4062
2025-07-02 03:00,3,0.7071,0.7071,26.39,455.74,0.0,10.96,3.6686
2025-07-02 04:00,4,0.866,0.5,26.17,519.07,0.0,5.39,4.7713
2025-07-02 05:00,5,0.9659,0.2588,28.96,557.66,0.0,7.39,4.6925
2025-07-02 06:00,6,1.0,0.0,31.49,538.14,0.0,4.82,5.2581
2025-07-02 07:00,7,0.9659,-0.2588,32.42,480.07,197.2,14.53,4.3217
2025-07-02 08:00,8,0.866,-0.5,29.44,405.34,401.48,7.56,3.7824
2025-07-02 09:00,9,0.7071,-0.7071,37.62,501.64,588.36,3.84,5.7562
2025-07-02 10:00,10,0.5,-0.866,36.44,589.19,775.18,4.97,5.9144
2025-07-02 11:00,11,0.2588,-0.9659,36.08,612.46,817.1,2.59,6.4684
2025-07-02 12:00,12,0.0,-1.0,38.43,596.46,856.04,1.48,6.6947
2025-07-02 13:00,13,-0.2588,-0.9659,39.06,542.32,827.87,7.6,5.8828
2025-07-02 14:00,14,-0.5,-0.866,38.0,478.29,775.81,5.64,5.0991
2025-07-02 15:00,15,-0.7071,-0.7071,39.09,526.46,586.65,16.03,5.3394
2025-07-02 16:00,16,-0.866,-0.5,37.28,577.78,419.44,3.81,6.5829
2025-07-02 17:00,17,-0.9659,-0.2588,36.64,625.55,217.34,11.06,6.135
2025-07-02 18:00,18,-1.0,-0.0,34.97,573.51,28.41,5.42,6.0228
2025-07-02 19:00,19,-0.9659,0.2588,32.4,486.24,33.6,4.43,5.6365
2025-07-02 20:00,20,-0.866,0.5,33.22,433.06,11.86,16.45,3.9212
2025-07-02 21:00,21,-0.7071,0.7071,32.33,465.23,30.82,11.21,4.9072
2025-07-02 22:00,22,-0.5,0.866,30.77,546.56,4.44,8.78,5.0022
2025-07-02 23:00,23,-0.2588,0.9659,29.99,569.68,0.0,9.62,5.1086
2025-07-03 00:00,0,0.0,1.0,28.29,501.23,29.47,19.19,3.4401
2025-07-03 01:00,1,0.2588,0.9659,26.41,457.1,12.19,8.35,3.954
2025-07-03 02:00,2,0.5,0.866,28.26,376.6,0.0,2.88,3.8189
2025-07-03 03:00,3,0.7071,0.7071,25.17,449.26,24.94,2.28,4.3457
2025-07-03 04:00,4,0.866,0.5,26.45,493.52,0.0,9.22,3.6932
2025-07-03 05:00,5,0.9659,0.2588,27.31,578.29,0.0,9.11,5.0148
2025-07-03 06:00,6,1.0,0.0,31.62,518.29,22.33,10.33,4.8984
2025-07-03 07:00,7,0.9659,-0.2588,32.86,493.67,217.78,2.99,5.1799
2025-07-03 08:00,8,0.866,-0.5,33.73,444.62,434.72,14.98,3.9326
2025-07-03 09:00,9,0.7071,-0.7071,36.16,497.29,617.59,7.88,4.9699
2025-07-03 10:00,10,0.5,-0.866,34.68,568.73,716.55,9.01,5.4445
2025-07-03 11:00,11,0.2588,-0.9659,37.77,637.6,830.66,1.66,6.8369
2025-07-03 12:00,12,0.0,-1.0,38.01,579.0,883.74,15.85,5.1185
2025-07-03 13:00,13,-0.2588,-0.9659,40.07,521.79,797.13,8.0,5.3928
2025-07-03 14:00,14,-0.5,-0.866,38.83,496.36,747.37,8.01,6.0616
2025-07-03 15:00,15,-0.7071,-0.7071,38.22,493.63,580.3,14.92,5.2718
2025-07-03 16:00,16,-0.866,-0.5,39.01,591.8,450.53,14.33,5.8328
2025-07-03 17:00,17,-0.9659,-0.2588,38.56,680.07,245.29,4.39,7.5238
2025-07-03 18:00,18,-1.0,-0.0,35.0,553.96,0.0,14.39,5.8025
2025-07-03 19:00,19,-0.9659,0.2588,34.46,506.41,55.24,10.16,5.4409
2025-07-03 20:00,20,-0.866,0.5,31.41,418.51,27.67,1.22,4.9993
2025-07-03 21:00,21,-0.7071,0.7071,27.7,445.14,17.67,4.61,4.7318
2025-07-03 22:00,22,-0.5,0.866,30.3,540.72,16.27,6.42,5.2657
2025-07-03 23:00,23,-0.2588,0.9659,29.67,580.3,24.6,8.23,4.6204
2025-07-04 00:00,0,0.0,1.0,28.2,511.07,0.0,9.67,4.2821
2025-07-04 01:00,1,0.2588,0.9659,24.28,467.33,4.87,4.27,4.1147
2025-07-04 02:00,2,0.5,0.866,26.47,391.16,9.58,11.85,3.1648
2025-07-04 03:00,3,0.7071,0.7071,23.88,441.01,0.0,12.03,3.3196
2025-07-04 04:00,4,0.866,0.5,29.86,531.05,11.62,8.83,4.7989
2025-07-04 05:00,5,0.9659,0.2588,27.13,533.17,30.79,14.02,4.0928
2025-07-04 06:00,6,1.0,0.0,31.88,539.28,0.0,11.39,4.8592
2025-07-04 07:00,7,0.9659,-0.2588,32.87,478.85,218.64,4.4,5.072
2025-07-04 08:00,8,0.866,-0.5,31.65,422.71,404.49,11.14,4.0351
2025-07-04 09:00,9,0.7071,-0.7071,32.85,512.94,556.37,15.4,4.1575
2025-07-04 10:00,10,0.5,-0.866,36.53,568.13,755.59,3.39,5.9165
2025-07-04 11:00,11,0.2588,-0.9659,35.98,631.5,820.39,17.26,5.3336
2025-07-04 12:00,12,0.0,-1.0,38.35,608.15,851.19,1.4,6.4788
2025-07-04 13:00,13,-0.2588,-0.9659,38.07,517.86,796.37,7.56,5.5957
2025-07-04 14:00,14,-0.5,-0.866,36.33,453.65,731.48,10.73,4.3189
2025-07-04 15:00,15,-0.7071,-0.7071,35.45,485.57,628.46,11.0,5.4025
2025-07-04 16:00,16,-0.866,-0.5,38.54,589.02,425.02,10.14,6.3875
2025-07-04 17:00,17,-0.9659,-0.2588,36.4,590.42,220.73,7.64,6.0986
2025-07-04 18:00,18,-1.0,-0.0,35.17,554.81,5.19,9.03,5.8931
2025-07-04 19:00,19,-0.9659,0.2588,35.6,476.04,0.0,9.65,5.6049
2025-07-04 20:00,20,-0.866,0.5,34.76,474.27,15.62,7.27,4.9807
2025-07-04 21:00,21,-0.7071,0.7071,31.04,471.08,0.0,8.37,4.7974
2025-07-04 22:00,22,-0.5,0.866,29.49,536.2,0.0,12.04,4.4681
2025-07-04 23:00,23,-0.2588,0.9659,29.51,570.89,0.0,5.39,5.2163
2025-07-05 00:00,0,0.0,1.0,25.77,515.0,0.0,7.57,4.2842
2025-07-05 01:00,1,0.2588,0.9659,27.54,459.41,0.0,0.81,4.4083
2025-07-05 02:00,2,0.5,0.866,27.83,390.84,0.0,9.49,3.4558
2025-07-05 03:00,3,0.7071,0.7071,28.22,440.9,0.0,4.1,4.0664
2025-07-05 04:00,4,0.866,0.5,24.9,523.71,25.14,7.13,3.9735
2025-07-05 05:00,5,0.9659,0.2588,27.62,530.18,20.85,4.27,4.7017
2025-07-05 06:00,6,1.0,0.0,28.68,564.41,0.0,1.36,5.3718
2025-07-05 07:00,7,0.9659,-0.2588,31.6,466.7,208.04,7.15,4.3399
2025-07-05 08:00,8,0.866,-0.5,33.72,447.9,410.52,6.54,4.7682
2025-07-05 09:00,9,0.7071,-0.7071,36.8,526.74,593.29,6.55,5.3482
2025-07-05 10:00,10,0.5,-0.866,35.26,584.28,701.12,4.26,5.9662
2025-07-05 11:00,11,0.2588,-0.9659,36.5,618.54,797.05,15.09,5.5295
2025-07-05 12:00,12,0.0,-1.0,39.92,609.82,871.5,0.52,6.8516
2025-07-05 13:00,13,-0.2588,-0.9659,39.24,504.86,828.58,13.12,5.2385
2025-07-05 14:00,14,-0.5,-0.866,40.9,494.86,776.98,10.17,5.2892
2025-07-05 15:00,15,-0.7071,-0.7071,39.23,535.09,593.56,3.82,6.3969
2025-07-05 16:00,16,-0.866,-0.5,36.46,586.84,415.96,7.03,6.3557
2025-07-05 17:00,17,-0.9659,-0.2588,35.24,626.26,209.8,18.66,6.1496
2025-07-05 18:00,18,-1.0,-0.0,33.67,556.07,0.0,8.94,5.9604
2025-07-05 19:00,19,-0.9659,0.2588,35.55,477.06,0.0,3.25,5.8758
2025-07-05 20:00,20,-0.866,0.5,34.78,470.11,6.77,6.88,5.2061
2025-07-05 21:00,21,-0.7071,0.7071,34.22,508.81,0.73,6.99,5.2467
2025-07-05 22:00,22,-0.5,0.866,31.26,552.09,0.0,11.2,4.8341
2025-07-05 23:00,23,-0.2588,0.9659,30.5,567.56,31.28,13.86,4.4164
2025-07-06 00:00,0,0.0,1.0,26.93,528.17,47.41,2.58,4.7863
2025-07-06 01:00,1,0.2588,0.9659,25.47,488.93,29.16,5.4,4.2777
2025-07-06 02:00,2,0.5,0.866,28.28,403.93,13.95,5.24,3.7082
2025-07-06 03:00,3,0.7071,0.7071,27.83,417.82,19.04,20.7,2.8951
2025-07-06 04:00,4,0.866,0.5,27.97,503.71,46.41,7.96,4.4429
2025-07-06 05:00,5,0.9659,0.2588,29.34,570.09,19.01,12.81,4.432
2025-07-06 06:00,6,1.0,0.0,30.48,508.31,0.0,6.56,4.7477
2025-07-06 07:00,7,0.9659,-0.2588,33.37,483.02,229.8,9.97,4.7262
2025-07-06 08:00,8,0.866,-0.5,34.94,461.24,440.66,5.11,4.8096
2025-07-06 09:00,9,0.7071,-0.7071,35.37,519.48,576.17,13.71,4.523
2025-07-06 10:00,10,0.5,-0.866,37.27,606.3,729.0,6.86,6.2748
2025-07-06 11:00,11,0.2588,-0.9659,38.01,643.08,848.55,11.23,5.7132
2025-07-06 12:00,12,0.0,-1.0,37.5,556.09,804.41,4.78,5.6609
2025-07-06 13:00,13,-0.2588,-0.9659,39.93,546.76,789.78,9.57,5.6185
2025-07-06 14:00,14,-0.5,-0.866,36.91,481.85,731.71,6.34,5.5453
2025-07-06 15:00,15,-0.7071,-0.7071,40.38,540.35,609.88,1.57,6.5492
2025-07-06 16:00,16,-0.866,-0.5,36.4,553.78,391.06,6.42,6.5471
2025-07-06 17:00,17,-0.9659,-0.2588,37.67,615.72,216.83,7.86,6.4382
2025-07-06 18:00,18,-1.0,-0.0,34.73,548.86,28.84,3.57,6.3944
2025-07-06 19:00,19,-0.9659,0.2588,35.38,466.34,1.72,3.97,5.8907
2025-07-06 20:00,20,-0.866,0.5,32.95,439.55,23.48,6.96,4.7637
2025-07-06 21:00,21,-0.7071,0.7071,29.05,433.97,0.0,5.7,4.6864
2025-07-06 22:00,22,-0.5,0.866,30.63,572.93,0.0,6.71,4.9038
2025-07-06 23:00,23,-0.2588,0.9659,27.89,547.47,21.22,6.92,5.1013
2025-07-07 00:00,0,0.0,1.0,29.13,540.91,9.23,3.42,5.1418
2025-07-07 01:00,1,0.2588,0.9659,27.21,413.96,0.0,3.93,3.7838
2025-07-07 02:00,2,0.5,0.866,27.59,392.05,0.0,12.08,3.3433
2025-07-07 03:00,3,0.7071,0.7071,25.77,438.95,39.11,3.71,4.2544
2025-07-07 04:00,4,0.866,0.5,26.92,498.88,0.0,9.21,3.9061
2025-07-07 05:00,5,0.9659,0.2588,28.07,544.22,23.36,6.48,4.7163
2025-07-07 06:00,6,1.0,0.0,31.29,535.51,0.0,16.34,4.6978
2025-07-07 07:00,7,0.9659,-0.2588,33.96,481.7,219.92,2.3,5.2627
2025-07-07 08:00,8,0.866,-0.5,31.79,458.16,432.36,11.72,4.3192
2025-07-07 09:00,9,0.7071,-0.7071,36.17,508.52,548.52,7.24,5.24
2025-07-07 10:00,10,0.5,-0.866,32.75,557.66,699.55,0.64,6.0254
2025-07-07 11:00,11,0.2588,-0.9659,35.45,617.71,823.2,4.87,6.1979
2025-07-07 12:00,12,0.0,-1.0,36.76,591.75,831.89,6.37,6.0212
2025-07-07 13:00,13,-0.2588,-0.9659,36.77,506.39,845.95,5.4,5.1574
2025-07-07 14:00,14,-0.5,-0.866,36.62,464.19,695.97,5.9,5.5691
2025-07-07 15:00,15,-0.7071,-0.7071,39.42,531.32,615.17,13.87,5.6366
2025-07-07 16:00,16,-0.866,-0.5,37.88,608.85,390.59,5.89,6.4031
2025-07-07 17:00,17,-0.9659,-0.2588,37.81,645.39,211.19,6.48,6.6656
2025-07-07 18:00,18,-1.0,-0.0,37.04,581.18,0.0,10.53,6.3055
2025-07-07 19:00,19,-0.9659,0.2588,34.95,504.63,47.56,11.06,5.3408
2025-07-07 20:00,20,-0.866,0.5,33.99,444.97,0.0,2.61,4.9496
2025-07-07 21:00,21,-0.7071,0.7071,31.34,464.75,0.0,9.71,4.4148
2025-07-07 22:00,22,-0.5,0.866,28.22,507.15,0.0,7.14,4.7348
2025-07-07 23:00,23,-0.2588,0.9659,30.34,566.03,39.99,3.34,5.3988
2025-07-08 00:00,0,0.0,1.0,26.92,532.62,10.03,4.88,4.5301
2025-07-08 01:00,1,0.2588,0.9659,25.8,438.89,3.42,1.89,4.1153
2025-07-08 02:00,2,0.5,0.866,26.73,402.03,36.86,5.88,3.4382
2025-07-08 03:00,3,0.7071,0.7071,25.84,415.79,3.69,4.78,4.071
2025-07-08 04:00,4,0.866,0.5,27.18,507.86,5.49,6.11,4.4988
2025-07-08 05:00,5,0.9659,0.2588,29.27,556.57,3.29,8.2,4.747
2025-07-08 06:00,6,1.0,0.0,30.52,520.24,14.09,10.1,4.5064
2025-07-08 07:00,7,0.9659,-0.2588,30.1,454.63,207.69,8.49,4.1405
2025-07-08 08:00,8,0.866,-0.5,32.27,427.71,419.64,9.37,4.6181
2025-07-08 09:00,9,0.7071,-0.7071,36.16,504.02,621.3,12.47,4.6899
2025-07-08 10:00,10,0.5,-0.866,36.74,584.28,743.06,12.66,5.2284
2025-07-08 11:00,11,0.2588,-0.9659,40.36,634.51,818.18,12.36,5.8984
2025-07-08 12:00,12,0.0,-1.0,39.97,602.25,814.99,3.59,6.3607
2025-07-08 13:00,13,-0.2588,-0.9659,40.51,538.76,858.49,4.73,6.0249
2025-07-08 14:00,14,-0.5,-0.866,36.92,489.11,719.59,7.35,5.4907
2025-07-08 15:00,15,-0.7071,-0.7071,39.94,536.88,625.72,5.87,6.1498
2025-07-08 16:00,16,-0.866,-0.5,38.12,583.5,429.39,3.31,6.4017
2025-07-08 17:00,17,-0.9659,-0.2588,36.42,623.31,187.66,5.13,6.981
2025-07-08 18:00,18,-1.0,-0.0,36.25,604.13,31.31,16.94,5.6759
2025-07-08 19:00,19,-0.9659,0.2588,35.97,515.02,6.36,5.74,5.7417
2025-07-08 20:00,20,-0.866,0.5,33.75,454.22,33.38,6.48,4.9214
2025-07-08 21:00,21,-0.7071,0.7071,30.13,465.42,0.0,0.71,4.9756
2025-07-08 22:00,22,-0.5,0.866,31.11,559.01,17.6,9.92,5.0034
2025-07-08 23:00,23,-0.2588,0.9659,27.8,566.13,0.0,6.43,5.1026
2025-07-09 00:00,0,0.0,1.0,28.13,522.03,0.0,2.9,4.6664
2025-07-09 01:00,1,0.2588,0.9659,26.75,453.53,0.0,16.37,2.8446
2025-07-09 02:00,2,0.5,0.866,26.67,383.78,0.0,10.79,2.9608
2025-07-09 03:00,3,0.7071,0.7071,28.35,417.8,11.8,10.01,3.4789
2025-07-09 04:00,4,0.866,0.5,26.24,514.86,0.0,15.66,3.4957
2025-07-09 05:00,5,0.9659,0.2588,31.68,580.43,21.6,6.37,5.175
2025-07-09 06:00,6,1.0,0.0,27.27,504.34,0.0,9.91,4.3605
2025-07-09 07:00,7,0.9659,-0.2588,30.55,470.29,242.13,4.23,4.7994
2025-07-09 08:00,8,0.866,-0.5,33.56,416.5,457.74,9.62,3.91
2025-07-09 09:00,9,0.7071,-0.7071,35.43,488.91,626.38,1.05,5.5507
2025-07-09 10:00,10,0.5,-0.866,35.85,568.02,727.52,3.23,6.2069
2025-07-09 11:00,11,0.2588,-0.9659,37.16,598.71,767.9,6.55,6.2966
2025-07-09 12:00,12,0.0,-1.0,38.81,621.42,864.55,0.97,6.5652
2025-07-09 13:00,13,-0.2588,-0.9659,38.45,500.7,817.91,6.93,5.6926
2025-07-09 14:00,14,-0.5,-0.866,41.09,495.89,711.66,7.57,5.8799
2025-07-09 15:00,15,-0.7071,-0.7071,40.05,547.56,587.13,8.68,6.0449
2025-07-09 16:00,16,-0.866,-0.5,39.51,614.23,460.86,2.86,6.9683
2025-07-09 17:00,17,-0.9659,-0.2588,35.79,595.72,191.56,3.93,6.8105
2025-07-09 18:00,18,-1.0,-0.0,35.88,585.78,11.71,8.58,6.4724
2025-07-09 19:00,19,-0.9659,0.2588,34.1,490.66,5.45,9.12,5.1911
2025-07-09 20:00,20,-0.866,0.5,31.49,462.93,0.0,1.43,5.548
2025-07-09 21:00,21,-0.7071,0.7071,31.99,475.46,16.11,7.76,5.1484
2025-07-09 22:00,22,-0.5,0.866,29.19,519.93,40.81,10.91,4.6612
2025-07-09 23:00,23,-0.2588,0.9659,29.74,551.08,0.0,2.35,5.5564
2025-07-10 00:00,0,0.0,1.0,26.2,501.34,0.0,6.42,3.7819
2025-07-10 01:00,1,0.2588,0.9659,29.78,439.38,15.55,5.53,4.2193
2025-07-10 02:00,2,0.5,0.866,25.66,420.57,22.96,13.77,3.1444
2025-07-10 03:00,3,0.7071,0.7071,27.53,437.77,0.0,3.99,4.3175
2025-07-10 04:00,4,0.866,0.5,28.99,528.91,0.0,5.45,4.5377
2025-07-10 05:00,5,0.9659,0.2588,27.9,572.71,0.0,13.31,4.4208
2025-07-10 06:00,6,1.0,0.0,31.28,503.35,0.0,5.58,5.2101
2025-07-10 07:00,7,0.9659,-0.2588,29.6,469.51,191.51,7.66,4.327
2025-07-10 08:00,8,0.866,-0.5,35.18,458.26,442.12,1.61,5.2316
2025-07-10 09:00,9,0.7071,-0.7071,34.57,496.62,594.94,18.02,4.191
2025-07-10 10:00,10,0.5,-0.866,35.11,556.92,729.05,11.62,5.0894
2025-07-10 11:00,11,0.2588,-0.9659,36.79,609.02,820.81,8.83,5.9405
2025-07-10 12:00,12,0.0,-1.0,39.41,611.11,828.25,2.2,6.3763
2025-07-10 13:00,13,-0.2588,-0.9659,37.92,552.62,859.87,2.45,5.9926
2025-07-10 14:00,14,-0.5,-0.866,37.88,494.06,768.58,7.81,5.4568
2025-07-10 15:00,15,-0.7071,-0.7071,38.46,540.19,641.49,5.1,5.8793
2025-07-10 16:00,16,-0.866,-0.5,36.43,577.07,442.09,8.69,6.3404
2025-07-10 17:00,17,-0.9659,-0.2588,39.97,636.78,219.26,8.4,6.6619
2025-07-10 18:00,18,-1.0,-0.0,35.15,557.99,40.37,11.89,5.9516
2025-07-10 19:00,19,-0.9659,0.2588,35.8,492.58,0.0,5.06,5.6029
2025-07-10 20:00,20,-0.866,0.5,33.31,411.72,0.0,8.17,4.8149
2025-07-10 21:00,21,-0.7071,0.7071,29.97,442.39,0.0,10.79,3.9513
2025-07-10 22:00,22,-0.5,0.866,29.99,520.02,13.07,7.23,5.1215
2025-07-10 23:00,23,-0.2588,0.9659,29.93,562.84,0.0,11.73,4.8601
2025-07-11 00:00,0,0.0,1.0,27.52,514.48,0.0,3.3,4.5858
2025-07-11 01:00,1,0.2588,0.9659,28.99,450.89,0.0,10.13,3.6341
2025-07-11 02:00,2,0.5,0.866,28.53,404.03,12.03,14.89,3.1779
2025-07-11 03:00,3,0.7071,0.7071,28.58,433.44,0.0,5.59,3.7222
2025-07-11 04:00,4,0.866,0.5,27.11,483.05,0.0,5.94,4.3264
2025-07-11 05:00,5,0.9659,0.2588,27.14,541.37,30.43,2.6,4.8838
2025-07-11 06:00,6,1.0,0.0,29.08,506.55,29.51,8.91,4.5849
2025-07-11 07:00,7,0.9659,-0.2588,31.74,474.42,229.35,7.89,4.511
2025-07-11 08:00,8,0.866,-0.5,33.82,460.19,431.89,1.79,4.9525
2025-07-11 09:00,9,0.7071,-0.7071,31.3,477.94,587.77,10.39,4.7989
2025-07-11 10:00,10,0.5,-0.866,35.99,587.76,716.8,11.7,5.5422
2025-07-11 11:00,11,0.2588,-0.9659,37.48,623.84,811.98,13.57,5.3203
2025-07-11 12:00,12,0.0,-1.0,37.78,582.91,812.16,7.82,5.7426
2025-07-11 13:00,13,-0.2588,-0.9659,40.73,528.15,827.35,6.83,6.04
2025-07-11 14:00,14,-0.5,-0.866,39.63,470.45,737.34,12.72,5.2989
2025-07-11 15:00,15,-0.7071,-0.7071,40.76,554.46,577.71,6.28,6.0535
2025-07-11 16:00,16,-0.866,-0.5,37.87,588.86,464.22,9.08,6.3419
2025-07-11 17:00,17,-0.9659,-0.2588,38.65,616.5,235.17,8.6,6.6329
2025-07-11 18:00,18,-1.0,-0.0,38.45,583.72,17.3,6.0,6.2353
2025-07-11 19:00,19,-0.9659,0.2588,36.52,492.66,0.0,2.65,5.9215
2025-07-11 20:00,20,-0.866,0.5,31.36,427.54,0.0,1.29,5.1467
2025-07-11 21:00,21,-0.7071,0.7071,31.07,478.04,15.68,6.58,4.875
2025-07-11 22:00,22,-0.5,0.866,29.48,519.14,3.82,7.13,4.5572
2025-07-11 23:00,23,-0.2588,0.9659,29.49,528.14,40.05,11.57,4.1993
2025-07-12 00:00,0,0.0,1.0,28.83,516.33,0.0,6.44,4.4271
2025-07-12 01:00,1,0.2588,0.9659,25.95,435.16,0.0,5.06,3.7887
2025-07-12 02:00,2,0.5,0.866,27.1,396.63,15.86,6.93,3.4423
2025-07-12 03:00,3,0.7071,0.7071,24.17,428.09,0.0,4.59,3.7772
2025-07-12 04:00,4,0.866,0.5,29.97,531.5,23.11,2.72,5.0787
2025-07-12 05:00,5,0.9659,0.2588,27.99,550.99,0.0,3.05,5.5127
2025-07-12 06:00,6,1.0,0.0,30.08,528.8,15.96,5.46,5.2867
2025-07-12 07:00,7,0.9659,-0.2588,30.98,467.55,203.79,0.99,5.359
2025-07-12 08:00,8,0.866,-0.5,34.72,447.3,436.91,4.39,4.7869
2025-07-12 09:00,9,0.7071,-0.7071,30.3,448.57,623.72,10.95,3.9279
2025-07-12 10:00,10,0.5,-0.866,35.98,597.0,739.96,4.55,6.1156
2025-07-12 11:00,11,0.2588,-0.9659,37.08,631.06,791.05,3.01,6.4499
2025-07-12 12:00,12,0.0,-1.0,37.52,601.03,827.58,15.18,5.5944
2025-07-12 13:00,13,-0.2588,-0.9659,41.38,562.97,802.82,8.69,5.8419
2025-07-12 14:00,14,-0.5,-0.866,37.67,485.24,688.75,2.19,6.0548
2025-07-12 15:00,15,-0.7071,-0.7071,39.95,547.05,629.23,2.23,6.4463
2025-07-12 16:00,16,-0.866,-0.5,38.73,574.65,427.75,8.56,6.1497
2025-07-12 17:00,17,-0.9659,-0.2588,39.13,642.14,191.61,7.76,6.8112
2025-07-12 18:00,18,-1.0,-0.0,35.0,565.75,36.39,2.34,6.6532
2025-07-12 19:00,19,-0.9659,0.2588,33.45,506.29,0.0,4.44,5.9266
2025-07-12 20:00,20,-0.866,0.5,34.64,467.07,6.26,14.31,4.5673
2025-07-12 21:00,21,-0.7071,0.7071,32.09,460.72,0.0,8.11,4.7871
2025-07-12 22:00,22,-0.5,0.866,27.68,518.09,0.0,6.7,4.8109
2025-07-12 23:00,23,-0.2588,0.9659,27.95,552.52,0.0,4.72,5.121
2025-07-13 00:00,0,0.0,1.0,28.38,522.38,0.0,3.33,4.9936
2025-07-13 01:00,1,0.2588,0.9659,28.46,425.91,22.46,6.32,4.2305
2025-07-13 02:00,2,0.5,0.866,25.98,405.4,8.66,14.07,2.9145
2025-07-13 03:00,3,0.7071,0.7071,22.83,434.08,3.51,1.97,4.2463
2025-07-13 04:00,4,0.866,0.5,28.59,521.45,0.0,19.09,3.6908
2025-07-13 05:00,5,0.9659,0.2588,26.93,539.13,31.75,4.25,4.6744
2025-07-13 06:00,6,1.0,0.0,26.97,503.72,5.59,6.38,4.5776
2025-07-13 07:00,7,0.9659,-0.2588,27.2,455.11,217.01,1.89,4.8005
2025-07-13 08:00,8,0.866,-0.5,34.22,433.99,453.31,8.25,4.6051
2025-07-13 09:00,9,0.7071,-0.7071,34.75,476.8,632.23,7.15,4.6485
2025-07-13 10:00,10,0.5,-0.866,35.66,573.02,764.99,9.22,5.2521
2025-07-13 11:00,11,0.2588,-0.9659,39.33,629.03,814.86,7.78,6.0842
2025-07-13 12:00,12,0.0,-1.0,39.15,588.44,824.91,6.27,5.9648
2025-07-13 13:00,13,-0.2588,-0.9659,41.22,544.84,845.76,10.18,5.357
2025-07-13 14:00,14,-0.5,-0.866,36.91,448.71,702.0,1.4,5.2465
2025-07-13 15:00,15,-0.7071,-0.7071,38.74,508.33,649.72,7.77,5.6469
2025-07-13 16:00,16,-0.866,-0.5,35.77,605.48,425.7,3.06,6.7271
2025-07-13 17:00,17,-0.9659,-0.2588,36.9,628.08,193.47,6.66,6.8717
2025-07-13 18:00,18,-1.0,-0.0,35.63,562.32,0.0,11.01,5.6881
2025-07-13 19:00,19,-0.9659,0.2588,35.49,503.72,0.0,3.45,5.6824
2025-07-13 20:00,20,-0.866,0.5,33.07,449.06,3.51,14.58,4.3081
2025-07-13 21:00,21,-0.7071,0.7071,32.38,487.47,0.0,13.03,4.5384
2025-07-13 22:00,22,-0.5,0.866,31.06,535.03,0.0,6.44,5.2749
2025-07-13 23:00,23,-0.2588,0.9659,31.99,596.57,0.0,0.68,5.9443
2025-07-14 00:00,0,0.0,1.0,27.33,481.92,0.0,10.99,3.8264
2025-07-14 01:00,1,0.2588,0.9659,25.79,421.66,14.73,12.84,3.2725
2025-07-14 02:00,2,0.5,0.866,27.37,402.46,0.0,3.86,3.6787
2025-07-14 03:00,3,0.7071,0.7071,26.0,442.44,0.0,13.86,3.3249
2025-07-14 04:00,4,0.866,0.5,30.03,515.04,0.0,13.79,4.0982
2025-07-14 05:00,5,0.9659,0.2588,28.33,556.55,0.0,7.03,5.1966
2025-07-14 06:00,6,1.0,0.0,29.15,512.36,0.0,11.13,4.6421
2025-07-14 07:00,7,0.9659,-0.2588,30.74,455.27,227.94,6.75,4.3899
2025-07-14 08:00,8,0.866,-0.5,34.08,463.99,429.18,8.02,4.5355
2025-07-14 09:00,9,0.7071,-0.7071,34.32,501.66,620.84,5.46,5.0578
2025-07-14 10:00,10,0.5,-0.866,35.04,553.84,724.01,3.67,5.3937
2025-07-14 11:00,11,0.2588,-0.9659,39.74,628.07,774.53,10.31,6.0184
2025-07-14 12:00,12,0.0,-1.0,36.91,577.63,874.78,0.5,6.283
2025-07-14 13:00,13,-0.2588,-0.9659,38.85,523.89,797.64,8.19,5.7521
2025-07-14 14:00,14,-0.5,-0.866,39.98,485.96,708.45,12.45,5.3998
2025-07-14 15:00,15,-0.7071,-0.7071,36.35,519.9,599.96,4.4,5.9805
2025-07-14 16:00,16,-0.866,-0.5,38.92,605.04,432.56,5.6,6.3386
2025-07-14 17:00,17,-0.9659,-0.2588,35.66,617.37,206.73,8.28,6.2174
2025-07-14 18:00,18,-1.0,-0.0,37.23,567.38,0.0,4.69,6.4428
2025-07-14 19:00,19,-0.9659,0.2588,33.11,495.88,0.0,12.07,5.2425
2025-07-14 20:00,20,-0.866,0.5,34.04,406.01,35.41,5.95,4.9327
2025-07-14 21:00,21,-0.7071,0.7071,33.11,490.86,0.0,8.21,4.9144
2025-07-14 22:00,22,-0.5,0.866,31.29,552.85,0.0,4.46,5.8224
2025-07-14 23:00,23,-0.2588,0.9659,29.13,552.59,0.0,1.81,5.5757
2025-07-15 00:00,0,0.0,1.0,27.46,531.59,0.0,3.84,5.0093
2025-07-15 01:00,1,0.2588,0.9659,26.34,436.55,5.95,1.91,4.2976
2025-07-15 02:00,2,0.5,0.866,29.21,410.59,12.1,7.0,3.8526
2025-07-15 03:00,3,0.7071,0.7071,26.16,442.59,3.1,8.27,3.8128
2025-07-15 04:00,4,0.866,0.5,26.25,560.3,0.0,1.88,4.7056
2025-07-15 05:00,5,0.9659,0.2588,29.76,584.21,0.0,2.71,5.2915
2025-07-15 06:00,6,1.0,0.0,28.81,529.46,18.35,7.17,4.8642
2025-07-15 07:00,7,0.9659,-0.2588,30.02,439.98,191.34,11.15,4.1392
2025-07-15 08:00,8,0.866,-0.5,30.83,424.83,413.36,8.75,4.18
2025-07-15 09:00,9,0.7071,-0.7071,33.83,471.93,615.98,2.93,5.1549
2025-07-15 10:00,10,0.5,-0.866,35.88,587.84,758.0,13.01,4.8158
2025-07-15 11:00,11,0.2588,-0.9659,37.61,628.97,816.21,13.9,5.7283
2025-07-15 12:00,12,0.0,-1.0,39.62,588.62,839.72,5.52,6.2195
2025-07-15 13:00,13,-0.2588,-0.9659,39.59,531.4,787.98,8.61,5.6929
2025-07-15 14:00,14,-0.5,-0.866,38.71,472.97,749.26,7.25,5.6489
2025-07-15 15:00,15,-0.7071,-0.7071,38.5,523.75,634.01,14.85,5.0841
2025-07-15 16:00,16,-0.866,-0.5,38.96,587.3,489.13,7.42,6.3077
2025-07-15 17:00,17,-0.9659,-0.2588,39.15,639.62,229.66,15.79,6.2822
2025-07-15 18:00,18,-1.0,-0.0,36.19,589.27,0.0,4.15,6.5109
2025-07-15 19:00,19,-0.9659,0.2588,33.85,483.5,0.0,5.73,5.1518
2025-07-15 20:00,20,-0.866,0.5,31.51,422.22,0.0,10.85,4.2016
2025-07-15 21:00,21,-0.7071,0.7071,29.28,450.78,4.42,10.89,4.2599
2025-07-15 22:00,22,-0.5,0.866,31.0,546.95,58.76,10.1,4.7573
2025-07-15 23:00,23,-0.2588,0.9659,29.62,546.39,31.77,12.33,4.4254
2025-07-16 00:00,0,0.0,1.0,28.67,521.77,27.91,9.69,4.1702
2025-07-16 01:00,1,0.2588,0.9659,27.01,457.26,6.14,8.85,3.5477
2025-07-16 02:00,2,0.5,0.866,29.11,417.49,8.99,6.9,3.8376
2025-07-16 03:00,3,0.7071,0.7071,26.48,438.37,0.0,6.98,3.7949
2025-07-16 04:00,4,0.866,0.5,29.24,531.99,19.06,6.35,4.836
2025-07-16 05:00,5,0.9659,0.2588,28.7,562.38,0.0,8.66,4.703
2025-07-16 06:00,6,1.0,0.0,29.09,532.5,0.0,6.36,4.6223
2025-07-16 07:00,7,0.9659,-0.2588,32.34,441.83,211.91,3.52,4.2933
2025-07-16 08:00,8,0.866,-0.5,33.61,421.61,416.07,2.95,4.7026
2025-07-16 09:00,9,0.7071,-0.7071,35.09,509.28,583.1,14.14,4.6356
2025-07-16 10:00,10,0.5,-0.866,36.12,554.9,736.47,1.39,5.8888
2025-07-16 11:00,11,0.2588,-0.9659,37.19,629.51,807.08,2.94,6.3244
2025-07-16 12:00,12,0.0,-1.0,41.78,617.45,852.51,6.76,6.0957
2025-07-16 13:00,13,-0.2588,-0.9659,40.57,523.13,783.86,4.86,5.6444
2025-07-16 14:00,14,-0.5,-0.866,40.08,501.92,730.77,6.35,5.8919
2025-07-16 15:00,15,-0.7071,-0.7071,38.96,528.22,573.63,3.11,6.2511
2025-07-16 16:00,16,-0.866,-0.5,39.71,637.81,408.96,3.3,7.0477
2025-07-16 17:00,17,-0.9659,-0.2588,38.02,620.78,223.58,11.18,6.081
2025-07-16 18:00,18,-1.0,-0.0,36.04,598.42,0.0,10.5,6.0615
2025-07-16 19:00,19,-0.9659,0.2588,34.1,491.57,0.0,2.92,5.8388
2025-07-16 20:00,20,-0.866,0.5,32.88,429.11,14.22,9.24,4.7206
2025-07-16 21:00,21,-0.7071,0.7071,26.69,449.49,0.0,8.53,4.258
2025-07-16 22:00,22,-0.5,0.866,30.32,539.51,44.45,9.84,5.0298
2025-07-16 23:00,23,-0.2588,0.9659,28.02,550.73,30.11,7.06,4.643
2025-07-17 00:00,0,0.0,1.0,30.19,534.04,0.0,4.94,5.1165
2025-07-17 01:00,1,0.2588,0.9659,27.23,428.55,0.0,9.19,3.6644
2025-07-17 02:00,2,0.5,0.866,25.22,387.61,5.05,6.0,3.4789
2025-07-17 03:00,3,0.7071,0.7071,27.13,448.89,0.0,4.37,4.3166
2025-07-17 04:00,4,0.866,0.5,26.23,509.14,0.0,6.38,4.2763
2025-07-17 05:00,5,0.9659,0.2588,29.47,560.54,0.0,10.56,4.6782
2025-07-17 06:00,6,1.0,0.0,30.44,536.19,0.0,7.07,4.8327
2025-07-17 07:00,7,0.9659,-0.2588,32.88,480.55,222.36,5.25,5.14
2025-07-17 08:00,8,0.866,-0.5,31.81,409.07,409.63,11.75,4.009
2025-07-17 09:00,9,0.7071,-0.7071,34.6,509.63,632.89,12.86,4.8445
2025-07-17 10:00,10,0.5,-0.866,33.95,561.94,698.74,6.63,5.5398
2025-07-17 11:00,11,0.2588,-0.9659,38.29,629.32,792.58,6.03,6.5074
2025-07-17 12:00,12,0.0,-1.0,38.97,606.76,862.17,8.57,5.8811
2025-07-17 13:00,13,-0.2588,-0.9659,39.54,533.36,792.0,2.15,6.4176
2025-07-17 14:00,14,-0.5,-0.866,39.0,499.53,706.11,9.54,5.4465
2025-07-17 15:00,15,-0.7071,-0.7071,39.42,536.91,604.12,10.87,5.7648
2025-07-17 16:00,16,-0.866,-0.5,40.6,624.09,398.66,6.26,7.0208
2025-07-17 17:00,17,-0.9659,-0.2588,36.81,640.78,216.67,3.86,7.4673
2025-07-17 18:00,18,-1.0,-0.0,36.21,591.42,0.0,1.5,7.0587
2025-07-17 19:00,19,-0.9659,0.2588,32.92,474.48,0.0,8.86,5.3873
2025-07-17 20:00,20,-0.866,0.5,31.7,412.74,0.0,4.93,4.718
2025-07-17 21:00,21,-0.7071,0.7071,31.59,491.27,3.49,6.95,4.9987
2025-07-17 22:00,22,-0.5,0.866,31.66,538.18,0.0,6.15,5.1321
2025-07-17 23:00,23,-0.2588,0.9659,28.37,545.89,0.0,3.86,5.3027
2025-07-18 00:00,0,0.0,1.0,27.45,486.45,0.0,7.42,4.1749
2025-07-18 01:00,1,0.2588,0.9659,26.59,442.58,0.0,6.9,4.1093
2025-07-18 02:00,2,0.5,0.866,26.2,402.23,0.0,8.71,3.1517
2025-07-18 03:00,3,0.7071,0.7071,27.65,414.77,4.84,4.74,4.1898
2025-07-18 04:00,4,0.866,0.5,25.56,519.3,0.0,4.33,4.4072
2025-07-18 05:00,5,0.9659,0.2588,30.68,563.96,31.07,11.42,4.911
2025-07-18 06:00,6,1.0,0.0,29.0,560.87,0.0,9.69,4.7804
2025-07-18 07:00,7,0.9659,-0.2588,32.53,465.2,214.33,10.7,4.5573
2025-07-18 08:00,8,0.866,-0.5,31.1,418.23,445.91,3.19,4.3669
2025-07-18 09:00,9,0.7071,-0.7071,35.56,484.83,612.96,4.43,5.3844
2025-07-18 10:00,10,0.5,-0.866,37.01,603.73,711.75,8.15,5.9907
2025-07-18 11:00,11,0.2588,-0.9659,37.82,622.96,800.83,12.28,5.6198
2025-07-18 12:00,12,0.0,-1.0,36.7,571.26,824.83,13.13,5.4818
2025-07-18 13:00,13,-0.2588,-0.9659,39.17,537.46,836.02,11.75,5.6452
2025-07-18 14:00,14,-0.5,-0.866,37.23,453.1,717.62,1.85,5.5015
2025-07-18 15:00,15,-0.7071,-0.7071,38.42,530.21,607.42,11.54,5.4003
2025-07-18 16:00,16,-0.866,-0.5,39.74,633.14,431.61,13.33,6.1011
2025-07-18 17:00,17,-0.9659,-0.2588,38.44,642.0,279.21,2.13,6.9251
2025-07-18 18:00,18,-1.0,-0.0,36.02,586.25,7.83,6.46,6.2553
2025-07-18 19:00,19,-0.9659,0.2588,33.09,491.28,0.0,7.72,5.5926
2025-07-18 20:00,20,-0.866,0.5,33.97,473.39,0.0,4.53,5.4928
2025-07-18 21:00,21,-0.7071,0.7071,31.48,483.46,0.0,7.5,4.5332
2025-07-18 22:00,22,-0.5,0.866,26.52,519.1,0.0,12.97,4.1076
2025-07-18 23:00,23,-0.2588,0.9659,29.93,579.01,0.0,12.5,4.4471
2025-07-19 00:00,0,0.0,1.0,27.77,499.21,0.0,14.75,3.9268
2025-07-19 01:00,1,0.2588,0.9659,29.01,457.21,7.43,7.16,3.9648
2025-07-19 02:00,2,0.5,0.866,25.36,384.92,0.0,6.4,3.1149
2025-07-19 03:00,3,0.7071,0.7071,22.44,431.99,24.22,9.21,3.3851
2025-07-19 04:00,4,0.866,0.5,28.22,468.04,0.0,6.46,4.3724
2025-07-19 05:00,5,0.9659,0.2588,29.19,565.58,16.92,1.82,5.2062
2025-07-19 06:00,6,1.0,0.0,27.46,502.84,22.85,9.93,4.3933
2025-07-19 07:00,7,0.9659,-0.2588,29.98,470.0,243.91,5.05,4.522
2025-07-19 08:00,8,0.866,-0.5,37.13,478.92,385.85,1.97,5.7162
2025-07-19 09:00,9,0.7071,-0.7071,34.09,503.12,608.9,1.27,5.3618
2025-07-19 10:00,10,0.5,-0.866,37.1,569.02,719.4,14.4,4.9828
2025-07-19 11:00,11,0.2588,-0.9659,36.27,631.71,785.88,4.74,6.2741
2025-07-19 12:00,12,0.0,-1.0,35.06,600.57,839.65,6.78,5.8735
2025-07-19 13:00,13,-0.2588,-0.9659,38.54,533.28,798.41,15.26,5.3071
2025-07-19 14:00,14,-0.5,-0.866,38.6,496.67,759.14,6.99,5.8602
2025-07-19 15:00,15,-0.7071,-0.7071,38.2,521.61,613.87,2.52,6.4531
2025-07-19 16:00,16,-0.866,-0.5,38.02,584.82,396.19,7.88,6.2739
2025-07-19 17:00,17,-0.9659,-0.2588,37.64,638.53,201.89,2.67,7.2026
2025-07-19 18:00,18,-1.0,-0.0,35.77,552.11,0.0,2.78,6.8191
2025-07-19 19:00,19,-0.9659,0.2588,32.66,468.49,0.0,12.15,5.2086
2025-07-19 20:00,20,-0.866,0.5,33.73,419.27,25.16,5.14,4.7715
2025-07-19 21:00,21,-0.7071,0.7071,28.52,431.13,17.27,9.38,4.3193
2025-07-19 22:00,22,-0.5,0.866,26.92,522.13,1.28,7.42,4.7525
2025-07-19 23:00,23,-0.2588,0.9659,29.87,572.51,0.0,4.41,5.4248
2025-07-20 00:00,0,0.0,1.0,28.56,517.78,0.0,7.52,4.7127
2025-07-20 01:00,1,0.2588,0.9659,27.12,440.06,32.3,2.35,3.9565
2025-07-20 02:00,2,0.5,0.866,24.91,371.71,0.0,5.75,3.223
2025-07-20 03:00,3,0.7071,0.7071,26.14,431.91,38.87,7.57,3.8614
2025-07-20 04:00,4,0.866,0.5,27.41,502.28,4.9,4.48,4.5942
2025-07-20 05:00,5,0.9659,0.2588,26.36,540.11,50.63,9.14,4.0325
2025-07-20 06:00,6,1.0,0.0,28.89,528.63,15.16,2.03,4.9645
2025-07-20 07:00,7,0.9659,-0.2588,32.43,460.0,184.2,7.17,4.825
2025-07-20 08:00,8,0.866,-0.5,35.14,448.06,409.64,9.86,4.7007
2025-07-20 09:00,9,0.7071,-0.7071,33.92,453.58,596.81,6.6,4.4647
2025-07-20 10:00,10,0.5,-0.866,37.13,581.17,714.28,12.68,5.5619
2025-07-20 11:00,11,0.2588,-0.9659,34.37,584.65,811.61,8.8,5.4974
2025-07-20 12:00,12,0.0,-1.0,39.19,603.17,815.83,15.7,5.3322
2025-07-20 13:00,13,-0.2588,-0.9659,37.59,499.95,821.18,5.09,5.5249
2025-07-20 14:00,14,-0.5,-0.866,39.46,493.26,742.06,14.71,4.8418
2025-07-20 15:00,15,-0.7071,-0.7071,38.42,518.72,575.94,8.5,5.6733
2025-07-20 16:00,16,-0.866,-0.5,40.18,634.99,473.51,10.29,6.1613
2025-07-20 17:00,17,-0.9659,-0.2588,35.93,620.91,221.58,13.42,6.0842
2025-07-20 18:00,18,-1.0,-0.0,36.94,556.44,0.0,7.88,6.3543
2025-07-20 19:00,19,-0.9659,0.2588,34.13,467.6,0.0,12.39,4.6989
2025-07-20 20:00,20,-0.866,0.5,32.76,438.93,1.5,7.77,4.8468
2025-07-20 21:00,21,-0.7071,0.7071,31.17,448.92,0.0,8.41,4.4039
2025-07-20 22:00,22,-0.5,0.866,28.73,473.83,19.58,6.75,4.6309
2025-07-20 23:00,23,-0.2588,0.9659,28.74,576.13,0.0,3.49,4.8011
2025-07-21 00:00,0,0.0,1.0,27.71,523.3,0.0,7.9,4.5615
2025-07-21 01:00,1,0.2588,0.9659,27.57,445.31,41.77,17.14,2.7425
2025-07-21 02:00,2,0.5,0.866,27.13,390.89,10.89,10.95,3.1731
2025-07-21 03:00,3,0.7071,0.7071,28.4,447.13,0.0,10.32,3.6072
2025-07-21 04:00,4,0.866,0.5,29.19,511.45,4.12,8.93,4.3247
2025-07-21 05:00,5,0.9659,0.2588,27.18,553.07,11.85,5.75,4.6008
2025-07-21 06:00,6,1.0,0.0,31.3,525.12,0.0,3.79,5.6364
2025-07-21 07:00,7,0.9659,-0.2588,29.67,473.58,223.94,4.44,4.5176
2025-07-21 08:00,8,0.866,-0.5,33.88,423.5,413.75,0.7,4.741
2025-07-21 09:00,9,0.7071,-0.7071,35.48,515.84,613.72,9.31,5.3635
2025-07-21 10:00,10,0.5,-0.866,33.13,554.15,717.62,11.37,5.0878
2025-07-21 11:00,11,0.2588,-0.9659,37.38,617.71,805.92,4.93,5.9751
2025-07-21 12:00,12,0.0,-1.0,37.49,590.95,891.57,2.73,6.2204
2025-07-21 13:00,13,-0.2588,-0.9659,37.66,525.76,851.81,5.63,5.6848
2025-07-21 14:00,14,-0.5,-0.866,41.03,524.71,653.73,5.17,5.8564
2025-07-21 15:00,15,-0.7071,-0.7071,37.82,520.72,629.96,6.81,5.6884
2025-07-21 16:00,16,-0.866,-0.5,36.99,571.03,423.16,4.87,6.3907
2025-07-21 17:00,17,-0.9659,-0.2588,37.36,625.68,202.29,5.67,7.0705
2025-07-21 18:00,18,-1.0,-0.0,37.03,611.98,0.0,13.58,6.1322
2025-07-21 19:00,19,-0.9659,0.2588,34.34,508.44,0.0,5.62,5.7272
2025-07-21 20:00,20,-0.866,0.5,34.75,467.63,0.0,10.92,4.749
2025-07-21 21:00,21,-0.7071,0.7071,32.24,483.38,0.0,8.73,5.0456
2025-07-21 22:00,22,-0.5,0.866,26.73,522.99,0.0,5.65,4.9768
2025-07-21 23:00,23,-0.2588,0.9659,27.96,567.38,0.0,11.48,4.7201
2025-07-22 00:00,0,0.0,1.0,26.96,505.65,8.08,8.37,4.2398
2025-07-22 01:00,1,0.2588,0.9659,27.92,417.17,1.25,0.82,3.8961
2025-07-22 02:00,2,0.5,0.866,23.06,401.04,13.9,2.35,3.8951
2025-07-22 03:00,3,0.7071,0.7071,31.03,449.46,0.0,10.4,3.9272
2025-07-22 04:00,4,0.866,0.5,28.6,501.48,0.0,6.77,4.403
2025-07-22 05:00,5,0.9659,0.2588,28.98,547.04,12.36,6.35,5.0208
2025-07-22 06:00,6,1.0,0.0,31.77,579.96,0.0,3.49,5.7509
2025-07-22 07:00,7,0.9659,-0.2588,34.96,495.24,236.16,3.64,5.0637
2025-07-22 08:00,8,0.866,-0.5,34.31,455.88,395.85,11.13,4.3889
2025-07-22 09:00,9,0.7071,-0.7071,35.98,482.97,583.85,11.7,4.2969
2025-07-22 10:00,10,0.5,-0.866,36.2,550.41,727.09,7.97,5.445
2025-07-22 11:00,11,0.2588,-0.9659,37.03,609.96,837.9,5.2,6.3651
2025-07-22 12:00,12,0.0,-1.0,37.48,609.93,854.4,14.46,5.1693
2025-07-22 13:00,13,-0.2588,-0.9659,37.56,518.97,821.54,8.7,5.5108
2025-07-22 14:00,14,-0.5,-0.866,37.97,488.73,783.26,11.11,5.3264
2025-07-22 15:00,15,-0.7071,-0.7071,36.77,518.74,555.12,0.5,6.4834
2025-07-22 16:00,16,-0.866,-0.5,38.08,584.29,399.04,6.81,6.2788
2025-07-22 17:00,17,-0.9659,-0.2588,34.72,624.54,192.97,12.59,5.9222
2025-07-22 18:00,18,-1.0,-0.0,36.29,569.3,0.0,5.65,6.3292
2025-07-22 19:00,19,-0.9659,0.2588,34.5,510.58,0.0,10.02,5.6812
2025-07-22 20:00,20,-0.866,0.5,33.22,448.4,17.19,9.11,4.4719
2025-07-22 21:00,21,-0.7071,0.7071,30.66,431.98,0.0,3.58,4.5456
2025-07-22 22:00,22,-0.5,0.866,34.62,554.2,0.0,10.75,4.9949
2025-07-22 23:00,23,-0.2588,0.9659,30.8,545.61,0.0,3.04,5.031
2025-07-23 00:00,0,0.0,1.0,25.94,529.95,0.0,10.04,4.1866
2025-07-23 01:00,1,0.2588,0.9659,27.55,437.13,0.0,19.09,3.2351
2025-07-23 02:00,2,0.5,0.866,26.09,366.57,16.06,15.67,2.3967
2025-07-23 03:00,3,0.7071,0.7071,25.68,443.14,0.0,11.17,3.4677
2025-07-23 04:00,4,0.866,0.5,25.79,504.44,0.0,7.7,4.2442
2025-07-23 05:00,5,0.9659,0.2588,29.41,538.99,27.17,9.33,4.5983
2025-07-23 06:00,6,1.0,0.0,28.98,545.49,0.0,10.04,4.5109
2025-07-23 07:00,7,0.9659,-0.2588,32.9,478.3,167.11,0.81,5.2061
2025-07-23 08:00,8,0.866,-0.5,34.49,447.52,456.98,2.89,4.8339
2025-07-23 09:00,9,0.7071,-0.7071,36.61,500.42,619.41,8.39,5.1631
2025-07-23 10:00,10,0.5,-0.866,34.72,543.57,757.86,0.71,5.8902
2025-07-23 11:00,11,0.2588,-0.9659,37.96,610.08,777.44,13.62,5.2802
2025-07-23 12:00,12,0.0,-1.0,39.14,620.93,887.81,7.22,6.1273
2025-07-23 13:00,13,-0.2588,-0.9659,38.08,511.07,801.71,4.8,5.6803
2025-07-23 14:00,14,-0.5,-0.866,37.84,479.07,723.39,6.23,5.9461
2025-07-23 15:00,15,-0.7071,-0.7071,41.21,512.51,583.47,12.14,5.7015
2025-07-23 16:00,16,-0.866,-0.5,38.54,577.03,448.67,14.24,5.581
2025-07-23 17:00,17,-0.9659,-0.2588,38.2,640.72,215.5,3.09,6.9872
2025-07-23 18:00,18,-1.0,-0.0,34.77,572.3,12.04,10.8,5.9001
2025-07-23 19:00,19,-0.9659,0.2588,32.72,501.59,1.9,8.18,5.4877
2025-07-23 20:00,20,-0.866,0.5,32.15,453.31,0.0,8.26,4.9607
2025-07-23 21:00,21,-0.7071,0.7071,31.26,460.13,0.0,10.82,4.5016
2025-07-23 22:00,22,-0.5,0.866,28.4,522.82,45.3,4.42,4.8959
2025-07-23 23:00,23,-0.2588,0.9659,28.74,551.19,0.0,7.66,4.7651
2025-07-24 00:00,0,0.0,1.0,25.27,543.32,10.31,5.46,4.547
2025-07-24 01:00,1,0.2588,0.9659,25.52,454.74,9.42,2.77,3.8001
2025-07-24 02:00,2,0.5,0.866,28.01,402.6,28.86,2.93,3.9119
2025-07-24 03:00,3,0.7071,0.7071,28.11,441.39,34.7,3.37,4.0626
2025-07-24 04:00,4,0.866,0.5,27.22,534.17,0.0,8.6,4.1233
2025-07-24 05:00,5,0.9659,0.2588,27.23,558.69,13.26,2.94,5.6385
2025-07-24 06:00,6,1.0,0.0,28.46,539.55,44.12,8.09,4.918
2025-07-24 07:00,7,0.9659,-0.2588,30.89,427.69,218.37,8.29,4.2742
2025-07-24 08:00,8,0.866,-0.5,33.97,454.65,398.34,13.47,4.1722
2025-07-24 09:00,9,0.7071,-0.7071,35.95,493.33,591.43,8.73,5.1021
2025-07-24 10:00,10,0.5,-0.866,35.26,596.89,703.51,18.12,4.7013
2025-07-24 11:00,11,0.2588,-0.9659,35.51,633.3,830.33,1.56,6.3764
2025-07-24 12:00,12,0.0,-1.0,38.6,597.78,876.61,9.71,5.6586
2025-07-24 13:00,13,-0.2588,-0.9659,37.56,537.02,818.01,1.44,6.2936
2025-07-24 14:00,14,-0.5,-0.866,38.22,508.53,695.6,10.06,5.3441
2025-07-24 15:00,15,-0.7071,-0.7071,40.78,540.88,626.58,6.14,6.4213
2025-07-24 16:00,16,-0.866,-0.5,39.44,641.07,380.59,8.55,6.7421
2025-07-24 17:00,17,-0.9659,-0.2588,37.48,625.37,181.35,5.36,7.0241
2025-07-24 18:00,18,-1.0,-0.0,34.09,558.02,0.0,3.66,6.4721
2025-07-24 19:00,19,-0.9659,0.2588,34.87,505.45,6.29,9.98,5.6406
2025-07-24 20:00,20,-0.866,0.5,34.59,447.45,10.56,13.49,4.382
2025-07-24 21:00,21,-0.7071,0.7071,30.88,461.85,0.0,3.96,5.1452
2025-07-24 22:00,22,-0.5,0.866,32.03,565.85,44.0,14.01,4.3402
2025-07-24 23:00,23,-0.2588,0.9659,30.7,571.86,1.63,3.42,5.3665
2025-07-25 00:00,0,0.0,1.0,30.3,505.47,25.87,10.15,4.154
2025-07-25 01:00,1,0.2588,0.9659,27.66,443.01,19.67,15.75,2.9441
2025-07-25 02:00,2,0.5,0.866,27.88,389.56,0.0,3.51,3.6426
2025-07-25 03:00,3,0.7071,0.7071,29.33,461.08,0.0,6.65,4.0411
2025-07-25 04:00,4,0.866,0.5,28.47,526.74,53.08,5.65,4.6054
2025-07-25 05:00,5,0.9659,0.2588,28.01,572.12,0.0,6.17,4.9548
2025-07-25 06:00,6,1.0,0.0,29.33,536.73,0.0,10.41,4.7801
2025-07-25 07:00,7,0.9659,-0.2588,31.8,484.29,224.26,9.16,4.4515
2025-07-25 08:00,8,0.866,-0.5,31.06,414.48,413.29,16.38,3.4851
2025-07-25 09:00,9,0.7071,-0.7071,34.34,500.26,581.2,3.99,5.2134
2025-07-25 10:00,10,0.5,-0.866,37.64,619.19,724.04,7.79,6.0084
2025-07-25 11:00,11,0.2588,-0.9659,33.96,587.32,856.84,6.8,5.7993
2025-07-25 12:00,12,0.0,-1.0,40.5,639.48,846.58,13.95,6.1161
2025-07-25 13:00,13,-0.2588,-0.9659,40.48,529.09,787.84,0.91,6.3944
2025-07-25 14:00,14,-0.5,-0.866,38.31,469.7,698.33,18.72,4.6998
2025-07-25 15:00,15,-0.7071,-0.7071,39.61,534.83,656.21,7.11,6.049
2025-07-25 16:00,16,-0.866,-0.5,38.2,604.85,419.42,8.72,6.3378
2025-07-25 17:00,17,-0.9659,-0.2588,39.09,652.38,230.86,5.88,7.2249
2025-07-25 18:00,18,-1.0,-0.0,37.47,573.87,0.0,12.17,5.8752
2025-07-25 19:00,19,-0.9659,0.2588,32.45,479.64,8.02,8.0,4.8557
2025-07-25 20:00,20,-0.866,0.5,33.88,436.76,36.48,9.18,4.5447
2025-07-25 21:00,21,-0.7071,0.7071,31.14,440.28,0.0,9.0,4.744
2025-07-25 22:00,22,-0.5,0.866,30.12,515.56,11.46,5.92,4.8602
2025-07-25 23:00,23,-0.2588,0.9659,27.67,538.74,0.0,2.47,5.0915
2025-07-26 00:00,0,0.0,1.0,30.43,539.73,50.57,11.3,4.322
2025-07-26 01:00,1,0.2588,0.9659,28.76,460.9,6.71,5.15,4.3278
2025-07-26 02:00,2,0.5,0.866,25.89,377.9,0.0,12.1,2.9976
2025-07-26 03:00,3,0.7071,0.7071,25.2,442.78,0.0,8.52,3.6505
2025-07-26 04:00,4,0.866,0.5,27.23,494.85,0.0,5.81,4.5342
2025-07-26 05:00,5,0.9659,0.2588,29.41,570.71,0.0,8.36,4.8779
2025-07-26 06:00,6,1.0,0.0,30.36,522.04,0.0,8.96,4.915
2025-07-26 07:00,7,0.9659,-0.2588,33.33,464.34,217.55,9.75,4.5093
2025-07-26 08:00,8,0.866,-0.5,34.18,461.47,421.5,11.57,4.3987
2025-07-26 09:00,9,0.7071,-0.7071,36.01,492.75,613.26,3.67,5.1479
2025-07-26 10:00,10,0.5,-0.866,36.49,575.68,723.04,14.95,5.0454
2025-07-26 11:00,11,0.2588,-0.9659,35.16,573.97,801.76,6.4,5.5982
2025-07-26 12:00,12,0.0,-1.0,37.9,605.92,849.81,12.35,5.917
2025-07-26 13:00,13,-0.2588,-0.9659,40.39,548.9,780.73,4.39,5.8778
2025-07-26 14:00,14,-0.5,-0.866,38.92,487.46,739.71,1.51,6.1872
2025-07-26 15:00,15,-0.7071,-0.7071,39.55,506.99,554.5,8.12,5.4923
2025-07-26 16:00,16,-0.866,-0.5,37.72,608.38,453.02,5.51,6.7055
2025-07-26 17:00,17,-0.9659,-0.2588,35.7,601.59,237.1,17.96,5.4361
2025-07-26 18:00,18,-1.0,-0.0,35.81,568.22,0.0,2.92,6.7296
2025-07-26 19:00,19,-0.9659,0.2588,35.02,528.31,16.53,1.94,6.1513
2025-07-26 20:00,20,-0.866,0.5,32.02,421.58,2.79,1.89,4.841
2025-07-26 21:00,21,-0.7071,0.7071,31.09,473.38,0.0,4.35,5.2932
2025-07-26 22:00,22,-0.5,0.866,28.59,525.66,0.0,8.19,4.8897
2025-07-26 23:00,23,-0.2588,0.9659,30.44,575.34,7.91,7.39,5.1608
2025-07-27 00:00,0,0.0,1.0,27.36,516.73,0.0,5.78,4.3875
2025-07-27 01:00,1,0.2588,0.9659,29.38,454.21,27.37,2.68,4.5341
2025-07-27 02:00,2,0.5,0.866,29.29,414.42,0.35,4.54,3.7311
2025-07-27 03:00,3,0.7071,0.7071,27.08,436.72,0.0,3.97,3.6342
2025-07-27 04:00,4,0.866,0.5,26.29,535.17,44.95,10.3,3.9153
2025-07-27 05:00,5,0.9659,0.2588,25.63,530.31,14.41,10.83,4.1001
2025-07-27 06:00,6,1.0,0.0,27.79,527.82,0.0,10.78,4.4361
2025-07-27 07:00,7,0.9659,-0.2588,29.39,460.93,207.84,16.4,3.7103
2025-07-27 08:00,8,0.866,-0.5,35.07,467.02,390.4,12.92,4.3632
2025-07-27 09:00,9,0.7071,-0.7071,34.73,508.07,581.05,7.3,4.9659
2025-07-27 10:00,10,0.5,-0.866,36.58,579.79,732.5,6.44,5.3247
2025-07-27 11:00,11,0.2588,-0.9659,33.91,569.26,829.89,13.84,5.051
2025-07-27 12:00,12,0.0,-1.0,36.4,578.61,856.53,8.55,5.6504
2025-07-27 13:00,13,-0.2588,-0.9659,40.13,519.64,847.98,5.2,5.7382
2025-07-27 14:00,14,-0.5,-0.866,39.43,480.46,752.04,8.02,5.7726
2025-07-27 15:00,15,-0.7071,-0.7071,38.57,503.46,615.41,19.37,4.8006
2025-07-27 16:00,16,-0.866,-0.5,39.04,593.69,430.04,12.11,6.1258
2025-07-27 17:00,17,-0.9659,-0.2588,39.7,634.62,252.17,5.06,7.1651
2025-07-27 18:00,18,-1.0,-0.0,35.67,538.18,0.0,15.39,5.1826
2025-07-27 19:00,19,-0.9659,0.2588,34.66,501.26,0.0,17.57,4.8218
2025-07-27 20:00,20,-0.866,0.5,33.29,475.62,0.0,4.51,5.5145
2025-07-27 21:00,21,-0.7071,0.7071,35.04,502.88,26.4,13.23,4.7336
2025-07-27 22:00,22,-0.5,0.866,26.85,509.46,0.0,12.9,3.9125
2025-07-27 23:00,23,-0.2588,0.9659,29.78,563.44,73.34,1.77,5.1973
2025-07-28 00:00,0,0.0,1.0,27.63,506.19,0.0,9.26,4.2406
2025-07-28 01:00,1,0.2588,0.9659,28.05,439.29,2.21,5.31,3.6058
2025-07-28 02:00,2,0.5,0.866,26.01,399.44,13.66,9.32,3.0512
2025-07-28 03:00,3,0.7071,0.7071,27.13,424.88,0.0,13.77,3.6667
2025-07-28 04:00,4,0.866,0.5,28.87,544.71,8.96,7.31,4.8038
2025-07-28 05:00,5,0.9659,0.2588,33.43,571.11,0.87,6.44,5.6544
2025-07-28 06:00,6,1.0,0.0,31.21,548.97,0.0,14.04,4.8565
2025-07-28 07:00,7,0.9659,-0.2588,30.17,453.38,249.31,16.82,3.7982
2025-07-28 08:00,8,0.866,-0.5,32.36,463.43,402.41,2.23,4.9829
2025-07-28 09:00,9,0.7071,-0.7071,33.87,489.6,607.91,14.09,4.4644
2025-07-28 10:00,10,0.5,-0.866,33.31,549.55,772.49,2.59,5.893
2025-07-28 11:00,11,0.2588,-0.9659,36.75,616.26,803.37,5.64,6.2926
2025-07-28 12:00,12,0.0,-1.0,39.3,603.46,842.58,10.55,5.935
2025-07-28 13:00,13,-0.2588,-0.9659,36.88,491.43,879.67,10.78,5.0143
2025-07-28 14:00,14,-0.5,-0.866,40.57,489.08,747.98,10.01,5.5718
2025-07-28 15:00,15,-0.7071,-0.7071,39.53,502.94,588.39,1.76,6.1475
2025-07-28 16:00,16,-0.866,-0.5,37.09,571.41,445.07,3.32,6.5967
2025-07-28 17:00,17,-0.9659,-0.2588,37.03,623.65,205.79,14.6,5.9715
2025-07-28 18:00,18,-1.0,-0.0,38.4,600.18,0.0,2.57,6.9318
2025-07-28 19:00,19,-0.9659,0.2588,35.65,469.04,34.31,2.52,5.5659
2025-07-28 20:00,20,-0.866,0.5,33.01,438.05,0.0,11.83,4.4626
2025-07-28 21:00,21,-0.7071,0.7071,31.09,470.68,61.29,8.91,4.4578
2025-07-28 22:00,22,-0.5,0.866,30.11,526.98,0.0,5.79,5.3522
2025-07-28 23:00,23,-0.2588,0.9659,27.99,540.49,53.33,3.75,4.7345
2025-07-29 00:00,0,0.0,1.0,24.65,506.32,0.0,12.92,3.8272
2025-07-29 01:00,1,0.2588,0.9659,30.27,447.53,25.64,18.6,3.0008
2025-07-29 02:00,2,0.5,0.866,27.23,390.45,12.49,1.99,3.8978
2025-07-29 03:00,3,0.7071,0.7071,27.8,440.11,20.94,7.91,3.8841
2025-07-29 04:00,4,0.866,0.5,27.72,547.12,24.2,4.84,4.4514
2025-07-29 05:00,5,0.9659,0.2588,27.65,538.84,0.0,11.76,4.127
2025-07-29 06:00,6,1.0,0.0,29.72,521.5,0.0,5.74,4.8498
2025-07-29 07:00,7,0.9659,-0.2588,29.05,445.11,218.72,9.85,3.8944
2025-07-29 08:00,8,0.866,-0.5,36.42,457.01,430.58,7.75,4.8187
2025-07-29 09:00,9,0.7071,-0.7071,32.7,491.58,589.24,7.77,4.8732
2025-07-29 10:00,10,0.5,-0.866,34.45,528.55,743.06,12.29,4.629
2025-07-29 11:00,11,0.2588,-0.9659,36.58,610.69,829.28,7.02,5.9754
2025-07-29 12:00,12,0.0,-1.0,40.13,621.8,827.25,12.03,5.8903
2025-07-29 13:00,13,-0.2588,-0.9659,38.82,519.63,830.91,5.91,5.7439
2025-07-29 14:00,14,-0.5,-0.866,37.15,460.85,729.44,3.86,5.4421
2025-07-29 15:00,15,-0.7071,-0.7071,40.68,545.53,583.54,6.86,6.3155
2025-07-29 16:00,16,-0.866,-0.5,39.29,616.44,444.68,7.31,6.9455
2025-07-29 17:00,17,-0.9659,-0.2588,38.05,633.56,200.57,7.1,6.9589
2025-07-29 18:00,18,-1.0,-0.0,37.07,573.07,0.0,11.31,6.3725
2025-07-29 19:00,19,-0.9659,0.2588,38.14,525.5,1.8,8.03,5.6243
2025-07-29 20:00,20,-0.866,0.5,36.28,460.19,34.36,13.03,4.6246
2025-07-29 21:00,21,-0.7071,0.7071,30.42,468.01,4.82,7.48,4.8198
2025-07-29 22:00,22,-0.5,0.866,32.44,570.24,13.21,4.44,5.8186
2025-07-29 23:00,23,-0.2588,0.9659,29.33,521.57,0.0,3.28,5.0967
2025-07-30 00:00,0,0.0,1.0,28.55,518.59,0.0,12.53,3.887
2025-07-30 01:00,1,0.2588,0.9659,24.67,411.46,0.0,2.12,3.801
2025-07-30 02:00,2,0.5,0.866,26.74,436.63,7.33,3.11,4.143
2025-07-30 03:00,3,0.7071,0.7071,25.99,430.48,0.0,2.26,4.0695
2025-07-30 04:00,4,0.866,0.5,29.05,532.06,33.5,6.53,4.5082
2025-07-30 05:00,5,0.9659,0.2588,30.36,568.38,0.0,7.67,5.0066
2025-07-30 06:00,6,1.0,0.0,26.89,500.45,0.0,1.25,5.0698
2025-07-30 07:00,7,0.9659,-0.2588,31.41,450.98,288.57,7.49,4.2179
2025-07-30 08:00,8,0.866,-0.5,34.68,477.25,416.82,6.23,5.1537
2025-07-30 09:00,9,0.7071,-0.7071,34.27,502.02,633.87,10.73,4.6272
2025-07-30 10:00,10,0.5,-0.866,37.09,614.4,771.24,11.71,5.5476
2025-07-30 11:00,11,0.2588,-0.9659,37.77,628.99,844.67,9.46,6.1458
2025-07-30 12:00,12,0.0,-1.0,38.71,602.49,845.05,7.05,6.0953
2025-07-30 13:00,13,-0.2588,-0.9659,38.39,516.6,828.2,4.34,6.0356
2025-07-30 14:00,14,-0.5,-0.866,37.18,469.09,704.26,12.06,4.8289
2025-07-30 15:00,15,-0.7071,-0.7071,37.11,494.78,650.79,5.69,5.7798
2025-07-30 16:00,16,-0.866,-0.5,39.26,603.84,403.7,5.84,6.859
2025-07-30 17:00,17,-0.9659,-0.2588,37.27,612.34,213.65,13.85,5.9348
2025-07-30 18:00,18,-1.0,-0.0,35.79,581.47,2.47,16.96,5.6087
2025-07-30 19:00,19,-0.9659,0.2588,33.92,487.39,0.0,13.3,4.9822
2025-07-30 20:00,20,-0.866,0.5,32.54,440.65,0.0,22.0,3.8177
2025-07-30 21:00,21,-0.7071,0.7071,33.02,502.77,34.86,12.54,4.7671
2025-07-30 22:00,22,-0.5,0.866,29.5,523.91,23.76,9.71,4.4547
2025-07-30 23:00,23,-0.2588,0.9659,26.75,561.35,8.05,5.19,4.9017
2025-07-31 00:00,0,0.0,1.0,28.92,550.63,0.0,15.39,4.4235
2025-07-31 01:00,1,0.2588,0.9659,26.9,457.1,26.61,12.73,3.6993
2025-07-31 02:00,2,0.5,0.866,27.05,417.3,0.0,4.62,4.0247
2025-07-31 03:00,3,0.7071,0.7071,29.62,445.83,39.26,7.21,3.9651
2025-07-31 04:00,4,0.866,0.5,27.77,515.94,2.78,2.37,5.2602
2025-07-31 05:00,5,0.9659,0.2588,29.19,539.75,30.74,15.4,4.4035
2025-07-31 06:00,6,1.0,0.0,28.23,521.84,0.0,8.12,4.7825
2025-07-31 07:00,7,0.9659,-0.2588,31.12,466.56,221.78,4.67,4.8462
2025-07-31 08:00,8,0.866,-0.5,33.91,447.67,455.64,5.18,4.6657
2025-07-31 09:00,9,0.7071,-0.7071,32.22,486.67,655.89,17.48,4.0416
2025-07-31 10:00,10,0.5,-0.866,36.3,560.79,775.13,8.6,5.519
2025-07-31 11:00,11,0.2588,-0.9659,37.39,649.67,842.97,6.5,6.4127
2025-07-31 12:00,12,0.0,-1.0,38.26,608.09,864.73,7.32,6.0506
2025-07-31 13:00,13,-0.2588,-0.9659,40.35,535.25,808.36,2.83,5.9169
2025-07-31 14:00,14,-0.5,-0.866,39.5,489.78,743.5,2.46,6.0321
2025-07-31 15:00,15,-0.7071,-0.7071,41.01,548.81,578.21,8.34,6.2954
2025-07-31 16:00,16,-0.866,-0.5,36.71,604.96,434.39,7.45,6.1946
2025-07-31 17:00,17,-0.9659,-0.2588,37.45,627.1,231.0,5.87,6.7669
2025-07-31 18:00,18,-1.0,-0.0,36.13,579.67,0.0,8.04,6.5927
2025-07-31 19:00,19,-0.9659,0.2588,32.95,477.36,0.97,2.42,5.4659
2025-07-31 20:00,20,-0.866,0.5,34.43,478.21,10.37,14.94,4.591
2025-07-31 21:00,21,-0.7071,0.7071,34.93,487.44,0.0,5.19,5.5764
2025-07-31 22:00,22,-0.5,0.866,29.97,527.85,8.95,2.4,5.2871
2025-07-31 23:00,23,-0.2588,0.9659,29.51,584.07,0.0,3.79,5.2337
2025-08-01 00:00,0,0.0,1.0,26.86,514.71,0.0,2.79,4.6952
2025-08-01 01:00,1,0.2588,0.9659,25.06,454.56,25.87,3.9,4.1901
2025-08-01 02:00,2,0.5,0.866,23.2,386.33,0.01,6.46,3.2578
2025-08-01 03:00,3,0.7071,0.7071,25.07,434.42,8.5,10.19,3.5885
2025-08-01 04:00,4,0.866,0.5,24.64,534.77,0.0,4.96,4.6229
2025-08-01 05:00,5,0.9659,0.2588,30.24,557.79,0.49,6.66,5.1286
2025-08-01 06:00,6,1.0,0.0,28.76,516.27,0.0,14.3,4.4391
2025-08-01 07:00,7,0.9659,-0.2588,29.86,456.2,241.15,5.21,4.5391
2025-08-01 08:00,8,0.866,-0.5,33.26,427.26,470.2,11.07,3.9404
2025-08-01 09:00,9,0.7071,-0.7071,31.8,461.68,574.42,3.65,4.9996
2025-08-01 10:00,10,0.5,-0.866,33.78,560.41,712.61,3.9,5.6417
2025-08-01 11:00,11,0.2588,-0.9659,36.27,616.88,832.06,6.87,5.89
2025-08-01 12:00,12,0.0,-1.0,38.67,617.05,886.85,4.54,6.458
2025-08-01 13:00,13,-0.2588,-0.9659,38.48,544.43,820.98,13.44,5.6039
2025-08-01 14:00,14,-0.5,-0.866,38.3,469.56,705.39,2.01,5.827
2025-08-01 15:00,15,-0.7071,-0.7071,37.84,517.9,595.83,8.39,5.7443
2025-08-01 16:00,16,-0.866,-0.5,37.72,600.41,399.25,8.47,6.1483
2025-08-01 17:00,17,-0.9659,-0.2588,36.47,640.53,203.28,2.3,7.0664
2025-08-01 18:00,18,-1.0,-0.0,33.38,566.34,0.0,10.11,5.9639
2025-08-01 19:00,19,-0.9659,0.2588,33.55,486.27,0.0,7.0,5.4529
2025-08-01 20:00,20,-0.866,0.5,30.32,428.54,0.0,9.97,4.3945
2025-08-01 21:00,21,-0.7071,0.7071,30.5,467.58,1.86,11.65,4.5439
2025-08-01 22:00,22,-0.5,0.866,28.21,500.24,5.38,5.5,4.7563
2025-08-01 23:00,23,-0.2588,0.9659,31.49,580.85,0.0,7.16,5.7021
2025-08-02 00:00,0,0.0,1.0,26.67,534.39,9.91,4.84,4.6883
2025-08-02 01:00,1,0.2588,0.9659,24.03,434.39,0.0,4.17,3.2925
2025-08-02 02:00,2,0.5,0.866,25.73,401.94,18.01,0.5,3.7551
2025-08-02 03:00,3,0.7071,0.7071,26.91,433.86,19.51,16.02,3.2324
2025-08-02 04:00,4,0.866,0.5,29.24,487.73,0.0,6.71,4.2909
2025-08-02 05:00,5,0.9659,0.2588,26.8,550.31,15.35,1.01,5.102
2025-08-02 06:00,6,1.0,0.0,26.55,517.03,0.0,0.83,4.9419
2025-08-02 07:00,7,0.9659,-0.2588,31.6,458.62,253.09,5.13,4.6156
2025-08-02 08:00,8,0.866,-0.5,29.86,397.54,405.02,1.04,4.5976
2025-08-02 09:00,9,0.7071,-0.7071,32.83,462.91,609.86,6.03,4.8339
2025-08-02 10:00,10,0.5,-0.866,34.54,576.3,731.43,2.24,5.7152
2025-08-02 11:00,11,0.2588,-0.9659,36.07,644.12,795.61,1.76,6.7257
2025-08-02 12:00,12,0.0,-1.0,38.16,614.5,872.52,9.26,5.7299
2025-08-02 13:00,13,-0.2588,-0.9659,36.7,486.92,805.68,13.56,4.9695
2025-08-02 14:00,14,-0.5,-0.866,37.52,488.96,693.62,6.39,5.6871
2025-08-02 15:00,15,-0.7071,-0.7071,37.7,505.17,528.99,11.85,5.2804
2025-08-02 16:00,16,-0.866,-0.5,37.35,578.56,403.12,1.52,6.5289
2025-08-02 17:00,17,-0.9659,-0.2588,36.32,609.61,254.39,10.79,6.2871
2025-08-02 18:00,18,-1.0,-0.0,35.58,583.75,31.44,2.24,6.6063
2025-08-02 19:00,19,-0.9659,0.2588,34.75,505.86,0.0,11.88,5.2501
2025-08-02 20:00,20,-0.866,0.5,32.52,434.67,0.0,12.87,4.5579
2025-08-02 21:00,21,-0.7071,0.7071,31.06,460.73,0.0,10.93,4.5409
2025-08-02 22:00,22,-0.5,0.866,26.55,519.46,0.0,11.54,4.1381
2025-08-02 23:00,23,-0.2588,0.9659,27.76,558.52,0.0,7.99,4.7447
2025-08-03 00:00,0,0.0,1.0,27.45,530.14,24.53,4.88,4.4599
2025-08-03 01:00,1,0.2588,0.9659,27.23,418.23,12.6,8.93,3.7336
2025-08-03 02:00,2,0.5,0.866,24.89,400.3,6.83,6.7,3.7717
2025-08-03 03:00,3,0.7071,0.7071,25.14,421.48,0.0,0.64,3.9464
2025-08-03 04:00,4,0.866,0.5,25.87,511.74,2.52,7.08,4.334
2025-08-03 05:00,5,0.9659,0.2588,28.49,550.53,0.0,9.03,4.9197
2025-08-03 06:00,6,1.0,0.0,30.48,531.63,21.07,1.04,5.4848
2025-08-03 07:00,7,0.9659,-0.2588,29.76,439.62,226.46,8.67,4.3553
2025-08-03 08:00,8,0.866,-0.5,33.29,420.01,391.37,9.05,4.3336
2025-08-03 09:00,9,0.7071,-0.7071,33.67,451.41,641.45,3.65,4.6658
2025-08-03 10:00,10,0.5,-0.866,34.74,564.47,691.22,6.61,5.5961
2025-08-03 11:00,11,0.2588,-0.9659,35.85,606.37,834.29,16.07,5.4202
2025-08-03 12:00,12,0.0,-1.0,38.24,584.32,863.88,12.92,5.5778
2025-08-03 13:00,13,-0.2588,-0.9659,38.21,539.04,790.05,6.4,6.1849
2025-08-03 14:00,14,-0.5,-0.866,41.34,493.84,735.18,5.77,5.5263
2025-08-03 15:00,15,-0.7071,-0.7071,36.45,526.32,560.12,3.2,6.2171
2025-08-03 16:00,16,-0.866,-0.5,37.9,616.07,353.84,1.67,6.9263
2025-08-03 17:00,17,-0.9659,-0.2588,35.38,579.75,193.3,5.23,6.2724
2025-08-03 18:00,18,-1.0,-0.0,33.62,558.88,0.0,14.77,5.8032
2025-08-03 19:00,19,-0.9659,0.2588,33.46,475.22,16.11,15.7,4.6597
2025-08-03 20:00,20,-0.866,0.5,32.13,389.4,1.69,11.39,4.1472
2025-08-03 21:00,21,-0.7071,0.7071,34.75,469.85,2.34,5.78,5.177
2025-08-03 22:00,22,-0.5,0.866,28.65,529.34,0.0,3.47,4.6853
2025-08-03 23:00,23,-0.2588,0.9659,25.99,580.29,0.0,8.37,5.0307
2025-08-04 00:00,0,0.0,1.0,27.14,526.04,0.0,8.97,4.703
2025-08-04 01:00,1,0.2588,0.9659,23.02,442.35,0.0,6.54,3.838
2025-08-04 02:00,2,0.5,0.866,25.79,399.68,0.0,9.55,3.3907
2025-08-04 03:00,3,0.7071,0.7071,26.16,462.74,1.86,10.31,3.6697
2025-08-04 04:00,4,0.866,0.5,27.92,544.72,0.0,10.88,4.1776
2025-08-04 05:00,5,0.9659,0.2588,29.15,550.37,0.0,7.35,5.1394
2025-08-04 06:00,6,1.0,0.0,28.17,483.88,17.37,11.02,4.4748
2025-08-04 07:00,7,0.9659,-0.2588,30.15,423.22,207.48,1.41,4.8165
2025-08-04 08:00,8,0.866,-0.5,30.78,442.06,391.65,9.4,4.3538
2025-08-04 09:00,9,0.7071,-0.7071,31.79,467.11,615.13,4.56,4.8857
2025-08-04 10:00,10,0.5,-0.866,35.39,574.39,742.77,4.94,5.638
2025-08-04 11:00,11,0.2588,-0.9659,34.26,573.22,829.25,2.72,6.3937
2025-08-04 12:00,12,0.0,-1.0,36.5,569.22,865.65,4.07,5.9187
2025-08-04 13:00,13,-0.2588,-0.9659,36.23,498.92,832.45,19.34,4.3822
2025-08-04 14:00,14,-0.5,-0.866,38.75,489.14,736.84,6.45,5.8669
2025-08-04 15:00,15,-0.7071,-0.7071,40.43,530.93,660.83,14.27,5.4633
2025-08-04 16:00,16,-0.866,-0.5,35.17,554.32,392.88,3.71,6.2968
2025-08-04 17:00,17,-0.9659,-0.2588,33.39,581.36,205.34,4.2,6.6852
2025-08-04 18:00,18,-1.0,-0.0,34.74,584.55,24.18,7.95,6.3885
2025-08-04 19:00,19,-0.9659,0.2588,33.5,485.21,3.56,5.77,5.6817
2025-08-04 20:00,20,-0.866,0.5,32.26,443.23,18.95,8.94,4.4501
2025-08-04 21:00,21,-0.7071,0.7071,29.71,437.66,4.24,6.52,4.6227
2025-08-04 22:00,22,-0.5,0.866,28.63,473.21,34.35,11.37,3.9234
2025-08-04 23:00,23,-0.2588,0.9659,28.24,544.05,0.0,6.61,4.7035
2025-08-05 00:00,0,0.0,1.0,28.29,501.84,33.56,8.11,4.2993
2025-08-05 01:00,1,0.2588,0.9659,23.2,442.74,29.27,5.48,3.7086
2025-08-05 02:00,2,0.5,0.866,25.37,449.29,0.0,9.71,3.7193
2025-08-05 03:00,3,0.7071,0.7071,26.45,447.93,15.77,9.07,3.8677
2025-08-05 04:00,4,0.866,0.5,25.36,553.54,0.0,6.26,4.8106
2025-08-05 05:00,5,0.9659,0.2588,30.28,576.79,0.0,5.0,5.0452
2025-08-05 06:00,6,1.0,0.0,27.98,503.05,0.0,8.59,5.0765
2025-08-05 07:00,7,0.9659,-0.2588,30.31,461.23,194.73,14.9,3.977
2025-08-05 08:00,8,0.866,-0.5,32.76,464.81,442.7,3.32,5.194
2025-08-05 09:00,9,0.7071,-0.7071,32.59,501.7,621.39,11.15,4.0915
2025-08-05 10:00,10,0.5,-0.866,32.16,537.14,730.85,7.79,5.0574
2025-08-05 11:00,11,0.2588,-0.9659,35.53,614.02,841.46,7.6,5.5593
2025-08-05 12:00,12,0.0,-1.0,38.67,576.41,873.63,15.89,5.0839
2025-08-05 13:00,13,-0.2588,-0.9659,37.22,523.62,824.9,8.49,5.5169
2025-08-05 14:00,14,-0.5,-0.866,36.66,492.57,718.06,11.72,5.097
2025-08-05 15:00,15,-0.7071,-0.7071,39.11,527.0,612.07,7.48,6.1905
2025-08-05 16:00,16,-0.866,-0.5,36.63,571.51,437.17,4.72,6.7275
2025-08-05 17:00,17,-0.9659,-0.2588,35.41,614.65,236.84,9.58,6.1047
2025-08-05 18:00,18,-1.0,-0.0,35.15,575.98,21.64,14.1,5.6668
2025-08-05 19:00,19,-0.9659,0.2588,34.64,491.82,0.0,11.94,4.9812
2025-08-05 20:00,20,-0.866,0.5,35.5,462.69,0.0,4.14,5.6652
2025-08-05 21:00,21,-0.7071,0.7071,31.62,463.82,0.0,5.43,4.9423
2025-08-05 22:00,22,-0.5,0.866,30.67,548.78,18.67,7.51,5.0441
2025-08-05 23:00,23,-0.2588,0.9659,26.93,561.04,0.0,8.1,4.7755
2025-08-06 00:00,0,0.0,1.0,25.19,497.75,10.77,4.08,4.3168
2025-08-06 01:00,1,0.2588,0.9659,26.23,422.34,0.0,4.5,3.7011
2025-08-06 02:00,2,0.5,0.866,26.09,396.18,35.02,10.49,3.2043
2025-08-06 03:00,3,0.7071,0.7071,24.51,448.55,0.0,10.07,3.4902
2025-08-06 04:00,4,0.866,0.5,26.47,514.72,19.36,11.9,4.0851
2025-08-06 05:00,5,0.9659,0.2588,28.28,542.63,2.95,14.47,3.9361
2025-08-06 06:00,6,1.0,0.0,29.47,528.17,0.0,5.34,5.135
2025-08-06 07:00,7,0.9659,-0.2588,31.13,457.59,213.24,12.33,4.0424
2025-08-06 08:00,8,0.866,-0.5,32.36,448.12,409.05,9.22,4.4459
2025-08-06 09:00,9,0.7071,-0.7071,32.72,480.26,633.42,15.65,4.2945
2025-08-06 10:00,10,0.5,-0.866,34.16,557.03,736.44,4.96,5.4524
2025-08-06 11:00,11,0.2588,-0.9659,34.37,604.45,789.31,4.93,6.2175
2025-08-06 12:00,12,0.0,-1.0,39.8,626.64,840.4,9.71,5.7975
2025-08-06 13:00,13,-0.2588,-0.9659,37.74,506.91,824.25,14.29,5.3059
2025-08-06 14:00,14,-0.5,-0.866,37.59,482.77,758.57,11.61,5.369
2025-08-06 15:00,15,-0.7071,-0.7071,36.33,503.09,585.93,10.03,5.2682
2025-08-06 16:00,16,-0.866,-0.5,41.53,627.13,411.56,6.16,6.7681
2025-08-06 17:00,17,-0.9659,-0.2588,34.56,592.67,220.58,9.9,5.802
2025-08-06 18:00,18,-1.0,-0.0,34.28,564.43,21.84,11.18,6.041
2025-08-06 19:00,19,-0.9659,0.2588,34.1,502.96,0.0,10.41,5.2752
2025-08-06 20:00,20,-0.866,0.5,32.83,424.57,12.63,9.35,4.544
2025-08-06 21:00,21,-0.7071,0.7071,31.81,448.06,0.0,1.93,4.8592
2025-08-06 22:00,22,-0.5,0.866,31.64,522.25,0.0,9.14,5.1867
2025-08-06 23:00,23,-0.2588,0.9659,28.44,536.0,50.04,7.1,4.4695
2025-08-07 00:00,0,0.0,1.0,25.15,521.43,0.0,15.89,3.6594
2025-08-07 01:00,1,0.2588,0.9659,25.75,416.41,18.87,8.51,3.5276
2025-08-07 02:00,2,0.5,0.866,26.39,395.53,17.97,8.52,3.2952
2025-08-07 03:00,3,0.7071,0.7071,29.23,456.65,0.0,19.92,3.0199
2025-08-07 04:00,4,0.866,0.5,24.64,518.75,0.0,2.76,4.5643
2025-08-07 05:00,5,0.9659,0.2588,29.49,556.13,20.52,5.0,5.2245
2025-08-07 06:00,6,1.0,0.0,29.2,524.95,0.0,9.09,4.7103
2025-08-07 07:00,7,0.9659,-0.2588,31.63,468.16,178.39,5.42,5.16
2025-08-07 08:00,8,0.866,-0.5,31.78,426.84,450.65,5.74,4.3038
2025-08-07 09:00,9,0.7071,-0.7071,32.22,468.08,575.56,13.15,4.408
2025-08-07 10:00,10,0.5,-0.866,36.05,610.47,716.81,8.19,5.4475
2025-08-07 11:00,11,0.2588,-0.9659,37.15,635.36,870.4,2.9,6.2507
2025-08-07 12:00,12,0.0,-1.0,38.58,634.37,808.51,5.37,6.3196
2025-08-07 13:00,13,-0.2588,-0.9659,37.7,507.68,789.63,2.48,5.7031
2025-08-07 14:00,14,-0.5,-0.866,37.03,470.95,724.63,7.93,5.3818
2025-08-07 15:00,15,-0.7071,-0.7071,35.39,476.6,595.03,3.84,5.6514
2025-08-07 16:00,16,-0.866,-0.5,38.35,583.18,402.66,12.28,5.5674
2025-08-07 17:00,17,-0.9659,-0.2588,36.81,648.98,191.03,8.17,7.1576
2025-08-07 18:00,18,-1.0,-0.0,33.48,548.51,37.75,2.18,6.3996
2025-08-07 19:00,19,-0.9659,0.2588,32.67,503.68,6.57,5.26,5.639
2025-08-07 20:00,20,-0.866,0.5,31.23,407.17,14.63,8.61,4.7326
2025-08-07 21:00,21,-0.7071,0.7071,28.15,422.9,0.0,5.63,4.624
2025-08-07 22:00,22,-0.5,0.866,27.7,507.38,7.24,7.47,4.5506
2025-08-07 23:00,23,-0.2588,0.9659,25.98,549.04,23.32,13.64,3.7486
2025-08-08 00:00,0,0.0,1.0,26.11,526.35,0.0,5.78,4.6151
2025-08-08 01:00,1,0.2588,0.9659,25.02,444.26,6.62,5.63,3.6559
2025-08-08 02:00,2,0.5,0.866,23.49,393.76,17.4,11.52,3.2129
2025-08-08 03:00,3,0.7071,0.7071,29.17,444.83,38.62,5.45,3.9478
2025-08-08 04:00,4,0.866,0.5,28.61,512.6,48.7,2.51,4.7122
2025-08-08 05:00,5,0.9659,0.2588,26.52,536.28,1.75,3.93,4.6385
2025-08-08 06:00,6,1.0,0.0,29.34,509.88,28.47,15.17,3.9518
2025-08-08 07:00,7,0.9659,-0.2588,31.0,476.93,153.24,14.48,4.1792
2025-08-08 08:00,8,0.866,-0.5,33.71,418.3,463.81,4.44,4.5632
2025-08-08 09:00,9,0.7071,-0.7071,32.25,495.79,582.89,7.9,4.7267
2025-08-08 10:00,10,0.5,-0.866,36.57,575.89,730.09,3.38,6.3647
2025-08-08 11:00,11,0.2588,-0.9659,35.35,597.2,832.06,9.33,5.7347
2025-08-08 12:00,12,0.0,-1.0,35.12,580.56,846.16,3.98,5.9953
2025-08-08 13:00,13,-0.2588,-0.9659,38.81,546.26,825.95,1.99,5.6822
2025-08-08 14:00,14,-0.5,-0.866,39.86,511.68,775.81,11.62,5.5884
2025-08-08 15:00,15,-0.7071,-0.7071,41.61,553.87,591.44,5.52,7.0178
2025-08-08 16:00,16,-0.866,-0.5,35.32,587.4,397.83,2.98,6.5331
2025-08-08 17:00,17,-0.9659,-0.2588,37.22,598.01,265.33,11.79,5.9414
2025-08-08 18:00,18,-1.0,-0.0,34.31,555.18,13.17,10.55,5.8889
2025-08-08 19:00,19,-0.9659,0.2588,34.66,477.08,48.06,9.44,4.9423
2025-08-08 20:00,20,-0.866,0.5,29.72,432.15,21.59,13.7,4.2437
2025-08-08 21:00,21,-0.7071,0.7071,28.48,435.6,0.0,7.21,4.7083
2025-08-08 22:00,22,-0.5,0.866,27.76,525.18,16.13,3.26,4.8996
2025-08-08 23:00,23,-0.2588,0.9659,27.8,558.04,0.0,2.21,5.0603
2025-08-09 00:00,0,0.0,1.0,25.77,499.57,0.19,5.45,4.3186
2025-08-09 01:00,1,0.2588,0.9659,27.12,428.7,0.0,2.65,4.005
2025-08-09 02:00,2,0.5,0.866,27.47,419.41,0.0,7.71,3.3707
2025-08-09 03:00,3,0.7071,0.7071,27.03,425.87,0.0,1.06,4.1482
2025-08-09 04:00,4,0.866,0.5,29.16,523.65,55.13,6.74,4.4644
2025-08-09 05:00,5,0.9659,0.2588,28.31,540.74,5.96,3.9,5.3142
2025-08-09 06:00,6,1.0,0.0,27.1,507.79,0.0,5.96,5.0098
2025-08-09 07:00,7,0.9659,-0.2588,32.42,472.17,265.32,9.33,4.7981
2025-08-09 08:00,8,0.866,-0.5,31.02,412.42,415.09,5.79,4.5174
2025-08-09 09:00,9,0.7071,-0.7071,34.85,477.87,598.76,5.69,5.0527
2025-08-09 10:00,10,0.5,-0.866,37.29,591.1,760.89,19.04,4.7115
2025-08-09 11:00,11,0.2588,-0.9659,36.86,608.18,811.02,9.91,6.0189
2025-08-09 12:00,12,0.0,-1.0,34.88,555.38,831.34,7.47,5.6418
2025-08-09 13:00,13,-0.2588,-0.9659,36.35,490.19,764.69,8.19,5.0797
2025-08-09 14:00,14,-0.5,-0.866,39.91,494.13,712.71,8.66,5.4223
2025-08-09 15:00,15,-0.7071,-0.7071,37.47,527.42,577.39,1.39,6.0741
2025-08-09 16:00,16,-0.866,-0.5,37.24,609.05,428.96,2.55,6.4125
2025-08-09 17:00,17,-0.9659,-0.2588,37.31,613.58,204.73,9.01,6.5617
2025-08-09 18:00,18,-1.0,-0.0,35.97,608.54,53.95,5.92,6.3517
2025-08-09 19:00,19,-0.9659,0.2588,33.9,469.62,0.0,2.1,5.5876
2025-08-09 20:00,20,-0.866,0.5,31.62,445.17,35.02,5.23,4.9762
2025-08-09 21:00,21,-0.7071,0.7071,29.91,441.92,5.49,3.29,4.785
2025-08-09 22:00,22,-0.5,0.866,30.22,517.16,20.17,13.86,4.1871
2025-08-09 23:00,23,-0.2588,0.9659,28.52,542.96,18.65,4.19,5.2693
2025-08-10 00:00,0,0.0,1.0,26.35,511.71,0.0,3.47,4.2905
2025-08-10 01:00,1,0.2588,0.9659,27.76,446.2,0.0,8.73,3.5029
2025-08-10 02:00,2,0.5,0.866,25.73,410.05,0.0,7.56,3.6118
2025-08-10 03:00,3,0.7071,0.7071,24.86,423.34,0.0,8.15,3.4217
2025-08-10 04:00,4,0.866,0.5,25.59,497.66,11.49,6.66,4.1224
2025-08-10 05:00,5,0.9659,0.2588,26.22,536.25,42.91,6.98,4.3991
2025-08-10 06:00,6,1.0,0.0,28.52,514.99,0.0,10.81,4.6141
2025-08-10 07:00,7,0.9659,-0.2588,32.23,468.15,206.63,4.39,4.9618
2025-08-10 08:00,8,0.866,-0.5,30.72,407.51,393.86,6.25,4.3197
2025-08-10 09:00,9,0.7071,-0.7071,33.76,487.65,602.84,15.66,4.1403
2025-08-10 10:00,10,0.5,-0.866,33.94,593.98,727.98,4.04,5.7154
2025-08-10 11:00,11,0.2588,-0.9659,35.78,604.67,805.9,5.19,5.9939
2025-08-10 12:00,12,0.0,-1.0,34.86,560.87,867.24,4.06,6.0161
2025-08-10 13:00,13,-0.2588,-0.9659,37.39,521.04,861.94,1.27,6.3155
2025-08-10 14:00,14,-0.5,-0.866,37.64,468.72,802.65,4.93,5.7085
2025-08-10 15:00,15,-0.7071,-0.7071,38.53,531.81,582.55,1.92,6.4745
2025-08-10 16:00,16,-0.866,-0.5,37.46,577.4,379.48,3.61,6.8045
2025-08-10 17:00,17,-0.9659,-0.2588,34.37,628.47,233.98,5.91,6.3671
2025-08-10 18:00,18,-1.0,-0.0,36.55,586.11,40.26,1.27,6.7118
2025-08-10 19:00,19,-0.9659,0.2588,33.8,474.57,20.34,10.41,5.224
2025-08-10 20:00,20,-0.866,0.5,32.23,424.98,40.16,11.09,4.4071
2025-08-10 21:00,21,-0.7071,0.7071,30.36,448.69,0.0,6.41,4.7328
2025-08-10 22:00,22,-0.5,0.866,28.15,534.3,0.0,17.99,4.2243
2025-08-10 23:00,23,-0.2588,0.9659,28.01,531.07,2.89,9.38,4.6521
2025-08-11 00:00,0,0.0,1.0,27.45,502.48,0.0,10.27,3.8743
2025-08-11 01:00,1,0.2588,0.9659,23.51,429.08,16.58,4.07,3.7692
2025-08-11 02:00,2,0.5,0.866,25.12,399.76,24.24,11.86,2.8841
2025-08-11 03:00,3,0.7071,0.7071,25.75,433.43,26.2,14.99,2.9681
2025-08-11 04:00,4,0.866,0.5,27.12,490.13,12.76,4.57,4.1118
2025-08-11 05:00,5,0.9659,0.2588,29.48,555.81,6.15,9.48,4.8156
2025-08-11 06:00,6,1.0,0.0,27.77,511.01,19.86,10.32,4.1342
2025-08-11 07:00,7,0.9659,-0.2588,29.63,441.11,170.92,5.31,4.6364
2025-08-11 08:00,8,0.866,-0.5,31.16,435.58,430.26,7.06,4.6727
2025-08-11 09:00,9,0.7071,-0.7071,32.28,485.52,602.35,2.82,5.2236
2025-08-11 10:00,10,0.5,-0.866,34.41,562.58,741.45,3.84,5.7032
2025-08-11 11:00,11,0.2588,-0.9659,37.33,628.07,818.85,2.22,6.7846
2025-08-11 12:00,12,0.0,-1.0,35.54,540.43,860.8,7.98,5.5119
2025-08-11 13:00,13,-0.2588,-0.9659,38.37,514.11,806.67,8.72,5.3452
2025-08-11 14:00,14,-0.5,-0.866,35.38,474.08,764.36,13.85,4.783
2025-08-11 15:00,15,-0.7071,-0.7071,36.88,502.2,612.88,7.78,6.0039
2025-08-11 16:00,16,-0.866,-0.5,36.63,570.48,428.77,4.84,6.1492
2025-08-11 17:00,17,-0.9659,-0.2588,38.68,669.63,202.56,2.18,7.1636
2025-08-11 18:00,18,-1.0,-0.0,34.52,591.91,20.38,12.94,6.0392
2025-08-11 19:00,19,-0.9659,0.2588,30.18,461.95,5.17,7.1,5.0408
2025-08-11 20:00,20,-0.866,0.5,28.93,424.52,0.0,10.17,4.2363
2025-08-11 21:00,21,-0.7071,0.7071,30.43,423.52,0.0,1.07,4.6566
2025-08-11 22:00,22,-0.5,0.866,29.85,515.48,15.73,7.2,4.4113
2025-08-11 23:00,23,-0.2588,0.9659,28.25,544.94,13.79,5.52,4.5762
2025-08-12 00:00,0,0.0,1.0,26.98,508.96,12.18,1.54,5.0701
2025-08-12 01:00,1,0.2588,0.9659,27.88,430.15,2.31,10.76,3.5476
2025-08-12 02:00,2,0.5,0.866,25.12,361.75,25.65,7.46,2.7607
2025-08-12 03:00,3,0.7071,0.7071,27.48,443.29,30.94,5.6,4.2257
2025-08-12 04:00,4,0.866,0.5,24.28,520.65,18.43,11.27,4.2179
2025-08-12 05:00,5,0.9659,0.2588,26.33,574.03,0.0,6.77,5.1721
2025-08-12 06:00,6,1.0,0.0,26.22,500.68,0.0,0.52,5.0038
2025-08-12 07:00,7,0.9659,-0.2588,29.96,440.15,206.4,14.96,3.755
2025-08-12 08:00,8,0.866,-0.5,31.86,390.67,473.84,4.78,4.3064
2025-08-12 09:00,9,0.7071,-0.7071,33.65,478.31,608.08,11.73,4.7598
2025-08-12 10:00,10,0.5,-0.866,35.02,582.18,789.28,11.46,5.12
2025-08-12 11:00,11,0.2588,-0.9659,34.78,595.06,818.03,3.7,5.8522
2025-08-12 12:00,12,0.0,-1.0,36.84,615.36,843.53,7.05,6.2309
2025-08-12 13:00,13,-0.2588,-0.9659,35.48,493.47,819.19,1.78,5.9607
2025-08-12 14:00,14,-0.5,-0.866,39.97,497.99,733.82,5.82,5.8123
2025-08-12 15:00,15,-0.7071,-0.7071,37.27,491.2,581.7,10.08,5.5602
2025-08-12 16:00,16,-0.866,-0.5,36.39,583.94,396.28,4.58,6.517
2025-08-12 17:00,17,-0.9659,-0.2588,38.55,604.74,232.53,3.11,6.8639
2025-08-12 18:00,18,-1.0,-0.0,33.06,563.42,26.37,7.4,5.8898
2025-08-12 19:00,19,-0.9659,0.2588,31.79,478.71,61.12,7.72,4.951
2025-08-12 20:00,20,-0.866,0.5,30.28,438.66,0.0,9.34,4.4541
2025-08-12 21:00,21,-0.7071,0.7071,30.27,440.39,0.0,10.5,4.1047
2025-08-12 22:00,22,-0.5,0.866,29.58,527.51,0.0,9.6,4.7561
2025-08-12 23:00,23,-0.2588,0.9659,28.8,564.82,28.14,12.02,4.7677
2025-08-13 00:00,0,0.0,1.0,30.59,539.85,20.37,4.42,4.9774
2025-08-13 01:00,1,0.2588,0.9659,22.76,424.52,0.0,8.08,3.2254
2025-08-13 02:00,2,0.5,0.866,26.84,364.12,0.0,5.88,3.5897
2025-08-13 03:00,3,0.7071,0.7071,25.3,442.7,23.81,15.92,3.1478
2025-08-13 04:00,4,0.866,0.5,25.85,510.21,9.58,6.7,4.449
2025-08-13 05:00,5,0.9659,0.2588,26.76,541.5,18.96,15.77,3.9442
2025-08-13 06:00,6,1.0,0.0,27.57,523.96,0.0,10.65,4.7849
2025-08-13 07:00,7,0.9659,-0.2588,32.9,476.04,173.05,9.91,4.8561
2025-08-13 08:00,8,0.866,-0.5,33.19,421.75,403.13,7.24,4.4145
2025-08-13 09:00,9,0.7071,-0.7071,33.52,452.66,618.23,6.74,4.8139
2025-08-13 10:00,10,0.5,-0.866,36.95,567.2,788.9,7.61,5.7604
2025-08-13 11:00,11,0.2588,-0.9659,33.9,633.11,810.3,5.19,5.9981
2025-08-13 12:00,12,0.0,-1.0,35.13,580.37,906.9,13.49,5.1967
2025-08-13 13:00,13,-0.2588,-0.9659,34.46,491.98,841.78,11.07,4.9428
2025-08-13 14:00,14,-0.5,-0.866,36.88,468.31,701.3,11.19,4.861
2025-08-13 15:00,15,-0.7071,-0.7071,37.97,513.52,606.39,6.63,5.931
2025-08-13 16:00,16,-0.866,-0.5,37.28,604.24,446.6,2.39,6.991
2025-08-13 17:00,17,-0.9659,-0.2588,36.39,609.8,159.36,9.43,6.3941
2025-08-13 18:00,18,-1.0,-0.0,32.81,559.65,16.11,6.03,6.1987
2025-08-13 19:00,19,-0.9659,0.2588,34.69,485.76,29.32,12.58,5.3509
2025-08-13 20:00,20,-0.866,0.5,32.29,463.4,9.97,10.83,4.6516
2025-08-13 21:00,21,-0.7071,0.7071,31.47,476.43,0.0,3.49,5.2007
2025-08-13 22:00,22,-0.5,0.866,26.09,531.18,0.0,8.44,4.4865
2025-08-13 23:00,23,-0.2588,0.9659,28.15,542.46,0.0,9.55,4.4395
2025-08-14 00:00,0,0.0,1.0,24.95,528.37,0.0,8.06,4.3422
2025-08-14 01:00,1,0.2588,0.9659,25.54,432.81,0.0,7.48,3.7231
2025-08-14 02:00,2,0.5,0.866,26.73,401.65,0.0,4.47,3.8685
2025-08-14 03:00,3,0.7071,0.7071,26.27,462.03,2.84,4.56,4.1604
2025-08-14 04:00,4,0.866,0.5,25.45,496.86,0.0,10.64,4.0493
2025-08-14 05:00,5,0.9659,0.2588,27.69,553.05,0.0,1.21,5.6244
2025-08-14 06:00,6,1.0,0.0,26.63,519.07,18.99,10.81,4.6502
2025-08-14 07:00,7,0.9659,-0.2588,32.1,478.11,229.26,7.61,4.7736
2025-08-14 08:00,8,0.866,-0.5,31.62,422.2,411.52,14.6,3.8995
2025-08-14 09:00,9,0.7071,-0.7071,35.16,526.07,613.7,21.42,4.0828
2025-08-14 10:00,10,0.5,-0.866,34.14,542.18,724.79,9.18,5.1316
2025-08-14 11:00,11,0.2588,-0.9659,35.39,630.97,822.61,6.42,6.1593
2025-08-14 12:00,12,0.0,-1.0,35.98,594.55,874.38,7.06,5.8897
2025-08-14 13:00,13,-0.2588,-0.9659,39.04,554.32,805.94,4.21,6.3133
2025-08-14 14:00,14,-0.5,-0.866,36.86,447.09,706.81,2.84,5.817
2025-08-14 15:00,15,-0.7071,-0.7071,38.69,509.99,597.41,8.18,5.7367
2025-08-14 16:00,16,-0.866,-0.5,36.55,603.28,390.91,11.26,5.7308
2025-08-14 17:00,17,-0.9659,-0.2588,33.21,563.5,213.06,4.85,6.6269
2025-08-14 18:00,18,-1.0,-0.0,34.07,536.98,0.0,6.49,5.9137
2025-08-14 19:00,19,-0.9659,0.2588,31.71,459.88,0.0,7.92,5.1482
2025-08-14 20:00,20,-0.866,0.5,31.98,434.71,13.27,13.59,4.4657
2025-08-14 21:00,21,-0.7071,0.7071,28.59,466.1,0.0,3.4,5.1778
2025-08-14 22:00,22,-0.5,0.866,30.32,528.26,29.55,4.58,5.4542
2025-08-14 23:00,23,-0.2588,0.9659,27.55,540.88,5.39,13.93,4.1052
2025-08-15 00:00,0,0.0,1.0,26.47,517.17,18.39,1.77,4.983
2025-08-15 01:00,1,0.2588,0.9659,27.12,444.54,29.75,9.09,3.7303
2025-08-15 02:00,2,0.5,0.866,27.37,406.62,0.0,8.89,4.0455
2025-08-15 03:00,3,0.7071,0.7071,26.1,434.83,0.0,6.12,4.0679
2025-08-15 04:00,4,0.866,0.5,25.58,483.17,0.0,6.99,4.1138
2025-08-15 05:00,5,0.9659,0.2588,25.02,536.24,30.99,12.23,4.0044
2025-08-15 06:00,6,1.0,0.0,27.9,533.8,0.0,3.74,4.6347
2025-08-15 07:00,7,0.9659,-0.2588,29.45,451.9,194.85,4.52,4.7841
2025-08-15 08:00,8,0.866,-0.5,32.09,427.87,443.49,7.46,4.5651
2025-08-15 09:00,9,0.7071,-0.7071,32.96,493.98,546.55,6.39,5.1554
2025-08-15 10:00,10,0.5,-0.866,35.96,559.23,725.39,8.13,4.9893
2025-08-15 11:00,11,0.2588,-0.9659,35.25,604.63,843.74,14.01,5.0395
2025-08-15 12:00,12,0.0,-1.0,37.04,586.88,839.06,13.89,5.51
2025-08-15 13:00,13,-0.2588,-0.9659,39.5,522.88,803.09,4.5,6.3194
2025-08-15 14:00,14,-0.5,-0.866,38.44,485.04,725.72,5.28,5.6867
2025-08-15 15:00,15,-0.7071,-0.7071,37.63,511.75,550.79,3.7,6.3106
2025-08-15 16:00,16,-0.866,-0.5,36.22,557.28,442.89,14.27,5.329
2025-08-15 17:00,17,-0.9659,-0.2588,35.22,610.49,216.92,6.27,6.5724
2025-08-15 18:00,18,-1.0,-0.0,33.65,537.79,0.0,6.8,5.946
2025-08-15 19:00,19,-0.9659,0.2588,32.67,477.34,0.0,11.21,5.2688
2025-08-15 20:00,20,-0.866,0.5,33.06,461.11,0.35,7.46,4.9197
2025-08-15 21:00,21,-0.7071,0.7071,30.04,449.62,16.34,3.14,5.2144
2025-08-15 22:00,22,-0.5,0.866,26.9,494.93,0.0,6.68,4.4881
2025-08-15 23:00,23,-0.2588,0.9659,30.34,566.8,0.0,8.78,4.6897
2025-08-16 00:00,0,0.0,1.0,27.21,500.02,14.39,9.92,3.8659
2025-08-16 01:00,1,0.2588,0.9659,24.02,446.42,12.46,8.96,3.4215
2025-08-16 02:00,2,0.5,0.866,25.27,397.78,5.14,3.13,3.8138
2025-08-16 03:00,3,0.7071,0.7071,26.3,463.15,26.88,5.3,3.9505
2025-08-16 04:00,4,0.866,0.5,29.29,540.26,0.76,10.12,4.3379
2025-08-16 05:00,5,0.9659,0.2588,26.02,547.7,27.78,12.82,4.4335
2025-08-16 06:00,6,1.0,0.0,30.39,542.37,35.18,1.93,4.8187
2025-08-16 07:00,7,0.9659,-0.2588,32.47,467.4,234.55,1.83,5.0018
2025-08-16 08:00,8,0.866,-0.5,30.99,424.39,406.3,8.94,3.9381
2025-08-16 09:00,9,0.7071,-0.7071,33.06,472.6,597.77,7.84,4.5366
2025-08-16 10:00,10,0.5,-0.866,33.37,566.99,767.09,3.62,5.6961
2025-08-16 11:00,11,0.2588,-0.9659,35.87,634.42,783.6,7.84,6.0064
2025-08-16 12:00,12,0.0,-1.0,37.07,597.04,840.2,16.86,5.1977
2025-08-16 13:00,13,-0.2588,-0.9659,38.71,537.03,812.46,8.79,5.9118
2025-08-16 14:00,14,-0.5,-0.866,39.56,506.35,714.49,6.8,5.7974
2025-08-16 15:00,15,-0.7071,-0.7071,36.6,514.58,622.86,11.67,5.733
2025-08-16 16:00,16,-0.866,-0.5,34.17,544.8,434.42,4.3,6.2319
2025-08-16 17:00,17,-0.9659,-0.2588,36.14,640.63,202.22,6.44,6.5891
2025-08-16 18:00,18,-1.0,-0.0,35.37,598.51,15.14,7.62,6.8011
2025-08-16 19:00,19,-0.9659,0.2588,33.86,480.83,0.0,7.37,5.4681
2025-08-16 20:00,20,-0.866,0.5,31.44,421.95,0.0,14.02,4.5628
2025-08-16 21:00,21,-0.7071,0.7071,30.56,467.19,0.0,5.18,4.8347
2025-08-16 22:00,22,-0.5,0.866,31.2,546.37,10.9,2.12,5.5209
2025-08-16 23:00,23,-0.2588,0.9659,28.26,549.04,23.48,13.86,4.3447
2025-08-17 00:00,0,0.0,1.0,26.17,493.75,0.0,4.35,4.3702
2025-08-17 01:00,1,0.2588,0.9659,25.38,442.09,13.61,6.07,4.0694
2025-08-17 02:00,2,0.5,0.866,25.67,408.27,39.54,7.66,3.8409
2025-08-17 03:00,3,0.7071,0.7071,28.59,453.09,0.0,16.98,2.8401
2025-08-17 04:00,4,0.866,0.5,26.46,517.74,8.89,7.7,4.5233
2025-08-17 05:00,5,0.9659,0.2588,27.66,545.93,20.77,6.78,4.6238
2025-08-17 06:00,6,1.0,0.0,28.2,529.05,0.0,8.24,4.2918
2025-08-17 07:00,7,0.9659,-0.2588,32.02,470.68,250.95,16.54,4.0635
2025-08-17 08:00,8,0.866,-0.5,34.87,447.97,479.97,11.49,4.4205
2025-08-17 09:00,9,0.7071,-0.7071,34.16,484.05,609.62,3.79,5.2763
2025-08-17 10:00,10,0.5,-0.866,35.05,542.73,730.28,11.22,5.1372
2025-08-17 11:00,11,0.2588,-0.9659,36.23,613.07,845.46,11.94,5.7327
2025-08-17 12:00,12,0.0,-1.0,33.55,567.21,871.05,9.53,5.2493
2025-08-17 13:00,13,-0.2588,-0.9659,38.84,529.33,758.07,9.11,5.7208
2025-08-17 14:00,14,-0.5,-0.866,38.13,503.85,736.05,6.71,5.8203
2025-08-17 15:00,15,-0.7071,-0.7071,38.37,516.49,591.18,8.92,6.0016
2025-08-17 16:00,16,-0.866,-0.5,36.06,584.27,434.92,10.18,6.0228
2025-08-17 17:00,17,-0.9659,-0.2588,35.59,622.64,215.15,3.19,6.8215
2025-08-17 18:00,18,-1.0,-0.0,34.31,598.14,0.0,4.8,6.5657
2025-08-17 19:00,19,-0.9659,0.2588,35.01,495.78,0.0,4.09,5.5854
2025-08-17 20:00,20,-0.866,0.5,31.36,411.22,18.36,11.94,4.4049
2025-08-17 21:00,21,-0.7071,0.7071,33.5,494.21,41.38,9.39,4.5839
2025-08-17 22:00,22,-0.5,0.866,29.57,553.08,0.0,6.81,5.1503
2025-08-17 23:00,23,-0.2588,0.9659,25.77,545.16,0.0,11.64,4.2939
2025-08-18 00:00,0,0.0,1.0,26.54,525.12,0.5,9.88,3.9011
2025-08-18 01:00,1,0.2588,0.9659,25.16,455.93,0.0,13.77,3.029
2025-08-18 02:00,2,0.5,0.866,22.64,415.26,29.27,2.49,3.5451
2025-08-18 03:00,3,0.7071,0.7071,28.53,443.64,0.0,7.42,3.8832
2025-08-18 04:00,4,0.866,0.5,27.79,502.02,0.0,9.75,4.4921
2025-08-18 05:00,5,0.9659,0.2588,28.49,552.66,0.0,4.24,5.0865
2025-08-18 06:00,6,1.0,0.0,29.18,528.79,34.37,5.54,5.1409
2025-08-18 07:00,7,0.9659,-0.2588,28.3,453.54,226.26,6.48,4.662
2025-08-18 08:00,8,0.866,-0.5,31.2,430.63,413.41,11.07,4.305
2025-08-18 09:00,9,0.7071,-0.7071,34.74,485.75,567.98,7.26,4.9703
2025-08-18 10:00,10,0.5,-0.866,33.35,563.64,705.36,7.25,5.2788
2025-08-18 11:00,11,0.2588,-0.9659,32.37,597.89,831.39,6.61,5.7441
2025-08-18 12:00,12,0.0,-1.0,36.78,588.46,822.31,4.48,5.9953
2025-08-18 13:00,13,-0.2588,-0.9659,37.51,501.05,823.64,14.09,5.3241
2025-08-18 14:00,14,-0.5,-0.866,38.13,478.33,787.2,5.44,5.7299
2025-08-18 15:00,15,-0.7071,-0.7071,38.82,538.25,592.35,8.06,6.0022
2025-08-18 16:00,16,-0.866,-0.5,38.08,572.4,400.96,3.53,6.6979
2025-08-18 17:00,17,-0.9659,-0.2588,36.56,587.07,229.55,6.64,6.4551
2025-08-18 18:00,18,-1.0,-0.0,36.72,604.89,0.0,13.47,6.041
2025-08-18 19:00,19,-0.9659,0.2588,31.2,470.79,43.0,20.44,4.2614
2025-08-18 20:00,20,-0.866,0.5,32.69,446.58,35.09,5.9,4.9429
2025-08-18 21:00,21,-0.7071,0.7071,31.32,447.87,0.0,3.6,5.3152
2025-08-18 22:00,22,-0.5,0.866,27.07,523.56,0.0,5.41,4.6996
2025-08-18 23:00,23,-0.2588,0.9659,25.43,554.13,0.0,5.54,4.873
2025-08-19 00:00,0,0.0,1.0,25.61,488.74,0.0,8.95,3.8369
2025-08-19 01:00,1,0.2588,0.9659,25.14,458.86,9.59,7.29,3.6628
2025-08-19 02:00,2,0.5,0.866,27.06,402.38,25.99,10.64,2.9334
2025-08-19 03:00,3,0.7071,0.7071,25.21,431.56,0.0,9.67,3.589
2025-08-19 04:00,4,0.866,0.5,25.45,506.83,25.27,4.73,4.3281
2025-08-19 05:00,5,0.9659,0.2588,26.77,519.77,15.44,10.9,4.4957
2025-08-19 06:00,6,1.0,0.0,30.61,542.25,0.0,12.07,4.8344
2025-08-19 07:00,7,0.9659,-0.2588,30.39,460.59,192.83,8.41,4.5017
2025-08-19 08:00,8,0.866,-0.5,31.66,426.36,427.91,14.26,3.5528
2025-08-19 09:00,9,0.7071,-0.7071,33.32,499.21,574.55,10.88,4.8106
2025-08-19 10:00,10,0.5,-0.866,36.87,562.67,761.71,8.37,5.3462
2025-08-19 11:00,11,0.2588,-0.9659,35.05,597.43,792.94,13.54,5.0379
2025-08-19 12:00,12,0.0,-1.0,39.1,588.53,863.69,8.43,6.0164
2025-08-19 13:00,13,-0.2588,-0.9659,38.04,513.63,819.02,7.55,5.3174
2025-08-19 14:00,14,-0.5,-0.866,37.69,478.51,722.11,5.84,5.1544
2025-08-19 15:00,15,-0.7071,-0.7071,41.48,551.75,598.47,12.89,6.0968
2025-08-19 16:00,16,-0.866,-0.5,35.54,567.62,452.0,3.18,6.2702
2025-08-19 17:00,17,-0.9659,-0.2588,35.64,597.96,190.19,7.05,6.0979
2025-08-19 18:00,18,-1.0,-0.0,33.08,578.43,0.0,7.73,5.9647
2025-08-19 19:00,19,-0.9659,0.2588,34.91,528.95,0.0,7.92,5.5989
2025-08-19 20:00,20,-0.866,0.5,34.46,453.85,0.0,9.04,5.1763
2025-08-19 21:00,21,-0.7071,0.7071,32.88,465.19,0.0,7.39,4.5159
2025-08-19 22:00,22,-0.5,0.866,30.76,556.74,0.0,4.79,5.0504
2025-08-19 23:00,23,-0.2588,0.9659,27.39,528.3,0.0,12.27,4.4146
2025-08-20 00:00,0,0.0,1.0,26.18,507.48,40.94,9.11,4.0007
2025-08-20 01:00,1,0.2588,0.9659,23.63,427.06,6.17,12.3,3.2004
2025-08-20 02:00,2,0.5,0.866,28.98,390.46,5.31,5.0,3.6775
2025-08-20 03:00,3,0.7071,0.7071,26.84,433.3,0.0,8.86,4.0805
2025-08-20 04:00,4,0.866,0.5,25.99,499.54,0.0,9.85,3.807
2025-08-20 05:00,5,0.9659,0.2588,29.68,563.61,0.0,6.12,5.166
2025-08-20 06:00,6,1.0,0.0,27.47,512.91,13.17,11.38,4.7133
2025-08-20 07:00,7,0.9659,-0.2588,30.99,452.06,222.52,0.5,4.9381
2025-08-20 08:00,8,0.866,-0.5,31.67,423.8,395.72,8.37,4.1459
2025-08-20 09:00,9,0.7071,-0.7071,34.44,485.55,607.38,8.58,4.9631
2025-08-20 10:00,10,0.5,-0.866,34.83,579.31,674.65,7.69,5.8109
2025-08-20 11:00,11,0.2588,-0.9659,33.99,595.73,831.38,8.78,5.4052
2025-08-20 12:00,12,0.0,-1.0,37.24,598.77,814.77,3.76,6.5803
2025-08-20 13:00,13,-0.2588,-0.9659,39.3,536.66,818.64,9.46,5.6598
2025-08-20 14:00,14,-0.5,-0.866,37.88,487.65,706.26,5.63,5.7779
2025-08-20 15:00,15,-0.7071,-0.7071,38.89,545.41,601.11,6.83,6.3908
2025-08-20 16:00,16,-0.866,-0.5,35.56,556.16,439.46,5.6,6.2961
2025-08-20 17:00,17,-0.9659,-0.2588,36.13,607.95,257.57,7.05,6.4657
2025-08-20 18:00,18,-1.0,-0.0,33.99,586.88,0.0,8.67,6.0606
2025-08-20 19:00,19,-0.9659,0.2588,34.6,486.45,24.39,11.88,5.6702
2025-08-20 20:00,20,-0.866,0.5,31.98,389.58,3.28,7.15,4.3671
2025-08-20 21:00,21,-0.7071,0.7071,31.41,461.74,0.0,5.5,4.9435
2025-08-20 22:00,22,-0.5,0.866,30.56,535.0,19.0,7.2,5.0675
2025-08-20 23:00,23,-0.2588,0.9659,28.72,516.53,0.0,9.51,4.542
2025-08-21 00:00,0,0.0,1.0,27.14,532.51,17.94,5.74,5.0118
2025-08-21 01:00,1,0.2588,0.9659,24.64,426.79,0.0,6.44,3.6697
2025-08-21 02:00,2,0.5,0.866,25.92,404.93,0.0,8.0,3.4464
2025-08-21 03:00,3,0.7071,0.7071,25.33,434.11,23.59,5.19,4.1509
2025-08-21 04:00,4,0.866,0.5,26.22,493.17,37.14,4.26,4.3885
2025-08-21 05:00,5,0.9659,0.2588,27.12,533.94,0.0,3.42,5.1439
2025-08-21 06:00,6,1.0,0.0,27.46,498.47,0.0,5.8,4.7914
2025-08-21 07:00,7,0.9659,-0.2588,27.44,453.79,215.02,1.96,4.8944
2025-08-21 08:00,8,0.866,-0.5,30.93,421.19,425.81,8.24,4.3571
2025-08-21 09:00,9,0.7071,-0.7071,33.77,475.84,595.22,3.87,4.9935
2025-08-21 10:00,10,0.5,-0.866,32.91,537.73,744.53,6.06,4.9049
2025-08-21 11:00,11,0.2588,-0.9659,36.19,633.5,809.11,4.93,5.9172
2025-08-21 12:00,12,0.0,-1.0,39.97,630.26,870.97,8.78,5.8476
2025-08-21 13:00,13,-0.2588,-0.9659,39.26,545.34,791.87,12.13,5.5135
2025-08-21 14:00,14,-0.5,-0.866,40.39,506.53,767.04,8.81,5.1713
2025-08-21 15:00,15,-0.7071,-0.7071,38.31,524.33,639.79,7.78,5.7774
2025-08-21 16:00,16,-0.866,-0.5,38.88,581.27,402.17,9.25,6.296
2025-08-21 17:00,17,-0.9659,-0.2588,35.08,602.99,197.16,1.54,7.0227
2025-08-21 18:00,18,-1.0,-0.0,33.96,549.94,10.27,3.19,6.4579
2025-08-21 19:00,19,-0.9659,0.2588,29.37,421.1,0.0,2.78,5.2862
2025-08-21 20:00,20,-0.866,0.5,33.71,461.52,0.0,2.83,5.4998
2025-08-21 21:00,21,-0.7071,0.7071,32.69,464.55,27.56,4.83,4.9292
2025-08-21 22:00,22,-0.5,0.866,28.1,531.23,18.44,7.67,4.7379
2025-08-21 23:00,23,-0.2588,0.9659,27.3,563.23,49.5,3.07,4.9022
2025-08-22 00:00,0,0.0,1.0,25.6,520.85,4.27,14.55,3.8189
2025-08-22 01:00,1,0.2588,0.9659,26.71,446.69,0.0,12.21,3.1617
2025-08-22 02:00,2,0.5,0.866,27.62,390.77,1.28,16.61,3.0426
2025-08-22 03:00,3,0.7071,0.7071,23.52,465.37,0.0,1.83,4.0181
2025-08-22 04:00,4,0.866,0.5,27.35,513.15,0.0,12.15,4.0913
2025-08-22 05:00,5,0.9659,0.2588,27.27,554.53,0.0,11.23,4.5881
2025-08-22 06:00,6,1.0,0.0,29.1,511.55,0.0,13.41,4.5962
2025-08-22 07:00,7,0.9659,-0.2588,31.06,448.04,227.05,7.62,4.1166
2025-08-22 08:00,8,0.866,-0.5,31.65,436.33,389.78,10.96,4.1224
2025-08-22 09:00,9,0.7071,-0.7071,33.33,483.37,583.12,2.02,5.3577
2025-08-22 10:00,10,0.5,-0.866,34.61,553.52,733.15,2.47,6.1086
2025-08-22 11:00,11,0.2588,-0.9659,37.63,605.43,764.55,3.13,6.3347
2025-08-22 12:00,12,0.0,-1.0,37.75,571.47,869.22,13.81,5.2118
2025-08-22 13:00,13,-0.2588,-0.9659,38.05,535.88,769.71,2.21,6.5725
2025-08-22 14:00,14,-0.5,-0.866,36.02,454.98,752.86,2.86,5.6723
2025-08-22 15:00,15,-0.7071,-0.7071,37.16,505.66,568.72,14.37,5.4797
2025-08-22 16:00,16,-0.866,-0.5,38.47,618.03,414.88,2.97,6.6961
2025-08-22 17:00,17,-0.9659,-0.2588,36.23,598.99,232.97,12.56,6.1321
2025-08-22 18:00,18,-1.0,-0.0,35.92,564.94,54.95,10.98,5.7199
2025-08-22 19:00,19,-0.9659,0.2588,36.13,491.02,2.91,1.78,5.7692
2025-08-22 20:00,20,-0.866,0.5,33.49,468.16,0.0,1.31,5.6768
2025-08-22 21:00,21,-0.7071,0.7071,30.52,487.52,23.84,7.69,4.9307
2025-08-22 22:00,22,-0.5,0.866,28.16,525.07,0.0,21.32,3.6235
2025-08-22 23:00,23,-0.2588,0.9659,23.86,561.75,1.75,12.78,4.4666
2025-08-23 00:00,0,0.0,1.0,26.48,503.79,13.95,5.36,4.3219
2025-08-23 01:00,1,0.2588,0.9659,25.64,466.71,0.0,6.15,3.9436
2025-08-23 02:00,2,0.5,0.866,26.51,404.02,0.16,6.17,3.6255
2025-08-23 03:00,3,0.7071,0.7071,25.9,450.3,0.0,10.13,3.5853
2025-08-23 04:00,4,0.866,0.5,26.25,510.92,30.55,5.68,4.6874
2025-08-23 05:00,5,0.9659,0.2588,25.02,545.98,18.18,3.52,4.6837
2025-08-23 06:00,6,1.0,0.0,27.52,537.45,0.0,10.32,4.516
2025-08-23 07:00,7,0.9659,-0.2588,31.09,470.32,251.56,6.89,4.387
2025-08-23 08:00,8,0.866,-0.5,34.5,473.79,436.24,2.49,5.5596
2025-08-23 09:00,9,0.7071,-0.7071,33.33,484.01,562.36,10.99,4.5372
2025-08-23 10:00,10,0.5,-0.866,35.42,559.13,737.52,8.26,5.2507
2025-08-23 11:00,11,0.2588,-0.9659,37.6,618.05,846.91,7.21,5.9669
2025-08-23 12:00,12,0.0,-1.0,35.91,577.31,819.65,9.31,5.8193
2025-08-23 13:00,13,-0.2588,-0.9659,38.27,510.29,855.48,7.38,5.667
2025-08-23 14:00,14,-0.5,-0.866,36.82,453.93,698.31,9.0,5.0374
2025-08-23 15:00,15,-0.7071,-0.7071,39.02,543.69,581.26,12.51,5.6057
2025-08-23 16:00,16,-0.866,-0.5,37.35,579.14,401.43,8.58,5.9245
2025-08-23 17:00,17,-0.9659,-0.2588,36.62,621.02,254.42,9.14,6.4536
2025-08-23 18:00,18,-1.0,-0.0,33.75,562.98,0.0,8.58,6.291
2025-08-23 19:00,19,-0.9659,0.2588,34.54,481.01,0.0,7.66,5.3171
2025-08-23 20:00,20,-0.866,0.5,35.06,478.2,11.13,3.82,5.6451
2025-08-23 21:00,21,-0.7071,0.7071,28.86,427.65,16.53,5.63,4.3646
2025-08-23 22:00,22,-0.5,0.866,28.42,519.77,16.69,9.56,4.3456
2025-08-23 23:00,23,-0.2588,0.9659,28.03,553.96,0.0,6.55,4.9864
2025-08-24 00:00,0,0.0,1.0,27.91,511.69,6.36,6.35,4.9356
2025-08-24 01:00,1,0.2588,0.9659,25.29,418.05,0.0,10.5,3.4474
2025-08-24 02:00,2,0.5,0.866,21.68,413.06,41.87,0.66,3.685
2025-08-24 03:00,3,0.7071,0.7071,28.17,450.02,28.61,9.38,3.7231
2025-08-24 04:00,4,0.866,0.5,27.87,502.37,27.07,7.21,4.7455
2025-08-24 05:00,5,0.9659,0.2588,25.07,560.61,19.85,6.05,4.8587
2025-08-24 06:00,6,1.0,0.0,28.02,518.26,12.99,5.68,4.7545
2025-08-24 07:00,7,0.9659,-0.2588,32.73,456.11,188.89,3.83,4.9181
2025-08-24 08:00,8,0.866,-0.5,34.1,435.99,440.83,5.61,4.7204
2025-08-24 09:00,9,0.7071,-0.7071,34.89,509.69,603.9,6.2,5.2673
2025-08-24 10:00,10,0.5,-0.866,34.66,570.45,767.71,6.67,5.8193
2025-08-24 11:00,11,0.2588,-0.9659,36.3,607.9,841.22,9.29,5.9865
2025-08-24 12:00,12,0.0,-1.0,36.93,571.05,863.76,6.84,5.8468
2025-08-24 13:00,13,-0.2588,-0.9659,39.42,521.1,778.93,11.1,5.4691
2025-08-24 14:00,14,-0.5,-0.866,36.61,462.25,733.9,8.89,5.2415
2025-08-24 15:00,15,-0.7071,-0.7071,36.52,492.93,587.09,4.03,5.7181
2025-08-24 16:00,16,-0.866,-0.5,38.64,571.49,431.31,5.01,6.6746
2025-08-24 17:00,17,-0.9659,-0.2588,36.1,631.93,209.61,2.53,6.969
2025-08-24 18:00,18,-1.0,-0.0,37.0,599.03,0.0,15.02,6.0751
2025-08-24 19:00,19,-0.9659,0.2588,32.47,454.19,11.48,12.98,5.0685
2025-08-24 20:00,20,-0.866,0.5,31.85,432.81,0.0,2.62,5.248
2025-08-24 21:00,21,-0.7071,0.7071,28.99,431.9,3.04,8.13,4.3892
2025-08-24 22:00,22,-0.5,0.866,28.94,516.09,0.0,15.81,4.0187
2025-08-24 23:00,23,-0.2588,0.9659,25.47,544.83,0.0,10.32,4.3399
2025-08-25 00:00,0,0.0,1.0,26.0,506.08,16.4,7.24,4.0107
2025-08-25 01:00,1,0.2588,0.9659,23.98,467.54,0.0,4.62,4.1242
2025-08-25 02:00,2,0.5,0.866,26.97,393.4,31.14,5.03,3.216
2025-08-25 03:00,3,0.7071,0.7071,27.21,425.38,24.36,10.16,3.7174
2025-08-25 04:00,4,0.866,0.5,24.14,501.06,0.0,10.84,4.0354
2025-08-25 05:00,5,0.9659,0.2588,29.69,579.15,74.97,7.63,5.0332
2025-08-25 06:00,6,1.0,0.0,32.67,525.11,31.08,3.16,5.2934
2025-08-25 07:00,7,0.9659,-0.2588,30.44,445.62,196.26,14.5,3.9148
2025-08-25 08:00,8,0.866,-0.5,30.97,445.43,443.65,12.01,3.712
2025-08-25 09:00,9,0.7071,-0.7071,37.72,518.9,602.69,3.42,5.7765
2025-08-25 10:00,10,0.5,-0.866,32.95,554.98,716.7,2.13,5.6794
2025-08-25 11:00,11,0.2588,-0.9659,36.2,647.59,794.29,7.71,6.4533
2025-08-25 12:00,12,0.0,-1.0,37.39,591.35,874.87,5.09,6.1627
2025-08-25 13:00,13,-0.2588,-0.9659,39.74,520.81,806.09,5.08,5.9631
2025-08-25 14:00,14,-0.5,-0.866,38.47,479.51,733.57,2.66,5.932
2025-08-25 15:00,15,-0.7071,-0.7071,36.98,492.27,578.02,15.41,4.825
2025-08-25 16:00,16,-0.866,-0.5,35.7,592.92,406.3,11.72,5.8737
2025-08-25 17:00,17,-0.9659,-0.2588,35.66,619.88,216.82,3.06,6.8846
2025-08-25 18:00,18,-1.0,-0.0,33.42,572.71,9.7,12.73,5.6945
2025-08-25 19:00,19,-0.9659,0.2588,33.55,500.12,0.0,9.43,5.2481
2025-08-25 20:00,20,-0.866,0.5,31.08,418.44,0.42,5.52,4.725
2025-08-25 21:00,21,-0.7071,0.7071,28.13,424.4,0.0,12.6,3.9206
2025-08-25 22:00,22,-0.5,0.866,30.81,534.21,35.06,8.4,5.3315
2025-08-25 23:00,23,-0.2588,0.9659,26.94,536.91,73.57,12.09,4.1141
2025-08-26 00:00,0,0.0,1.0,24.83,514.97,0.0,7.0,4.1248
2025-08-26 01:00,1,0.2588,0.9659,25.88,454.48,0.0,7.33,3.8142
2025-08-26 02:00,2,0.5,0.866,26.03,397.48,2.92,5.16,3.9345
2025-08-26 03:00,3,0.7071,0.7071,23.51,439.75,0.0,6.16,4.0351
2025-08-26 04:00,4,0.866,0.5,27.23,511.09,49.28,8.06,4.6828
2025-08-26 05:00,5,0.9659,0.2588,26.11,562.04,41.66,15.09,4.1797
2025-08-26 06:00,6,1.0,0.0,31.49,530.44,21.63,8.42,5.1072
2025-08-26 07:00,7,0.9659,-0.2588,31.16,429.84,205.33,3.51,4.4644
2025-08-26 08:00,8,0.866,-0.5,31.33,433.69,441.94,0.74,4.7901
2025-08-26 09:00,9,0.7071,-0.7071,32.36,487.22,607.67,12.14,4.2054
2025-08-26 10:00,10,0.5,-0.866,34.77,573.36,742.15,5.92,5.721
2025-08-26 11:00,11,0.2588,-0.9659,37.09,613.12,782.08,5.41,6.1764
2025-08-26 12:00,12,0.0,-1.0,37.09,568.16,876.54,11.18,5.5042
2025-08-26 13:00,13,-0.2588,-0.9659,37.4,520.1,823.73,15.0,4.8386
2025-08-26 14:00,14,-0.5,-0.866,38.02,482.25,733.6,10.33,5.4368
2025-08-26 15:00,15,-0.7071,-0.7071,36.82,506.16,586.04,3.85,5.4765
2025-08-26 16:00,16,-0.866,-0.5,36.61,608.71,405.16,6.2,6.4843
2025-08-26 17:00,17,-0.9659,-0.2588,33.04,576.14,227.93,10.5,5.8292
2025-08-26 18:00,18,-1.0,-0.0,36.39,606.24,0.0,13.56,5.6919
2025-08-26 19:00,19,-0.9659,0.2588,33.93,485.41,19.74,22.0,4.4044
2025-08-26 20:00,20,-0.866,0.5,30.77,394.61,0.0,7.45,4.4314
2025-08-26 21:00,21,-0.7071,0.7071,33.22,476.6,0.0,11.57,4.7405
2025-08-26 22:00,22,-0.5,0.866,29.06,535.36,45.55,1.92,5.6443
2025-08-26 23:00,23,-0.2588,0.9659,26.13,544.52,0.0,5.11,4.8493
2025-08-27 00:00,0,0.0,1.0,28.02,490.52,0.0,6.0,4.5651
2025-08-27 01:00,1,0.2588,0.9659,26.73,435.03,28.36,16.95,3.295
2025-08-27 02:00,2,0.5,0.866,26.52,387.14,46.36,0.51,3.9966
2025-08-27 03:00,3,0.7071,0.7071,25.49,444.88,0.0,5.34,3.7607
2025-08-27 04:00,4,0.866,0.5,27.41,524.1,0.0,14.37,3.6401
2025-08-27 05:00,5,0.9659,0.2588,27.29,534.16,0.0,5.33,4.9124
2025-08-27 06:00,6,1.0,0.0,29.76,516.01,23.37,4.44,4.9992
2025-08-27 07:00,7,0.9659,-0.2588,27.52,448.85,260.97,10.07,4.2812
2025-08-27 08:00,8,0.866,-0.5,31.28,413.34,397.99,10.29,3.9642
2025-08-27 09:00,9,0.7071,-0.7071,36.06,485.78,636.41,7.03,4.9899
2025-08-27 10:00,10,0.5,-0.866,33.78,541.04,718.4,15.08,4.4676
2025-08-27 11:00,11,0.2588,-0.9659,35.27,613.4,829.44,4.19,6.032
2025-08-27 12:00,12,0.0,-1.0,36.45,584.76,818.21,13.76,5.2086
2025-08-27 13:00,13,-0.2588,-0.9659,35.9,490.45,817.99,10.44,4.9063
2025-08-27 14:00,14,-0.5,-0.866,34.62,453.0,733.34,5.96,5.1929
2025-08-27 15:00,15,-0.7071,-0.7071,37.38,535.43,593.16,11.29,5.4916
2025-08-27 16:00,16,-0.866,-0.5,37.33,572.51,434.62,3.33,7.0551
2025-08-27 17:00,17,-0.9659,-0.2588,36.09,585.46,194.82,3.3,6.8373
2025-08-27 18:00,18,-1.0,-0.0,34.71,573.01,0.0,14.35,5.9408
2025-08-27 19:00,19,-0.9659,0.2588,33.55,480.21,10.95,2.78,5.7005
2025-08-27 20:00,20,-0.866,0.5,33.46,433.05,33.55,0.56,5.3744
2025-08-27 21:00,21,-0.7071,0.7071,30.09,464.0,0.0,6.18,4.6783
2025-08-27 22:00,22,-0.5,0.866,28.07,525.63,12.59,2.91,5.6093
2025-08-27 23:00,23,-0.2588,0.9659,27.26,516.88,18.95,12.41,4.0851
2025-08-28 00:00,0,0.0,1.0,27.6,502.71,20.76,14.08,3.6738
2025-08-28 01:00,1,0.2588,0.9659,28.25,474.27,0.0,7.14,3.9772
2025-08-28 02:00,2,0.5,0.866,24.99,408.75,0.0,6.55,3.6097
2025-08-28 03:00,3,0.7071,0.7071,26.28,447.64,0.0,7.74,4.1027
2025-08-28 04:00,4,0.866,0.5,27.24,530.09,48.22,4.46,4.904
2025-08-28 05:00,5,0.9659,0.2588,26.2,550.26,12.7,5.23,4.7164
2025-08-28 06:00,6,1.0,0.0,28.96,532.12,11.58,2.87,5.1088
2025-08-28 07:00,7,0.9659,-0.2588,28.18,449.69,229.15,6.77,4.6013
2025-08-28 08:00,8,0.866,-0.5,29.27,418.28,391.98,8.56,4.5276
2025-08-28 09:00,9,0.7071,-0.7071,34.03,480.92,649.5,14.36,4.2469
2025-08-28 10:00,10,0.5,-0.866,34.35,565.9,748.1,10.2,5.4675
2025-08-28 11:00,11,0.2588,-0.9659,36.47,608.97,839.12,9.97,5.4073
2025-08-28 12:00,12,0.0,-1.0,37.1,585.47,805.86,5.34,5.9173
2025-08-28 13:00,13,-0.2588,-0.9659,36.26,486.05,840.53,13.03,4.6493
2025-08-28 14:00,14,-0.5,-0.866,37.86,467.02,727.22,15.08,4.8933
2025-08-28 15:00,15,-0.7071,-0.7071,35.87,496.26,567.97,14.44,5.0275
2025-08-28 16:00,16,-0.866,-0.5,39.21,588.03,401.16,1.75,6.9442
2025-08-28 17:00,17,-0.9659,-0.2588,34.14,591.52,188.37,8.47,6.4543
2025-08-28 18:00,18,-1.0,-0.0,34.63,563.12,0.0,8.93,5.9314
2025-08-28 19:00,19,-0.9659,0.2588,31.92,474.88,1.51,5.2,5.438
2025-08-28 20:00,20,-0.866,0.5,32.78,452.51,0.0,19.44,3.7904
2025-08-28 21:00,21,-0.7071,0.7071,29.88,445.57,8.35,5.16,4.9332
2025-08-28 22:00,22,-0.5,0.866,28.15,533.73,41.9,4.35,5.2207
2025-08-28 23:00,23,-0.2588,0.9659,28.97,571.8,0.0,7.16,5.0473
2025-08-29 00:00,0,0.0,1.0,26.78,520.06,0.0,5.5,4.5466
2025-08-29 01:00,1,0.2588,0.9659,26.91,439.8,0.0,14.13,3.2011
2025-08-29 02:00,2,0.5,0.866,24.46,404.79,29.83,6.7,3.1622
2025-08-29 03:00,3,0.7071,0.7071,24.03,455.31,0.0,6.39,3.8946
2025-08-29 04:00,4,0.866,0.5,26.89,530.85,38.23,8.73,4.5127
2025-08-29 05:00,5,0.9659,0.2588,27.21,570.02,11.32,2.56,5.6608
2025-08-29 06:00,6,1.0,0.0,29.87,528.06,0.0,10.46,4.6583
2025-08-29 07:00,7,0.9659,-0.2588,30.26,463.87,222.74,10.64,4.338
2025-08-29 08:00,8,0.866,-0.5,32.24,454.04,432.43,7.05,4.8051
2025-08-29 09:00,9,0.7071,-0.7071,31.05,452.51,628.05,15.54,4.0792
2025-08-29 10:00,10,0.5,-0.866,37.76,585.81,781.61,8.19,5.5476
2025-08-29 11:00,11,0.2588,-0.9659,35.92,613.64,843.73,9.59,5.6649
2025-08-29 12:00,12,0.0,-1.0,38.17,607.36,861.01,14.14,5.4648
2025-08-29 13:00,13,-0.2588,-0.9659,36.47,518.98,837.94,9.22,5.1828
2025-08-29 14:00,14,-0.5,-0.866,38.39,479.66,731.92,6.62,5.8474
2025-08-29 15:00,15,-0.7071,-0.7071,35.77,477.03,564.47,1.39,5.9287
2025-08-29 16:00,16,-0.866,-0.5,37.8,594.61,426.04,10.05,6.1899
2025-08-29 17:00,17,-0.9659,-0.2588,35.64,597.32,229.13,16.1,5.7701
2025-08-29 18:00,18,-1.0,-0.0,34.97,545.93,0.0,7.01,6.1269
2025-08-29 19:00,19,-0.9659,0.2588,34.53,470.77,33.17,5.67,5.4356
2025-08-29 20:00,20,-0.866,0.5,30.08,421.53,25.14,7.53,4.4109
2025-08-29 21:00,21,-0.7071,0.7071,29.35,468.7,0.0,10.05,4.7726
2025-08-29 22:00,22,-0.5,0.866,29.61,526.0,34.15,0.5,5.2229
2025-08-29 23:00,23,-0.2588,0.9659,30.83,575.83,0.0,13.0,4.4887
2025-08-30 00:00,0,0.0,1.0,26.52,530.24,0.0,12.98,3.9956
2025-08-30 01:00,1,0.2588,0.9659,27.02,414.33,26.98,7.77,4.0253
2025-08-30 02:00,2,0.5,0.866,25.77,407.8,0.0,3.18,3.672
2025-08-30 03:00,3,0.7071,0.7071,29.05,445.69,47.48,9.29,3.9458
2025-08-30 04:00,4,0.866,0.5,24.11,520.99,0.0,3.39,4.5245
2025-08-30 05:00,5,0.9659,0.2588,27.83,542.75,0.0,7.41,4.8175
2025-08-30 06:00,6,1.0,0.0,26.49,500.23,0.0,2.76,5.1184
2025-08-30 07:00,7,0.9659,-0.2588,26.62,439.61,239.73,8.3,3.7235
2025-08-30 08:00,8,0.866,-0.5,32.37,459.73,401.82,5.44,4.602
2025-08-30 09:00,9,0.7071,-0.7071,33.69,495.94,567.79,11.73,4.8199
2025-08-30 10:00,10,0.5,-0.866,34.5,556.89,741.84,11.16,5.1316
2025-08-30 11:00,11,0.2588,-0.9659,36.01,593.98,784.44,22.0,4.7772
2025-08-30 12:00,12,0.0,-1.0,41.77,597.44,857.67,4.8,6.5687
2025-08-30 13:00,13,-0.2588,-0.9659,37.34,531.93,812.52,2.22,5.8729
2025-08-30 14:00,14,-0.5,-0.866,38.69,471.22,748.48,6.73,5.7014
2025-08-30 15:00,15,-0.7071,-0.7071,36.75,502.61,566.45,2.6,6.2103
2025-08-30 16:00,16,-0.866,-0.5,37.57,608.86,457.45,3.9,6.7556
2025-08-30 17:00,17,-0.9659,-0.2588,35.81,588.3,215.42,8.39,6.3604
2025-08-30 18:00,18,-1.0,-0.0,34.31,585.38,19.09,8.33,6.4422
2025-08-30 19:00,19,-0.9659,0.2588,36.21,499.37,24.0,1.85,5.9414
2025-08-30 20:00,20,-0.866,0.5,33.69,428.32,0.0,6.73,5.0435
2025-08-30 21:00,21,-0.7071,0.7071,30.58,454.43,22.06,7.65,4.9467
2025-08-30 22:00,22,-0.5,0.866,25.47,501.66,0.0,4.92,4.7672
2025-08-30 23:00,23,-0.2588,0.9659,27.14,556.61,0.0,12.62,4.3145
2025-08-31 00:00,0,0.0,1.0,30.79,525.07,49.1,3.69,5.3407
2025-08-31 01:00,1,0.2588,0.9659,25.79,408.83,27.8,4.76,3.7553
2025-08-31 02:00,2,0.5,0.866,27.58,396.69,51.84,3.64,4.0625
2025-08-31 03:00,3,0.7071,0.7071,28.3,419.52,0.0,3.1,4.0235
2025-08-31 04:00,4,0.866,0.5,27.06,515.56,2.56,12.79,4.2218
2025-08-31 05:00,5,0.9659,0.2588,26.42,532.19,13.18,5.02,4.6718
2025-08-31 06:00,6,1.0,0.0,25.28,505.18,0.0,9.96,4.417
2025-08-31 07:00,7,0.9659,-0.2588,31.4,467.45,201.34,6.58,4.5828
2025-08-31 08:00,8,0.866,-0.5,30.71,418.46,402.6,8.85,4.5414
2025-08-31 09:00,9,0.7071,-0.7071,33.75,487.22,606.39,14.28,4.3081
2025-08-31 10:00,10,0.5,-0.866,33.05,563.13,709.45,12.01,4.8159
2025-08-31 11:00,11,0.2588,-0.9659,35.77,594.81,793.67,2.35,6.2083
2025-08-31 12:00,12,0.0,-1.0,37.17,584.93,859.84,12.02,5.6342
2025-08-31 13:00,13,-0.2588,-0.9659,38.13,468.57,818.66,6.82,5.3356
2025-08-31 14:00,14,-0.5,-0.866,36.26,469.76,759.55,5.78,5.2316
2025-08-31 15:00,15,-0.7071,-0.7071,39.52,525.14,590.42,9.3,6.0353
2025-08-31 16:00,16,-0.866,-0.5,36.23,563.58,410.47,15.24,5.791
2025-08-31 17:00,17,-0.9659,-0.2588,33.66,600.01,230.59,2.77,6.2881
2025-08-31 18:00,18,-1.0,-0.0,34.76,584.21,0.0,10.64,5.9016
2025-08-31 19:00,19,-0.9659,0.2588,33.53,474.62,0.0,4.2,5.5597
2025-08-31 20:00,20,-0.866,0.5,32.17,419.18,0.0,6.09,4.7034
2025-08-31 21:00,21,-0.7071,0.7071,32.42,475.32,0.0,12.66,4.5953
2025-08-31 22:00,22,-0.5,0.866,28.57,497.05,44.31,7.82,4.8972
2025-08-31 23:00,23,-0.2588,0.9659,27.51,540.09,0.0,2.33,4.9708
2025-09-01 00:00,0,0.0,1.0,22.15,530.84,32.39,4.63,4.6586
2025-09-01 01:00,1,0.2588,0.9659,24.44,438.43,18.44,6.87,3.3764
2025-09-01 02:00,2,0.5,0.866,23.28,371.81,39.17,4.77,3.3851
2025-09-01 03:00,3,0.7071,0.7071,22.57,410.55,78.42,2.35,3.558
2025-09-01 04:00,4,0.866,0.5,20.95,514.93,35.79,4.22,4.3388
2025-09-01 05:00,5,0.9659,0.2588,26.92,562.94,23.14,8.84,4.3594
2025-09-01 06:00,6,1.0,0.0,24.16,488.24,0.0,5.7,4.2397
2025-09-01 07:00,7,0.9659,-0.2588,26.56,444.25,190.34,6.29,4.3936
2025-09-01 08:00,8,0.866,-0.5,29.54,432.26,434.0,6.83,4.17
2025-09-01 09:00,9,0.7071,-0.7071,28.76,471.88,558.59,1.7,4.8868
2025-09-01 10:00,10,0.5,-0.866,29.76,531.55,751.51,5.13,5.4743
2025-09-01 11:00,11,0.2588,-0.9659,30.06,574.06,767.66,3.78,5.6628
2025-09-01 12:00,12,0.0,-1.0,35.28,538.72,878.81,2.13,6.0184
2025-09-01 13:00,13,-0.2588,-0.9659,33.98,516.82,812.99,2.62,5.5706
2025-09-01 14:00,14,-0.5,-0.866,39.39,482.49,739.29,6.78,5.3427
2025-09-01 15:00,15,-0.7071,-0.7071,33.3,465.93,582.33,2.31,5.5928
2025-09-01 16:00,16,-0.866,-0.5,32.81,547.18,377.54,3.37,5.8581
2025-09-01 17:00,17,-0.9659,-0.2588,32.39,607.83,250.86,3.18,6.3985
2025-09-01 18:00,18,-1.0,-0.0,32.36,580.54,33.39,1.23,6.626
2025-09-01 19:00,19,-0.9659,0.2588,29.85,454.16,0.0,4.33,5.2073
2025-09-01 20:00,20,-0.866,0.5,29.92,430.32,16.55,6.63,4.7539
2025-09-01 21:00,21,-0.7071,0.7071,25.98,438.15,0.0,0.82,4.8737
2025-09-01 22:00,22,-0.5,0.866,23.93,496.93,7.21,1.9,4.4952
2025-09-01 23:00,23,-0.2588,0.9659,22.06,572.15,18.98,6.21,4.425
2025-09-02 00:00,0,0.0,1.0,20.47,503.17,13.88,5.22,3.606
2025-09-02 01:00,1,0.2588,0.9659,22.43,460.53,33.52,6.16,3.653
2025-09-02 02:00,2,0.5,0.866,22.55,419.48,12.97,2.81,3.8785
2025-09-02 03:00,3,0.7071,0.7071,22.26,446.71,0.7,7.02,3.923
2025-09-02 04:00,4,0.866,0.5,25.67,539.93,0.0,4.45,4.7472
2025-09-02 05:00,5,0.9659,0.2588,26.6,583.49,0.0,5.34,5.3852
2025-09-02 06:00,6,1.0,0.0,25.5,509.87,20.25,1.71,5.0693
2025-09-02 07:00,7,0.9659,-0.2588,24.76,425.37,182.45,2.63,4.374
2025-09-02 08:00,8,0.866,-0.5,28.15,373.24,452.65,6.7,3.7019
2025-09-02 09:00,9,0.7071,-0.7071,29.65,484.4,594.01,2.77,4.4887
2025-09-02 10:00,10,0.5,-0.866,31.01,530.02,715.66,1.71,5.7131
2025-09-02 11:00,11,0.2588,-0.9659,32.2,600.59,793.57,5.24,5.7842
2025-09-02 12:00,12,0.0,-1.0,33.22,543.11,866.86,4.9,5.8254
2025-09-02 13:00,13,-0.2588,-0.9659,34.22,510.3,820.67,5.32,5.2938
2025-09-02 14:00,14,-0.5,-0.866,34.05,437.87,775.84,5.4,5.5539
2025-09-02 15:00,15,-0.7071,-0.7071,35.11,476.49,569.46,4.58,5.5788
2025-09-02 16:00,16,-0.866,-0.5,34.74,563.27,410.55,4.54,6.1118
2025-09-02 17:00,17,-0.9659,-0.2588,31.88,573.04,217.69,8.83,5.8544
2025-09-02 18:00,18,-1.0,-0.0,33.91,568.7,0.0,4.81,6.3978
2025-09-02 19:00,19,-0.9659,0.2588,29.08,445.39,0.15,5.39,5.034
2025-09-02 20:00,20,-0.866,0.5,26.57,409.42,7.99,3.07,4.526
2025-09-02 21:00,21,-0.7071,0.7071,28.02,433.28,12.11,7.87,3.9422
2025-09-02 22:00,22,-0.5,0.866,24.77,502.52,37.65,0.86,4.7043
2025-09-02 23:00,23,-0.2588,0.9659,25.24,541.25,0.0,4.96,4.9353
2025-09-03 00:00,0,0.0,1.0,20.2,543.17,8.44,3.83,4.2159
2025-09-03 01:00,1,0.2588,0.9659,25.29,440.88,0.0,5.29,3.5321
2025-09-03 02:00,2,0.5,0.866,24.01,370.24,10.75,3.68,3.2303
2025-09-03 03:00,3,0.7071,0.7071,20.95,429.7,10.78,6.19,3.4713
2025-09-03 04:00,4,0.866,0.5,21.59,513.95,0.0,0.79,4.4204
2025-09-03 05:00,5,0.9659,0.2588,27.27,577.68,0.0,3.97,5.1602
2025-09-03 06:00,6,1.0,0.0,24.89,527.93,12.79,7.34,4.4984
2025-09-03 07:00,7,0.9659,-0.2588,26.2,423.67,220.58,2.95,4.5643
2025-09-03 08:00,8,0.866,-0.5,25.6,436.28,419.51,1.28,4.6158
2025-09-03 09:00,9,0.7071,-0.7071,30.03,453.25,617.49,4.56,5.0725
2025-09-03 10:00,10,0.5,-0.866,31.66,560.46,754.41,10.65,4.9124
2025-09-03 11:00,11,0.2588,-0.9659,34.32,583.2,807.8,1.42,6.0252
2025-09-03 12:00,12,0.0,-1.0,32.1,509.31,828.7,1.48,5.7994
2025-09-03 13:00,13,-0.2588,-0.9659,32.52,452.49,789.49,5.23,5.1311
2025-09-03 14:00,14,-0.5,-0.866,35.68,412.66,736.96,2.95,5.0426
2025-09-03 15:00,15,-0.7071,-0.7071,36.31,535.63,565.46,4.0,6.2383
2025-09-03 16:00,16,-0.866,-0.5,31.84,546.43,427.49,7.33,5.8202
2025-09-03 17:00,17,-0.9659,-0.2588,34.86,591.05,250.42,2.59,6.2654
2025-09-03 18:00,18,-1.0,-0.0,32.06,551.74,0.0,6.2,5.9093
2025-09-03 19:00,19,-0.9659,0.2588,32.19,473.86,0.0,4.61,5.5135
2025-09-03 20:00,20,-0.866,0.5,28.89,416.47,49.95,8.44,4.6537
2025-09-03 21:00,21,-0.7071,0.7071,23.66,455.64,37.74,10.45,4.1027
2025-09-03 22:00,22,-0.5,0.866,25.77,508.15,0.0,4.48,4.6185
2025-09-03 23:00,23,-0.2588,0.9659,26.35,536.8,3.48,5.16,4.5987
2025-09-04 00:00,0,0.0,1.0,22.46,524.92,8.22,6.44,4.375
2025-09-04 01:00,1,0.2588,0.9659,22.62,449.53,5.09,3.41,3.4213
2025-09-04 02:00,2,0.5,0.866,22.74,401.51,45.37,2.79,3.432
2025-09-04 03:00,3,0.7071,0.7071,18.86,470.16,2.18,10.06,3.6231
2025-09-04 04:00,4,0.866,0.5,26.31,505.93,5.93,4.14,4.6058
2025-09-04 05:00,5,0.9659,0.2588,23.41,536.5,17.22,0.5,4.8105
2025-09-04 06:00,6,1.0,0.0,26.76,518.77,29.75,7.42,4.4463
2025-09-04 07:00,7,0.9659,-0.2588,27.32,427.38,243.42,5.26,4.4228
2025-09-04 08:00,8,0.866,-0.5,30.89,430.52,438.45,2.36,4.7115
2025-09-04 09:00,9,0.7071,-0.7071,31.16,450.3,562.07,0.96,4.9649
2025-09-04 10:00,10,0.5,-0.866,31.65,535.68,723.92,3.23,5.4948
2025-09-04 11:00,11,0.2588,-0.9659,31.9,609.58,841.52,8.92,5.5394
2025-09-04 12:00,12,0.0,-1.0,35.39,565.56,856.26,9.05,5.5397
2025-09-04 13:00,13,-0.2588,-0.9659,31.99,457.4,841.69,3.36,4.8708
2025-09-04 14:00,14,-0.5,-0.866,35.97,481.31,783.3,7.39,5.0982
2025-09-04 15:00,15,-0.7071,-0.7071,33.15,462.91,571.62,4.2,5.5998
2025-09-04 16:00,16,-0.866,-0.5,36.07,566.7,453.45,5.67,6.3324
2025-09-04 17:00,17,-0.9659,-0.2588,33.48,602.53,211.74,3.51,6.6648
2025-09-04 18:00,18,-1.0,-0.0,32.97,566.31,23.38,4.69,6.1579
2025-09-04 19:00,19,-0.9659,0.2588,30.68,477.21,0.0,3.24,5.6614
2025-09-04 20:00,20,-0.866,0.5,26.37,388.79,53.18,1.38,4.4874
2025-09-04 21:00,21,-0.7071,0.7071,26.16,446.44,3.25,2.13,4.976
2025-09-04 22:00,22,-0.5,0.866,27.01,505.51,0.0,3.22,4.7334
2025-09-04 23:00,23,-0.2588,0.9659,25.01,540.92,10.5,10.64,4.1624
2025-09-05 00:00,0,0.0,1.0,25.58,530.55,8.1,10.1,4.1334
2025-09-05 01:00,1,0.2588,0.9659,23.81,429.26,28.45,7.29,3.7003
2025-09-05 02:00,2,0.5,0.866,21.55,404.17,11.2,2.83,3.567
2025-09-05 03:00,3,0.7071,0.7071,22.01,439.83,61.88,4.2,3.7177
2025-09-05 04:00,4,0.866,0.5,23.96,496.44,0.0,4.19,4.2693
2025-09-05 05:00,5,0.9659,0.2588,21.29,564.49,0.0,3.85,4.8357
2025-09-05 06:00,6,1.0,0.0,28.51,524.99,0.0,1.18,5.318
2025-09-05 07:00,7,0.9659,-0.2588,28.11,408.58,222.14,4.81,4.0827
2025-09-05 08:00,8,0.866,-0.5,30.84,426.89,430.78,1.51,4.7676
2025-09-05 09:00,9,0.7071,-0.7071,28.18,427.36,608.07,7.0,4.2099
2025-09-05 10:00,10,0.5,-0.866,33.87,575.89,737.8,5.96,6.0601
2025-09-05 11:00,11,0.2588,-0.9659,36.59,597.04,805.79,3.63,6.0214
2025-09-05 12:00,12,0.0,-1.0,32.21,540.87,827.96,5.61,5.2948
2025-09-05 13:00,13,-0.2588,-0.9659,35.95,506.55,811.66,2.83,5.8163
2025-09-05 14:00,14,-0.5,-0.866,35.0,456.83,764.66,3.05,5.2363
2025-09-05 15:00,15,-0.7071,-0.7071,32.48,484.78,634.96,3.38,5.3274
2025-09-05 16:00,16,-0.866,-0.5,34.94,545.21,423.08,6.95,5.6649
2025-09-05 17:00,17,-0.9659,-0.2588,34.49,626.72,196.46,2.68,6.7282
2025-09-05 18:00,18,-1.0,-0.0,31.1,545.16,0.0,5.0,5.8798
2025-09-05 19:00,19,-0.9659,0.2588,32.3,492.31,52.29,2.6,5.4365
2025-09-05 20:00,20,-0.866,0.5,26.5,413.11,24.97,3.19,4.5706
2025-09-05 21:00,21,-0.7071,0.7071,25.2,437.33,13.77,2.85,4.0616
2025-09-05 22:00,22,-0.5,0.866,26.2,493.24,24.07,5.6,4.6499
2025-09-05 23:00,23,-0.2588,0.9659,24.8,541.55,38.51,4.76,4.5576
2025-09-06 00:00,0,0.0,1.0,22.73,536.34,0.0,6.22,4.2481
2025-09-06 01:00,1,0.2588,0.9659,24.42,458.28,0.0,2.74,4.2432
2025-09-06 02:00,2,0.5,0.866,23.8,390.71,0.0,0.53,3.8819
2025-09-06 03:00,3,0.7071,0.7071,24.49,395.23,14.68,5.88,3.3737
2025-09-06 04:00,4,0.866,0.5,23.62,509.31,4.0,1.92,4.6655
2025-09-06 05:00,5,0.9659,0.2588,25.66,545.68,18.91,2.92,5.2824
2025-09-06 06:00,6,1.0,0.0,25.33,508.75,0.0,3.32,4.6743
2025-09-06 07:00,7,0.9659,-0.2588,30.53,465.65,254.29,6.45,4.7425
2025-09-06 08:00,8,0.866,-0.5,27.78,413.14,423.27,5.45,3.9606
2025-09-06 09:00,9,0.7071,-0.7071,33.71,498.04,618.4,2.48,5.5263
2025-09-06 10:00,10,0.5,-0.866,32.05,551.6,766.01,5.25,5.2059
2025-09-06 11:00,11,0.2588,-0.9659,31.18,548.42,848.92,6.1,5.1246
2025-09-06 12:00,12,0.0,-1.0,36.25,573.37,859.02,3.86,6.2399
2025-09-06 13:00,13,-0.2588,-0.9659,34.98,527.94,841.52,2.92,5.9441
2025-09-06 14:00,14,-0.5,-0.866,36.28,471.83,779.66,5.86,5.2444
2025-09-06 15:00,15,-0.7071,-0.7071,36.63,512.07,613.88,5.34,5.867
2025-09-06 16:00,16,-0.866,-0.5,34.7,571.52,406.76,1.57,6.3861
2025-09-06 17:00,17,-0.9659,-0.2588,32.35,591.06,234.57,5.76,5.9344
2025-09-06 18:00,18,-1.0,-0.0,33.46,520.46,0.0,4.5,6.0889
2025-09-06 19:00,19,-0.9659,0.2588,30.55,454.34,0.0,6.51,5.0386
2025-09-06 20:00,20,-0.866,0.5,30.03,415.66,11.55,2.53,4.7234
2025-09-06 21:00,21,-0.7071,0.7071,24.22,456.72,2.92,3.01,4.8608
2025-09-06 22:00,22,-0.5,0.866,26.67,513.22,28.91,4.87,4.5742
2025-09-06 23:00,23,-0.2588,0.9659,23.8,525.3,0.0,4.46,4.5987
2025-09-07 00:00,0,0.0,1.0,26.28,518.95,0.0,3.84,4.826
2025-09-07 01:00,1,0.2588,0.9659,24.14,425.44,4.22,6.44,3.5657
2025-09-07 02:00,2,0.5,0.866,23.36,381.75,9.5,5.02,3.23
2025-09-07 03:00,3,0.7071,0.7071,23.93,424.99,2.35,6.12,3.7113
2025-09-07 04:00,4,0.866,0.5,22.31,520.64,0.52,2.24,4.6397
2025-09-07 05:00,5,0.9659,0.2588,27.19,568.88,0.0,6.28,5.1571
2025-09-07 06:00,6,1.0,0.0,28.99,527.64,0.0,4.33,5.5158
2025-09-07 07:00,7,0.9659,-0.2588,28.04,447.27,211.29,1.02,4.6875
2025-09-07 08:00,8,0.866,-0.5,31.39,434.18,451.82,2.84,4.7377
2025-09-07 09:00,9,0.7071,-0.7071,29.7,452.61,610.52,0.89,4.6341
2025-09-07 10:00,10,0.5,-0.866,30.8,545.39,729.17,4.3,5.4789
2025-09-07 11:00,11,0.2588,-0.9659,33.3,556.15,864.13,3.45,5.6703
2025-09-07 12:00,12,0.0,-1.0,34.85,568.95,843.28,11.51,5.3058
2025-09-07 13:00,13,-0.2588,-0.9659,34.2,471.46,834.98,7.83,4.9067
2025-09-07 14:00,14,-0.5,-0.866,35.81,479.9,731.95,7.27,5.2809
2025-09-07 15:00,15,-0.7071,-0.7071,35.26,493.33,641.82,4.59,5.7124
2025-09-07 16:00,16,-0.866,-0.5,32.7,550.55,427.17,7.06,5.6463
2025-09-07 17:00,17,-0.9659,-0.2588,34.02,575.59,222.91,3.06,6.4078
2025-09-07 18:00,18,-1.0,-0.0,33.3,570.11,0.0,4.99,6.3257
2025-09-07 19:00,19,-0.9659,0.2588,30.81,469.39,4.91,3.89,5.1049
2025-09-07 20:00,20,-0.866,0.5,30.73,430.19,29.99,2.38,4.828
2025-09-07 21:00,21,-0.7071,0.7071,25.62,425.3,21.15,1.51,4.4432
2025-09-07 22:00,22,-0.5,0.866,26.7,500.9,0.7,4.97,5.0167
2025-09-07 23:00,23,-0.2588,0.9659,23.0,553.35,42.53,1.76,4.6909
2025-09-08 00:00,0,0.0,1.0,22.13,502.08,21.82,6.19,4.042
2025-09-08 01:00,1,0.2588,0.9659,22.26,444.02,0.0,8.77,3.2444
2025-09-08 02:00,2,0.5,0.866,21.59,367.59,0.0,2.31,3.2378
2025-09-08 03:00,3,0.7071,0.7071,22.38,430.19,0.0,4.39,3.4363
2025-09-08 04:00,4,0.866,0.5,23.48,539.45,10.33,6.37,4.5531
2025-09-08 05:00,5,0.9659,0.2588,26.01,556.59,14.93,3.2,4.7824
2025-09-08 06:00,6,1.0,0.0,25.52,515.0,33.98,8.76,4.6643
2025-09-08 07:00,7,0.9659,-0.2588,25.07,467.28,192.63,8.15,4.3086
2025-09-08 08:00,8,0.866,-0.5,30.71,386.64,414.02,1.82,4.457
2025-09-08 09:00,9,0.7071,-0.7071,29.3,435.65,571.6,0.92,4.984
2025-09-08 10:00,10,0.5,-0.866,31.91,537.78,702.65,10.65,5.5367
2025-09-08 11:00,11,0.2588,-0.9659,33.91,610.17,805.34,9.74,5.7048
2025-09-08 12:00,12,0.0,-1.0,34.5,577.6,859.17,4.07,5.6917
2025-09-08 13:00,13,-0.2588,-0.9659,36.44,492.0,840.32,1.25,6.0813
2025-09-08 14:00,14,-0.5,-0.866,35.72,476.72,712.41,5.4,5.5237
2025-09-08 15:00,15,-0.7071,-0.7071,33.5,475.48,580.81,3.24,6.036
2025-09-08 16:00,16,-0.866,-0.5,37.46,606.39,380.5,9.14,6.2767
2025-09-08 17:00,17,-0.9659,-0.2588,33.53,578.78,225.35,6.92,6.425
2025-09-08 18:00,18,-1.0,-0.0,31.78,540.88,0.0,5.63,5.9959
2025-09-08 19:00,19,-0.9659,0.2588,32.0,462.14,41.58,3.18,5.9815
2025-09-08 20:00,20,-0.866,0.5,29.37,426.83,10.25,6.05,4.6263
2025-09-08 21:00,21,-0.7071,0.7071,28.05,430.03,0.0,3.21,5.2468
2025-09-08 22:00,22,-0.5,0.866,29.74,525.77,0.0,1.08,5.4252
2025-09-08 23:00,23,-0.2588,0.9659,24.34,557.6,0.0,4.63,4.9655
2025-09-09 00:00,0,0.0,1.0,23.33,520.68,0.0,4.5,4.7342
2025-09-09 01:00,1,0.2588,0.9659,23.38,450.8,0.0,6.6,3.5687
2025-09-09 02:00,2,0.5,0.866,24.61,403.17,0.0,7.79,3.5849
2025-09-09 03:00,3,0.7071,0.7071,20.94,431.23,0.0,3.64,3.6426
2025-09-09 04:00,4,0.866,0.5,20.86,507.25,9.43,4.25,4.2458
2025-09-09 05:00,5,0.9659,0.2588,23.88,550.39,12.86,4.38,4.8094
2025-09-09 06:00,6,1.0,0.0,23.55,516.24,0.0,3.44,4.9232
2025-09-09 07:00,7,0.9659,-0.2588,26.81,435.29,268.37,6.41,4.2673
2025-09-09 08:00,8,0.866,-0.5,29.75,414.32,381.33,4.73,4.2948
2025-09-09 09:00,9,0.7071,-0.7071,29.22,424.48,602.49,8.61,4.1333
2025-09-09 10:00,10,0.5,-0.866,29.86,537.39,730.66,5.64,4.6687
2025-09-09 11:00,11,0.2588,-0.9659,33.35,595.49,807.27,2.68,6.2062
2025-09-09 12:00,12,0.0,-1.0,35.49,587.45,832.56,2.33,6.537
2025-09-09 13:00,13,-0.2588,-0.9659,32.25,471.53,820.86,3.75,5.2733
2025-09-09 14:00,14,-0.5,-0.866,36.23,439.77,730.48,3.59,5.0756
2025-09-09 15:00,15,-0.7071,-0.7071,36.02,496.3,591.24,3.98,5.98
2025-09-09 16:00,16,-0.866,-0.5,35.63,570.52,392.53,2.48,6.3717
2025-09-09 17:00,17,-0.9659,-0.2588,35.07,617.71,179.54,10.76,6.3088
2025-09-09 18:00,18,-1.0,-0.0,35.3,539.87,0.0,2.18,6.5968
2025-09-09 19:00,19,-0.9659,0.2588,30.02,454.27,0.0,5.66,5.2505
2025-09-09 20:00,20,-0.866,0.5,29.16,417.02,0.0,0.63,5.2408
2025-09-09 21:00,21,-0.7071,0.7071,26.82,427.58,0.0,3.98,4.5295
2025-09-09 22:00,22,-0.5,0.866,26.0,513.62,0.0,3.34,4.8999
2025-09-09 23:00,23,-0.2588,0.9659,27.06,540.59,0.0,3.82,5.0588
2025-09-10 00:00,0,0.0,1.0,21.79,501.56,0.0,4.57,4.1604
2025-09-10 01:00,1,0.2588,0.9659,21.91,431.37,38.1,5.27,3.4343
2025-09-10 02:00,2,0.5,0.866,25.07,389.34,0.0,5.15,3.6188
2025-09-10 03:00,3,0.7071,0.7071,24.73,447.75,0.0,5.49,3.6698
2025-09-10 04:00,4,0.866,0.5,23.26,501.48,0.0,7.5,4.0729
2025-09-10 05:00,5,0.9659,0.2588,26.04,536.46,0.0,8.12,4.2921
2025-09-10 06:00,6,1.0,0.0,26.51,539.02,0.62,6.36,4.8019
2025-09-10 07:00,7,0.9659,-0.2588,29.7,465.49,217.44,1.58,4.844
2025-09-10 08:00,8,0.866,-0.5,29.11,380.97,413.51,9.92,3.5363
2025-09-10 09:00,9,0.7071,-0.7071,32.09,458.76,593.95,9.44,4.6679
2025-09-10 10:00,10,0.5,-0.866,35.96,579.84,718.13,6.13,5.9536
2025-09-10 11:00,11,0.2588,-0.9659,34.14,603.97,831.08,4.69,6.1959
2025-09-10 12:00,12,0.0,-1.0,34.27,540.3,901.38,2.95,5.6635
2025-09-10 13:00,13,-0.2588,-0.9659,35.88,517.91,799.17,6.54,5.4782
2025-09-10 14:00,14,-0.5,-0.866,34.45,463.99,745.97,7.98,5.2599
2025-09-10 15:00,15,-0.7071,-0.7071,38.38,527.75,602.16,5.75,6.0545
2025-09-10 16:00,16,-0.866,-0.5,34.47,584.58,441.72,5.48,6.2904
2025-09-10 17:00,17,-0.9659,-0.2588,32.83,595.45,237.42,2.55,6.0392
2025-09-10 18:00,18,-1.0,-0.0,30.75,541.2,5.14,3.66,6.2296
2025-09-10 19:00,19,-0.9659,0.2588,32.2,494.46,0.0,6.23,5.6107
2025-09-10 20:00,20,-0.866,0.5,30.3,434.92,0.0,0.72,5.1997
2025-09-10 21:00,21,-0.7071,0.7071,26.7,424.88,0.0,5.57,4.5193
2025-09-10 22:00,22,-0.5,0.866,26.86,522.0,0.0,6.63,4.8442
2025-09-10 23:00,23,-0.2588,0.9659,22.49,540.04,0.0,3.51,4.5177
2025-09-11 00:00,0,0.0,1.0,24.08,520.06,0.0,1.55,4.6132
2025-09-11 01:00,1,0.2588,0.9659,23.88,444.65,27.67,7.19,3.4406
2025-09-11 02:00,2,0.5,0.866,25.56,379.25,2.46,2.15,4.008
2025-09-11 03:00,3,0.7071,0.7071,22.05,435.67,22.32,3.74,3.9588
2025-09-11 04:00,4,0.866,0.5,21.89,516.48,36.74,6.1,4.0051
2025-09-11 05:00,5,0.9659,0.2588,23.41,543.46,0.0,7.17,4.6499
2025-09-11 06:00,6,1.0,0.0,24.0,517.22,5.18,7.75,4.569
2025-09-11 07:00,7,0.9659,-0.2588,29.45,461.21,212.45,4.78,4.5324
2025-09-11 08:00,8,0.866,-0.5,31.32,426.12,404.68,4.42,4.6016
2025-09-11 09:00,9,0.7071,-0.7071,31.03,465.13,577.22,7.55,4.7566
2025-09-11 10:00,10,0.5,-0.866,33.83,579.91,757.2,5.0,5.8523
2025-09-11 11:00,11,0.2588,-0.9659,33.44,600.65,826.25,5.11,6.3103
2025-09-11 12:00,12,0.0,-1.0,34.05,563.94,896.17,4.15,5.7743
2025-09-11 13:00,13,-0.2588,-0.9659,34.3,473.5,845.34,3.76,5.2957
2025-09-11 14:00,14,-0.5,-0.866,34.53,462.34,717.84,4.45,5.5012
2025-09-11 15:00,15,-0.7071,-0.7071,32.47,478.24,622.05,3.71,5.4529
2025-09-11 16:00,16,-0.866,-0.5,34.59,584.5,417.37,3.57,6.3257
2025-09-11 17:00,17,-0.9659,-0.2588,33.18,592.16,250.42,12.37,5.6113
2025-09-11 18:00,18,-1.0,-0.0,33.12,526.2,0.0,3.52,5.4552
2025-09-11 19:00,19,-0.9659,0.2588,30.69,433.54,0.0,2.99,5.3956
2025-09-11 20:00,20,-0.866,0.5,28.76,417.08,0.0,3.64,4.4476
2025-09-11 21:00,21,-0.7071,0.7071,26.14,428.95,0.0,5.2,4.2003
2025-09-11 22:00,22,-0.5,0.866,26.11,519.05,0.0,8.55,4.5741
2025-09-11 23:00,23,-0.2588,0.9659,25.86,551.71,0.0,6.85,4.6193
2025-09-12 00:00,0,0.0,1.0,22.09,510.0,21.42,7.47,4.4351
2025-09-12 01:00,1,0.2588,0.9659,23.34,436.05,44.9,7.7,3.1956
2025-09-12 02:00,2,0.5,0.866,23.35,387.02,0.0,8.75,3.588
2025-09-12 03:00,3,0.7071,0.7071,22.13,437.26,31.59,2.85,4.1115
2025-09-12 04:00,4,0.866,0.5,22.92,503.73,0.0,4.31,4.5049
2025-09-12 05:00,5,0.9659,0.2588,25.1,544.42,8.7,3.84,5.1618
2025-09-12 06:00,6,1.0,0.0,24.3,507.65,0.0,3.81,4.8517
2025-09-12 07:00,7,0.9659,-0.2588,27.97,434.1,233.1,5.65,3.9786
2025-09-12 08:00,8,0.866,-0.5,27.66,413.83,374.87,3.94,4.4498
2025-09-12 09:00,9,0.7071,-0.7071,32.15,468.73,608.89,5.38,4.5065
2025-09-12 10:00,10,0.5,-0.866,35.51,587.91,742.55,3.82,5.8155
2025-09-12 11:00,11,0.2588,-0.9659,31.95,604.68,825.81,3.36,5.8968
2025-09-12 12:00,12,0.0,-1.0,35.0,581.3,831.63,3.63,5.851
2025-09-12 13:00,13,-0.2588,-0.9659,33.71,491.16,834.78,7.02,5.3771
2025-09-12 14:00,14,-0.5,-0.866,36.56,473.39,745.9,5.27,5.446
2025-09-12 15:00,15,-0.7071,-0.7071,32.9,489.66,595.79,10.51,5.1886
2025-09-12 16:00,16,-0.866,-0.5,34.92,569.18,441.8,7.35,6.0515
2025-09-12 17:00,17,-0.9659,-0.2588,31.93,596.23,217.61,4.49,6.4006
2025-09-12 18:00,18,-1.0,-0.0,31.69,551.23,13.22,2.9,6.07
2025-09-12 19:00,19,-0.9659,0.2588,29.01,440.15,0.0,5.82,4.7428
2025-09-12 20:00,20,-0.866,0.5,30.23,431.31,5.42,6.26,4.721
2025-09-12 21:00,21,-0.7071,0.7071,26.19,438.87,14.37,4.34,4.2979
2025-09-12 22:00,22,-0.5,0.866,26.83,510.91,0.0,2.81,5.2161
2025-09-12 23:00,23,-0.2588,0.9659,24.24,542.86,0.0,4.96,4.3956
2025-09-13 00:00,0,0.0,1.0,23.63,514.99,6.9,2.98,4.9505
2025-09-13 01:00,1,0.2588,0.9659,23.43,452.45,29.73,9.23,3.5703
2025-09-13 02:00,2,0.5,0.866,21.86,413.33,7.48,5.48,3.4705
2025-09-13 03:00,3,0.7071,0.7071,23.52,442.8,7.95,3.23,3.8435
2025-09-13 04:00,4,0.866,0.5,26.1,521.49,0.0,2.71,4.8785
2025-09-13 05:00,5,0.9659,0.2588,23.59,569.08,18.48,6.18,4.7138
2025-09-13 06:00,6,1.0,0.0,27.76,510.25,0.0,6.1,4.8836
2025-09-13 07:00,7,0.9659,-0.2588,29.69,434.32,208.65,5.24,4.65
2025-09-13 08:00,8,0.866,-0.5,27.78,419.52,452.63,5.37,4.3317
2025-09-13 09:00,9,0.7071,-0.7071,28.37,432.52,587.78,5.29,4.6223
2025-09-13 10:00,10,0.5,-0.866,32.45,537.77,758.36,3.67,5.5179
2025-09-13 11:00,11,0.2588,-0.9659,32.42,558.43,848.69,9.16,4.9943
2025-09-13 12:00,12,0.0,-1.0,37.0,593.06,864.17,4.44,5.7158
2025-09-13 13:00,13,-0.2588,-0.9659,34.85,467.96,789.81,0.79,5.6669
2025-09-13 14:00,14,-0.5,-0.866,33.8,435.12,736.8,3.6,5.2585
2025-09-13 15:00,15,-0.7071,-0.7071,33.07,486.92,595.99,2.05,6.1187
2025-09-13 16:00,16,-0.866,-0.5,35.83,585.98,412.6,3.7,6.499
2025-09-13 17:00,17,-0.9659,-0.2588,32.39,575.31,223.56,5.32,6.274
2025-09-13 18:00,18,-1.0,-0.0,32.07,543.01,19.23,0.83,6.5211
2025-09-13 19:00,19,-0.9659,0.2588,31.99,456.3,0.0,7.86,5.2097
2025-09-13 20:00,20,-0.866,0.5,28.27,393.96,0.0,5.34,4.6392
2025-09-13 21:00,21,-0.7071,0.7071,27.38,441.49,0.0,3.25,4.5131
2025-09-13 22:00,22,-0.5,0.866,25.98,504.98,29.1,3.36,4.58
2025-09-13 23:00,23,-0.2588,0.9659,25.78,546.34,0.0,4.35,4.7753
2025-09-14 00:00,0,0.0,1.0,24.69,490.53,0.0,2.94,3.9657
2025-09-14 01:00,1,0.2588,0.9659,22.87,454.49,0.0,0.5,4.1691
2025-09-14 02:00,2,0.5,0.866,23.1,407.65,9.07,0.9,3.7039
2025-09-14 03:00,3,0.7071,0.7071,22.65,449.39,0.0,3.66,3.9824
2025-09-14 04:00,4,0.866,0.5,21.59,531.86,16.72,2.0,4.5244
2025-09-14 05:00,5,0.9659,0.2588,25.14,537.62,0.0,0.83,4.865
2025-09-14 06:00,6,1.0,0.0,28.84,513.83,0.0,7.7,5.0533
2025-09-14 07:00,7,0.9659,-0.2588,26.12,409.08,186.73,3.11,4.3061
2025-09-14 08:00,8,0.866,-0.5,27.84,447.11,435.87,4.6,4.6269
2025-09-14 09:00,9,0.7071,-0.7071,29.25,445.23,617.26,2.45,4.7261
2025-09-14 10:00,10,0.5,-0.866,33.09,568.78,744.59,1.2,5.9401
2025-09-14 11:00,11,0.2588,-0.9659,33.92,578.75,793.89,6.43,5.3969
2025-09-14 12:00,12,0.0,-1.0,33.96,575.11,831.36,2.01,6.3086
2025-09-14 13:00,13,-0.2588,-0.9659,33.42,508.71,826.89,0.89,5.9272
2025-09-14 14:00,14,-0.5,-0.866,35.14,456.2,693.93,5.17,5.3541
2025-09-14 15:00,15,-0.7071,-0.7071,32.45,457.93,595.01,0.64,5.6752
2025-09-14 16:00,16,-0.866,-0.5,34.41,561.71,462.92,4.16,6.3917
2025-09-14 17:00,17,-0.9659,-0.2588,34.55,569.0,215.5,3.21,6.3816
2025-09-14 18:00,18,-1.0,-0.0,30.12,528.92,0.0,3.41,5.67
2025-09-14 19:00,19,-0.9659,0.2588,28.25,451.85,0.0,0.5,5.3358
2025-09-14 20:00,20,-0.866,0.5,31.37,426.42,0.0,10.04,4.5416
2025-09-14 21:00,21,-0.7071,0.7071,26.53,433.24,53.51,4.69,4.3998
2025-09-14 22:00,22,-0.5,0.866,27.7,520.41,41.64,5.07,5.0991
2025-09-14 23:00,23,-0.2588,0.9659,24.53,559.06,18.27,5.76,4.5199
2025-09-15 00:00,0,0.0,1.0,23.56,487.6,0.0,6.95,3.8463
2025-09-15 01:00,1,0.2588,0.9659,23.86,438.83,30.02,5.32,3.5298
2025-09-15 02:00,2,0.5,0.866,21.67,436.54,0.0,6.59,3.6045
2025-09-15 03:00,3,0.7071,0.7071,23.4,417.47,26.91,4.24,3.3804
2025-09-15 04:00,4,0.866,0.5,23.23,511.22,23.2,3.75,4.5548
2025-09-15 05:00,5,0.9659,0.2588,22.78,579.13,0.0,7.24,4.5243
2025-09-15 06:00,6,1.0,0.0,26.51,529.06,28.48,7.79,4.5564
2025-09-15 07:00,7,0.9659,-0.2588,27.05,429.8,208.82,2.12,4.8824
2025-09-15 08:00,8,0.866,-0.5,28.76,409.21,393.37,4.86,4.5406
2025-09-15 09:00,9,0.7071,-0.7071,28.74,443.37,625.49,5.9,4.4026
2025-09-15 10:00,10,0.5,-0.866,34.39,552.38,733.99,1.63,5.5382
2025-09-15 11:00,11,0.2588,-0.9659,34.56,601.35,836.08,8.96,6.0189
2025-09-15 12:00,12,0.0,-1.0,35.64,569.44,895.52,4.71,5.8052
2025-09-15 13:00,13,-0.2588,-0.9659,34.34,489.89,802.98,5.6,5.4085
2025-09-15 14:00,14,-0.5,-0.866,32.41,424.02,732.54,2.44,5.3332
2025-09-15 15:00,15,-0.7071,-0.7071,37.72,496.15,640.28,3.05,5.5558
2025-09-15 16:00,16,-0.866,-0.5,34.1,560.72,441.72,1.98,6.2259
2025-09-15 17:00,17,-0.9659,-0.2588,32.12,608.68,202.5,3.05,6.5772
2025-09-15 18:00,18,-1.0,-0.0,32.63,550.73,0.0,4.53,6.2187
2025-09-15 19:00,19,-0.9659,0.2588,32.3,466.95,0.0,7.37,4.9705
2025-09-15 20:00,20,-0.866,0.5,28.97,419.03,0.0,4.8,4.7778
2025-09-15 21:00,21,-0.7071,0.7071,29.36,446.04,5.93,2.91,4.8509
2025-09-15 22:00,22,-0.5,0.866,27.62,540.52,1.96,1.18,5.6288
2025-09-15 23:00,23,-0.2588,0.9659,23.14,549.94,6.98,5.42,4.8082
2025-09-16 00:00,0,0.0,1.0,22.79,523.01,0.0,4.06,4.3565
2025-09-16 01:00,1,0.2588,0.9659,24.64,426.18,0.0,11.21,3.259
2025-09-16 02:00,2,0.5,0.866,18.93,407.55,0.0,6.77,3.3584
2025-09-16 03:00,3,0.7071,0.7071,22.98,441.63,3.63,7.07,3.6853
2025-09-16 04:00,4,0.866,0.5,21.66,511.65,29.39,0.61,4.2686
2025-09-16 05:00,5,0.9659,0.2588,24.04,542.47,0.0,6.75,5.008
2025-09-16 06:00,6,1.0,0.0,25.55,502.93,12.09,2.56,4.6987
2025-09-16 07:00,7,0.9659,-0.2588,26.91,441.74,204.72,5.16,4.8681
2025-09-16 08:00,8,0.866,-0.5,28.17,410.81,445.06,4.24,4.3447
2025-09-16 09:00,9,0.7071,-0.7071,28.91,442.85,605.01,5.06,4.3438
2025-09-16 10:00,10,0.5,-0.866,35.44,576.31,746.24,2.08,5.4955
2025-09-16 11:00,11,0.2588,-0.9659,36.04,613.78,822.66,4.3,6.3045
2025-09-16 12:00,12,0.0,-1.0,32.45,549.6,883.21,1.07,5.503
2025-09-16 13:00,13,-0.2588,-0.9659,37.17,507.84,829.72,1.13,6.0214
2025-09-16 14:00,14,-0.5,-0.866,34.4,451.48,718.49,5.7,5.604
2025-09-16 15:00,15,-0.7071,-0.7071,34.99,533.89,603.51,9.57,5.3492
2025-09-16 16:00,16,-0.866,-0.5,34.1,565.98,415.78,6.74,6.2061
2025-09-16 17:00,17,-0.9659,-0.2588,32.25,593.7,224.06,4.38,6.2171
2025-09-16 18:00,18,-1.0,-0.0,33.48,562.88,0.0,1.32,6.7887
2025-09-16 19:00,19,-0.9659,0.2588,30.74,455.49,0.0,1.18,5.5412
2025-09-16 20:00,20,-0.866,0.5,28.29,421.69,4.98,2.28,4.8688
2025-09-16 21:00,21,-0.7071,0.7071,25.49,433.13,1.39,10.61,4.1981
2025-09-16 22:00,22,-0.5,0.866,24.66,528.33,26.6,3.92,4.9313
2025-09-16 23:00,23,-0.2588,0.9659,22.3,544.99,0.0,7.49,4.2175
2025-09-17 00:00,0,0.0,1.0,23.82,498.1,0.0,6.08,4.5187
2025-09-17 01:00,1,0.2588,0.9659,21.41,442.98,0.0,5.3,3.348
2025-09-17 02:00,2,0.5,0.866,22.6,383.43,0.0,9.45,3.0751
2025-09-17 03:00,3,0.7071,0.7071,25.26,445.53,10.39,2.81,3.9374
2025-09-17 04:00,4,0.866,0.5,25.6,494.59,0.0,4.28,4.1297
2025-09-17 05:00,5,0.9659,0.2588,24.71,545.21,0.0,7.78,4.3424
2025-09-17 06:00,6,1.0,0.0,25.87,491.02,0.0,4.93,4.6654
2025-09-17 07:00,7,0.9659,-0.2588,30.27,498.0,258.59,2.93,5.1124
2025-09-17 08:00,8,0.866,-0.5,29.78,389.44,398.18,2.66,4.6003
2025-09-17 09:00,9,0.7071,-0.7071,30.06,454.14,601.35,6.5,4.8036
2025-09-17 10:00,10,0.5,-0.866,29.86,544.54,750.62,0.62,5.591
2025-09-17 11:00,11,0.2588,-0.9659,33.83,612.21,858.14,8.62,5.5547
2025-09-17 12:00,12,0.0,-1.0,35.44,584.79,869.44,0.75,6.4642
2025-09-17 13:00,13,-0.2588,-0.9659,33.85,479.53,848.38,5.49,5.0986
2025-09-17 14:00,14,-0.5,-0.866,35.44,479.76,757.73,5.3,5.1278
2025-09-17 15:00,15,-0.7071,-0.7071,34.25,501.2,570.81,5.11,5.8817
2025-09-17 16:00,16,-0.866,-0.5,33.92,563.05,433.99,4.41,6.4484
2025-09-17 17:00,17,-0.9659,-0.2588,29.51,565.7,241.21,7.61,5.6101
2025-09-17 18:00,18,-1.0,-0.0,31.67,537.28,0.0,5.71,6.3527
2025-09-17 19:00,19,-0.9659,0.2588,32.01,455.91,0.0,6.79,5.3028
2025-09-17 20:00,20,-0.866,0.5,28.05,418.98,0.0,1.93,4.96
2025-09-17 21:00,21,-0.7071,0.7071,27.53,457.18,19.32,1.24,4.8121
2025-09-17 22:00,22,-0.5,0.866,24.87,499.24,0.0,0.94,5.0892
2025-09-17 23:00,23,-0.2588,0.9659,25.3,547.69,0.0,2.19,4.6681
2025-09-18 00:00,0,0.0,1.0,23.48,510.35,0.0,5.77,4.1745
2025-09-18 01:00,1,0.2588,0.9659,21.8,437.01,0.0,4.54,3.5508
2025-09-18 02:00,2,0.5,0.866,25.0,400.96,0.0,6.5,3.2358
2025-09-18 03:00,3,0.7071,0.7071,24.6,451.7,6.08,2.54,4.2999
2025-09-18 04:00,4,0.866,0.5,22.9,501.29,0.0,3.72,4.4182
2025-09-18 05:00,5,0.9659,0.2588,25.5,537.3,4.45,8.15,4.6948
2025-09-18 06:00,6,1.0,0.0,26.81,531.05,0.0,9.11,4.6181
2025-09-18 07:00,7,0.9659,-0.2588,28.41,433.84,188.76,8.78,4.3553
2025-09-18 08:00,8,0.866,-0.5,26.46,381.05,391.82,7.18,3.8189
2025-09-18 09:00,9,0.7071,-0.7071,32.06,462.73,571.62,5.94,4.6642
2025-09-18 10:00,10,0.5,-0.866,31.15,532.71,730.96,8.61,4.8319
2025-09-18 11:00,11,0.2588,-0.9659,32.71,610.97,824.06,6.16,5.3935
2025-09-18 12:00,12,0.0,-1.0,38.15,607.6,856.75,9.65,6.1446
2025-09-18 13:00,13,-0.2588,-0.9659,35.25,512.7,828.73,0.87,6.0961
2025-09-18 14:00,14,-0.5,-0.866,34.42,463.66,717.16,8.78,5.6522
2025-09-18 15:00,15,-0.7071,-0.7071,31.49,479.59,627.5,4.95,5.2724
2025-09-18 16:00,16,-0.866,-0.5,36.28,568.43,413.94,1.89,6.4371
2025-09-18 17:00,17,-0.9659,-0.2588,31.22,572.82,231.25,2.71,5.9612
2025-09-18 18:00,18,-1.0,-0.0,30.49,517.61,0.0,7.6,5.8141
2025-09-18 19:00,19,-0.9659,0.2588,30.06,450.79,9.39,4.62,5.3345
2025-09-18 20:00,20,-0.866,0.5,31.12,435.26,0.0,11.09,4.785
2025-09-18 21:00,21,-0.7071,0.7071,28.61,444.37,9.84,1.94,4.6729
2025-09-18 22:00,22,-0.5,0.866,25.76,532.17,0.0,4.01,5.0629
2025-09-18 23:00,23,-0.2588,0.9659,25.22,532.88,20.35,3.49,4.6493
2025-09-19 00:00,0,0.0,1.0,22.9,520.0,0.0,4.69,4.6195
2025-09-19 01:00,1,0.2588,0.9659,23.41,418.78,0.0,5.51,3.7123
2025-09-19 02:00,2,0.5,0.866,23.11,401.41,0.0,5.73,3.1339
2025-09-19 03:00,3,0.7071,0.7071,24.66,448.61,26.72,0.5,4.2149
2025-09-19 04:00,4,0.866,0.5,25.25,509.28,0.0,1.68,4.306
2025-09-19 05:00,5,0.9659,0.2588,25.5,558.27,2.3,1.04,4.9704
2025-09-19 06:00,6,1.0,0.0,25.46,498.1,0.0,7.78,4.2614
2025-09-19 07:00,7,0.9659,-0.2588,28.56,417.02,221.64,3.37,4.3008
2025-09-19 08:00,8,0.866,-0.5,28.86,415.25,399.43,3.72,4.3653
2025-09-19 09:00,9,0.7071,-0.7071,28.93,471.1,579.15,4.25,4.7751
2025-09-19 10:00,10,0.5,-0.866,31.4,524.72,726.06,7.57,5.0299
2025-09-19 11:00,11,0.2588,-0.9659,33.37,611.29,832.16,0.66,6.2305
2025-09-19 12:00,12,0.0,-1.0,35.56,573.64,863.8,1.95,6.1747
2025-09-19 13:00,13,-0.2588,-0.9659,34.52,469.63,835.51,5.91,4.9311
2025-09-19 14:00,14,-0.5,-0.866,33.19,424.52,696.42,10.02,4.6861
2025-09-19 15:00,15,-0.7071,-0.7071,34.88,492.78,600.87,5.58,5.8965
2025-09-19 16:00,16,-0.866,-0.5,34.37,557.36,420.08,3.03,6.26
2025-09-19 17:00,17,-0.9659,-0.2588,33.52,574.48,181.69,4.71,6.4529
2025-09-19 18:00,18,-1.0,-0.0,33.38,530.13,0.4,10.56,5.7333
2025-09-19 19:00,19,-0.9659,0.2588,32.08,457.45,0.0,4.77,5.5245
2025-09-19 20:00,20,-0.866,0.5,28.11,403.78,12.79,3.76,4.6851
2025-09-19 21:00,21,-0.7071,0.7071,26.52,437.4,2.03,3.82,4.7233
2025-09-19 22:00,22,-0.5,0.866,24.44,504.98,0.0,10.16,4.3065
2025-09-19 23:00,23,-0.2588,0.9659,25.81,553.03,23.14,6.2,4.8435
2025-09-20 00:00,0,0.0,1.0,25.98,528.1,0.0,5.93,4.5822
2025-09-20 01:00,1,0.2588,0.9659,22.73,443.41,0.0,2.83,3.7217
2025-09-20 02:00,2,0.5,0.866,22.64,398.18,0.0,4.98,3.2178
2025-09-20 03:00,3,0.7071,0.7071,25.4,451.42,0.0,3.65,4.0263
2025-09-20 04:00,4,0.866,0.5,24.56,498.1,13.12,2.88,4.7882
2025-09-20 05:00,5,0.9659,0.2588,25.41,546.63,0.0,8.27,4.5495
2025-09-20 06:00,6,1.0,0.0,24.21,509.48,0.0,3.82,4.8387
2025-09-20 07:00,7,0.9659,-0.2588,28.47,422.67,279.54,3.17,4.0173
2025-09-20 08:00,8,0.866,-0.5,27.61,393.7,391.02,9.01,3.8558
2025-09-20 09:00,9,0.7071,-0.7071,28.85,413.19,642.3,2.58,4.4403
2025-09-20 10:00,10,0.5,-0.866,31.48,569.02,731.82,6.43,4.8395
2025-09-20 11:00,11,0.2588,-0.9659,32.36,570.85,807.92,5.66,5.6261
2025-09-20 12:00,12,0.0,-1.0,33.86,583.2,864.17,8.75,5.2272
2025-09-20 13:00,13,-0.2588,-0.9659,32.63,475.14,854.45,7.35,4.8298
2025-09-20 14:00,14,-0.5,-0.866,36.44,475.98,707.47,6.08,5.6785
2025-09-20 15:00,15,-0.7071,-0.7071,36.49,498.06,588.28,3.38,5.9502
2025-09-20 16:00,16,-0.866,-0.5,31.28,541.82,446.17,4.55,5.7756
2025-09-20 17:00,17,-0.9659,-0.2588,34.71,613.44,227.2,9.35,6.1697
2025-09-20 18:00,18,-1.0,-0.0,30.78,544.74,27.55,0.84,6.2063
2025-09-20 19:00,19,-0.9659,0.2588,31.84,479.83,12.88,6.92,5.3374
2025-09-20 20:00,20,-0.866,0.5,28.9,401.65,45.21,2.96,4.4455
2025-09-20 21:00,21,-0.7071,0.7071,27.49,430.29,4.46,2.49,4.8892
2025-09-20 22:00,22,-0.5,0.866,25.72,488.59,5.55,2.83,4.4914
2025-09-20 23:00,23,-0.2588,0.9659,26.58,557.85,8.04,1.37,4.8226
2025-09-21 00:00,0,0.0,1.0,21.94,528.74,0.0,12.08,3.9926
2025-09-21 01:00,1,0.2588,0.9659,24.12,461.74,21.2,7.85,3.6356
2025-09-21 02:00,2,0.5,0.866,24.65,404.58,5.93,4.72,3.6408
2025-09-21 03:00,3,0.7071,0.7071,24.28,426.0,19.7,6.16,3.7877
2025-09-21 04:00,4,0.866,0.5,27.29,487.04,23.61,4.96,4.2596
2025-09-21 05:00,5,0.9659,0.2588,23.96,565.63,10.71,7.11,4.7213
2025-09-21 06:00,6,1.0,0.0,27.44,485.56,12.54,7.51,4.6566
2025-09-21 07:00,7,0.9659,-0.2588,27.29,432.39,194.74,2.83,4.8498
2025-09-21 08:00,8,0.866,-0.5,30.85,419.44,411.24,4.32,4.404
2025-09-21 09:00,9,0.7071,-0.7071,30.54,456.79,622.13,5.52,4.5125
2025-09-21 10:00,10,0.5,-0.866,31.42,540.38,771.71,10.77,4.9305
2025-09-21 11:00,11,0.2588,-0.9659,35.2,609.69,772.53,5.89,6.0496
2025-09-21 12:00,12,0.0,-1.0,33.46,519.94,835.8,8.3,5.1656
2025-09-21 13:00,13,-0.2588,-0.9659,32.68,475.13,821.63,7.52,5.3186
2025-09-21 14:00,14,-0.5,-0.866,34.22,416.35,714.14,5.14,4.692
2025-09-21 15:00,15,-0.7071,-0.7071,35.72,510.28,580.48,8.23,5.3113
2025-09-21 16:00,16,-0.866,-0.5,36.28,570.45,436.87,3.79,6.0823
2025-09-21 17:00,17,-0.9659,-0.2588,33.41,560.92,259.53,3.8,6.4837
2025-09-21 18:00,18,-1.0,-0.0,33.98,548.11,0.0,6.78,6.1911
2025-09-21 19:00,19,-0.9659,0.2588,28.52,433.07,0.0,2.09,4.9086
2025-09-21 20:00,20,-0.866,0.5,28.34,420.54,11.58,3.32,4.7581
2025-09-21 21:00,21,-0.7071,0.7071,27.01,440.45,19.51,5.33,4.4658
2025-09-21 22:00,22,-0.5,0.866,25.83,517.67,7.98,4.06,4.3764
2025-09-21 23:00,23,-0.2588,0.9659,24.88,567.72,44.04,9.25,4.5367
2025-09-22 00:00,0,0.0,1.0,24.84,511.06,0.72,9.81,3.789
2025-09-22 01:00,1,0.2588,0.9659,22.54,448.81,32.8,4.6,3.9184
2025-09-22 02:00,2,0.5,0.866,23.21,410.26,0.0,4.84,3.3445
2025-09-22 03:00,3,0.7071,0.7071,23.14,418.2,1.45,6.25,3.596
2025-09-22 04:00,4,0.866,0.5,22.42,534.59,0.0,4.3,4.7496
2025-09-22 05:00,5,0.9659,0.2588,24.59,528.7,22.52,2.53,5.0203
2025-09-22 06:00,6,1.0,0.0,25.78,526.26,0.0,6.45,4.883
2025-09-22 07:00,7,0.9659,-0.2588,27.2,414.74,228.94,6.36,4.0841
2025-09-22 08:00,8,0.866,-0.5,29.05,417.4,417.17,2.92,4.1835
2025-09-22 09:00,9,0.7071,-0.7071,30.67,486.76,615.7,7.36,4.5859
2025-09-22 10:00,10,0.5,-0.866,31.35,536.12,746.06,5.36,5.1753
2025-09-22 11:00,11,0.2588,-0.9659,35.15,603.37,796.17,2.86,6.1067
2025-09-22 12:00,12,0.0,-1.0,32.44,557.19,826.58,5.65,5.2728
2025-09-22 13:00,13,-0.2588,-0.9659,33.71,478.27,820.34,2.84,5.5223
2025-09-22 14:00,14,-0.5,-0.866,39.17,516.63,752.61,3.05,5.8448
2025-09-22 15:00,15,-0.7071,-0.7071,33.24,482.29,647.61,7.55,5.5541
2025-09-22 16:00,16,-0.866,-0.5,32.17,541.02,432.57,8.96,5.6276
2025-09-22 17:00,17,-0.9659,-0.2588,34.34,592.65,245.18,3.0,6.7743
2025-09-22 18:00,18,-1.0,-0.0,28.88,505.58,0.0,8.92,5.5413
2025-09-22 19:00,19,-0.9659,0.2588,30.2,445.68,50.32,2.87,5.666
2025-09-22 20:00,20,-0.866,0.5,32.22,428.49,15.14,1.94,5.2026
2025-09-22 21:00,21,-0.7071,0.7071,25.13,430.19,0.0,1.35,4.5344
2025-09-22 22:00,22,-0.5,0.866,23.03,502.63,0.0,2.9,4.5759
2025-09-22 23:00,23,-0.2588,0.9659,22.51,581.48,0.0,3.84,5.1979
2025-09-23 00:00,0,0.0,1.0,25.15,497.05,0.0,8.91,3.7578
2025-09-23 01:00,1,0.2588,0.9659,24.89,439.7,47.76,2.9,3.7955
2025-09-23 02:00,2,0.5,0.866,22.23,408.89,0.0,3.71,3.6387
2025-09-23 03:00,3,0.7071,0.7071,24.23,446.95,0.0,6.33,3.7664
2025-09-23 04:00,4,0.866,0.5,25.89,511.62,0.0,3.3,4.8208
2025-09-23 05:00,5,0.9659,0.2588,27.44,546.39,0.0,5.91,4.6132
2025-09-23 06:00,6,1.0,0.0,25.63,519.27,0.38,4.14,4.8871
2025-09-23 07:00,7,0.9659,-0.2588,23.99,441.5,247.22,2.57,4.3061
2025-09-23 08:00,8,0.866,-0.5,27.77,396.12,409.74,6.33,3.8083
2025-09-23 09:00,9,0.7071,-0.7071,29.91,429.37,566.71,0.91,4.9743
2025-09-23 10:00,10,0.5,-0.866,31.61,534.37,743.42,3.23,5.3692
2025-09-23 11:00,11,0.2588,-0.9659,32.96,572.49,819.64,3.65,5.725
2025-09-23 12:00,12,0.0,-1.0,35.87,565.49,875.07,4.31,5.7211
2025-09-23 13:00,13,-0.2588,-0.9659,36.71,507.66,809.67,5.87,5.5133
2025-09-23 14:00,14,-0.5,-0.866,34.74,459.32,729.62,4.31,5.175
2025-09-23 15:00,15,-0.7071,-0.7071,36.44,531.75,597.3,5.22,6.1562
2025-09-23 16:00,16,-0.866,-0.5,34.73,558.3,427.23,5.23,6.3542
2025-09-23 17:00,17,-0.9659,-0.2588,33.34,604.33,210.18,3.76,6.9102
2025-09-23 18:00,18,-1.0,-0.0,33.36,559.97,0.0,9.07,6.0422
2025-09-23 19:00,19,-0.9659,0.2588,30.66,478.23,0.0,9.72,4.9608
2025-09-23 20:00,20,-0.866,0.5,32.09,441.34,0.0,5.14,4.9239
2025-09-23 21:00,21,-0.7071,0.7071,25.29,422.37,17.88,1.5,4.639
2025-09-23 22:00,22,-0.5,0.866,25.23,486.65,21.26,4.52,4.5748
2025-09-23 23:00,23,-0.2588,0.9659,24.57,554.67,0.0,2.48,4.9173
2025-09-24 00:00,0,0.0,1.0,24.46,504.57,32.49,4.47,4.2737
2025-09-24 01:00,1,0.2588,0.9659,25.11,422.8,0.0,2.51,4.1913
2025-09-24 02:00,2,0.5,0.866,22.96,380.99,0.0,6.07,3.1935
2025-09-24 03:00,3,0.7071,0.7071,21.07,439.91,0.0,1.59,4.1871
2025-09-24 04:00,4,0.866,0.5,25.07,535.12,30.46,9.63,4.2565
2025-09-24 05:00,5,0.9659,0.2588,25.89,543.87,0.0,2.56,4.949
2025-09-24 06:00,6,1.0,0.0,23.09,521.35,0.0,5.72,4.486
2025-09-24 07:00,7,0.9659,-0.2588,27.44,435.97,163.51,8.68,4.1183
2025-09-24 08:00,8,0.866,-0.5,26.61,380.66,415.11,2.94,4.2039
2025-09-24 09:00,9,0.7071,-0.7071,29.56,460.97,611.16,9.08,4.2427
2025-09-24 10:00,10,0.5,-0.866,30.65,517.25,718.68,3.86,5.3705
2025-09-24 11:00,11,0.2588,-0.9659,34.46,601.98,794.71,9.89,5.5044
2025-09-24 12:00,12,0.0,-1.0,34.37,558.35,836.27,10.37,5.3133
2025-09-24 13:00,13,-0.2588,-0.9659,32.87,489.83,852.12,2.51,5.1907
2025-09-24 14:00,14,-0.5,-0.866,36.32,450.69,701.3,7.33,5.3352
2025-09-24 15:00,15,-0.7071,-0.7071,32.64,480.52,585.0,2.55,5.5883
2025-09-24 16:00,16,-0.866,-0.5,34.69,553.43,455.27,2.79,6.5825
2025-09-24 17:00,17,-0.9659,-0.2588,32.02,574.51,232.35,1.63,6.5805
2025-09-24 18:00,18,-1.0,-0.0,31.45,485.58,4.48,2.27,5.8866
2025-09-24 19:00,19,-0.9659,0.2588,31.31,495.36,0.0,5.5,5.7382
2025-09-24 20:00,20,-0.866,0.5,29.78,422.52,0.76,4.25,4.9057
2025-09-24 21:00,21,-0.7071,0.7071,29.45,437.61,0.0,6.88,4.706
2025-09-24 22:00,22,-0.5,0.866,25.88,495.63,0.0,3.49,4.5589
2025-09-24 23:00,23,-0.2588,0.9659,25.22,542.57,0.0,10.23,4.4246
2025-09-25 00:00,0,0.0,1.0,23.15,523.25,19.6,1.24,4.7233
2025-09-25 01:00,1,0.2588,0.9659,23.48,409.12,0.0,1.4,3.5462
2025-09-25 02:00,2,0.5,0.866,23.66,397.88,7.86,6.05,3.7239
2025-09-25 03:00,3,0.7071,0.7071,23.06,464.06,3.79,8.13,3.4649
2025-09-25 04:00,4,0.866,0.5,21.1,495.49,11.02,6.93,3.6923
2025-09-25 05:00,5,0.9659,0.2588,25.25,551.21,0.0,4.51,4.3156
2025-09-25 06:00,6,1.0,0.0,26.55,545.55,0.0,3.08,5.2979
2025-09-25 07:00,7,0.9659,-0.2588,26.43,446.98,199.61,0.64,4.3932
2025-09-25 08:00,8,0.866,-0.5,27.07,401.89,389.65,4.64,4.0633
2025-09-25 09:00,9,0.7071,-0.7071,32.77,483.23,572.99,4.42,5.212
2025-09-25 10:00,10,0.5,-0.866,32.74,544.38,726.99,3.57,5.5503
2025-09-25 11:00,11,0.2588,-0.9659,32.9,608.69,780.96,5.11,5.7881
2025-09-25 12:00,12,0.0,-1.0,32.49,542.43,815.44,6.28,5.1347
2025-09-25 13:00,13,-0.2588,-0.9659,33.56,452.61,847.09,6.04,4.9707
2025-09-25 14:00,14,-0.5,-0.866,36.95,465.76,741.73,3.04,5.8065
2025-09-25 15:00,15,-0.7071,-0.7071,35.0,479.02,589.74,5.16,5.7127
2025-09-25 16:00,16,-0.866,-0.5,33.37,551.24,481.79,2.21,6.5451
2025-09-25 17:00,17,-0.9659,-0.2588,34.01,594.17,178.79,1.98,6.5865
2025-09-25 18:00,18,-1.0,-0.0,30.78,552.69,24.39,6.83,5.6316
2025-09-25 19:00,19,-0.9659,0.2588,32.8,486.36,0.0,5.98,5.5511
2025-09-25 20:00,20,-0.866,0.5,31.03,428.18,19.63,6.65,4.7774
2025-09-25 21:00,21,-0.7071,0.7071,26.75,437.46,2.72,2.24,4.6853
2025-09-25 22:00,22,-0.5,0.866,25.06,496.62,0.0,8.63,4.1542
2025-09-25 23:00,23,-0.2588,0.9659,20.83,517.28,2.39,2.08,3.9857
2025-09-26 00:00,0,0.0,1.0,21.58,514.2,8.39,7.86,3.786
2025-09-26 01:00,1,0.2588,0.9659,21.2,449.42,0.0,3.63,3.9208
2025-09-26 02:00,2,0.5,0.866,23.2,398.37,48.6,1.84,3.7262
2025-09-26 03:00,3,0.7071,0.7071,22.72,429.48,7.78,3.2,4.0138
2025-09-26 04:00,4,0.866,0.5,21.79,519.47,16.8,2.46,4.5446
2025-09-26 05:00,5,0.9659,0.2588,24.34,548.75,0.0,4.52,4.9613
2025-09-26 06:00,6,1.0,0.0,26.76,537.79,17.27,9.51,4.8179
2025-09-26 07:00,7,0.9659,-0.2588,28.24,457.9,247.23,3.47,4.6401
2025-09-26 08:00,8,0.866,-0.5,26.15,414.39,431.34,5.35,4.0976
2025-09-26 09:00,9,0.7071,-0.7071,30.36,467.75,600.81,8.2,3.905
2025-09-26 10:00,10,0.5,-0.866,29.92,508.55,713.78,5.48,4.8536
2025-09-26 11:00,11,0.2588,-0.9659,34.6,612.71,815.63,3.69,5.9861
2025-09-26 12:00,12,0.0,-1.0,35.37,577.12,837.2,11.91,5.3797
2025-09-26 13:00,13,-0.2588,-0.9659,33.45,490.18,835.34,2.51,5.318
2025-09-26 14:00,14,-0.5,-0.866,33.85,454.2,714.87,4.73,5.4653
2025-09-26 15:00,15,-0.7071,-0.7071,34.1,493.12,615.16,6.94,5.271
2025-09-26 16:00,16,-0.866,-0.5,30.82,575.55,404.03,0.5,6.6242
2025-09-26 17:00,17,-0.9659,-0.2588,33.75,594.83,213.44,6.05,6.17
2025-09-26 18:00,18,-1.0,-0.0,31.59,555.27,15.4,3.06,6.1318
2025-09-26 19:00,19,-0.9659,0.2588,32.01,462.5,0.0,2.37,5.4235
2025-09-26 20:00,20,-0.866,0.5,27.35,411.86,16.26,3.11,4.5795
2025-09-26 21:00,21,-0.7071,0.7071,26.52,451.59,13.82,10.15,4.3931
2025-09-26 22:00,22,-0.5,0.866,23.74,517.97,0.0,8.2,4.3275
2025-09-26 23:00,23,-0.2588,0.9659,23.25,575.04,29.04,2.7,4.8952
2025-09-27 00:00,0,0.0,1.0,22.03,499.24,1.94,1.94,4.2209
2025-09-27 01:00,1,0.2588,0.9659,24.7,430.19,27.56,3.7,3.8086
2025-09-27 02:00,2,0.5,0.866,21.95,403.19,44.84,5.21,3.4195
2025-09-27 03:00,3,0.7071,0.7071,23.39,450.71,0.0,7.81,3.6165
2025-09-27 04:00,4,0.866,0.5,23.23,515.19,16.12,10.12,3.9315
2025-09-27 05:00,5,0.9659,0.2588,22.85,569.29,0.0,6.49,4.9121
2025-09-27 06:00,6,1.0,0.0,25.75,502.57,0.0,5.26,4.7717
2025-09-27 07:00,7,0.9659,-0.2588,28.35,423.16,215.11,2.16,4.3236
2025-09-27 08:00,8,0.866,-0.5,27.19,404.62,390.93,1.53,4.4063
2025-09-27 09:00,9,0.7071,-0.7071,31.77,466.47,577.6,5.24,4.7032
2025-09-27 10:00,10,0.5,-0.866,30.73,542.45,750.91,4.84,5.3616
2025-09-27 11:00,11,0.2588,-0.9659,32.52,585.73,808.2,7.52,5.5526
2025-09-27 12:00,12,0.0,-1.0,34.99,563.34,867.76,3.43,6.119
2025-09-27 13:00,13,-0.2588,-0.9659,33.8,482.78,828.52,1.11,5.4421
2025-09-27 14:00,14,-0.5,-0.866,35.06,456.88,782.4,4.08,5.3033
2025-09-27 15:00,15,-0.7071,-0.7071,34.32,483.51,614.15,10.26,4.9385
2025-09-27 16:00,16,-0.866,-0.5,34.39,560.57,452.86,6.93,5.978
2025-09-27 17:00,17,-0.9659,-0.2588,29.67,557.32,230.04,1.02,5.9296
2025-09-27 18:00,18,-1.0,-0.0,29.26,535.39,7.78,7.93,5.6931
2025-09-27 19:00,19,-0.9659,0.2588,31.48,468.23,29.12,4.39,5.3695
2025-09-27 20:00,20,-0.866,0.5,30.56,454.3,16.72,3.7,5.1287
2025-09-27 21:00,21,-0.7071,0.7071,26.08,439.91,5.25,3.59,4.7155
2025-09-27 22:00,22,-0.5,0.866,25.63,504.24,5.14,5.23,4.681
2025-09-27 23:00,23,-0.2588,0.9659,25.2,590.06,13.46,4.78,4.7739
2025-09-28 00:00,0,0.0,1.0,24.84,518.7,0.0,5.69,4.2727
2025-09-28 01:00,1,0.2588,0.9659,20.16,452.35,0.0,5.08,3.6412
2025-09-28 02:00,2,0.5,0.866,21.67,408.88,35.64,2.17,3.5684
2025-09-28 03:00,3,0.7071,0.7071,22.71,446.85,46.61,3.0,3.8623
2025-09-28 04:00,4,0.866,0.5,24.86,520.53,0.0,7.46,4.6347
2025-09-28 05:00,5,0.9659,0.2588,28.51,537.51,0.0,5.74,4.9208
2025-09-28 06:00,6,1.0,0.0,25.66,518.01,28.56,4.24,4.9316
2025-09-28 07:00,7,0.9659,-0.2588,25.34,417.63,233.33,2.47,3.8925
2025-09-28 08:00,8,0.866,-0.5,29.6,410.21,441.91,0.5,4.774
2025-09-28 09:00,9,0.7071,-0.7071,32.53,462.89,623.46,3.36,5.4944
2025-09-28 10:00,10,0.5,-0.866,32.16,551.16,730.1,1.31,5.9564
2025-09-28 11:00,11,0.2588,-0.9659,31.88,586.07,829.29,4.46,5.6144
2025-09-28 12:00,12,0.0,-1.0,35.63,580.78,856.3,7.22,6.2275
2025-09-28 13:00,13,-0.2588,-0.9659,35.79,504.14,799.57,3.19,5.7275
2025-09-28 14:00,14,-0.5,-0.866,33.46,434.58,744.0,7.55,4.9472
2025-09-28 15:00,15,-0.7071,-0.7071,35.37,492.53,631.98,6.07,5.5125
2025-09-28 16:00,16,-0.866,-0.5,35.69,587.84,416.65,2.01,6.5889
2025-09-28 17:00,17,-0.9659,-0.2588,35.02,622.14,223.81,5.59,6.1865
2025-09-28 18:00,18,-1.0,-0.0,31.9,526.5,5.17,2.23,6.3181
2025-09-28 19:00,19,-0.9659,0.2588,30.02,430.66,0.0,5.67,4.9293
2025-09-28 20:00,20,-0.866,0.5,30.84,411.82,16.92,2.16,4.9211
2025-09-28 21:00,21,-0.7071,0.7071,25.63,453.18,0.0,3.88,4.6542
2025-09-28 22:00,22,-0.5,0.866,26.66,530.72,33.32,5.03,4.7681
2025-09-28 23:00,23,-0.2588,0.9659,22.7,536.13,15.66,1.25,4.8496
2025-09-29 00:00,0,0.0,1.0,25.4,517.11,0.0,2.24,4.906
2025-09-29 01:00,1,0.2588,0.9659,22.82,465.02,42.45,3.42,4.0563
2025-09-29 02:00,2,0.5,0.866,24.9,406.23,4.2,4.33,3.6526
2025-09-29 03:00,3,0.7071,0.7071,23.94,458.82,0.0,7.69,3.729
2025-09-29 04:00,4,0.866,0.5,21.97,527.48,27.61,2.5,4.5628
2025-09-29 05:00,5,0.9659,0.2588,26.89,536.35,12.37,3.59,4.7775
2025-09-29 06:00,6,1.0,0.0,28.33,512.27,0.0,4.42,5.0382
2025-09-29 07:00,7,0.9659,-0.2588,28.77,444.19,206.85,3.26,4.7772
2025-09-29 08:00,8,0.866,-0.5,27.86,401.56,431.98,5.45,4.1217
2025-09-29 09:00,9,0.7071,-0.7071,30.09,468.0,547.05,2.99,4.8371
2025-09-29 10:00,10,0.5,-0.866,32.22,552.38,738.25,6.69,5.2282
2025-09-29 11:00,11,0.2588,-0.9659,32.19,539.45,824.99,4.61,5.5463
2025-09-29 12:00,12,0.0,-1.0,36.73,562.68,820.41,1.65,5.9588
2025-09-29 13:00,13,-0.2588,-0.9659,35.01,460.79,827.8,5.46,5.033
2025-09-29 14:00,14,-0.5,-0.866,30.94,426.19,736.31,5.05,4.5557
2025-09-29 15:00,15,-0.7071,-0.7071,35.3,499.54,571.26,3.54,5.871
2025-09-29 16:00,16,-0.866,-0.5,33.67,562.14,447.99,0.58,6.6071
2025-09-29 17:00,17,-0.9659,-0.2588,33.13,576.66,240.94,2.6,6.7037
2025-09-29 18:00,18,-1.0,-0.0,31.45,550.19,0.0,3.97,6.4702
2025-09-29 19:00,19,-0.9659,0.2588,31.76,478.35,0.0,2.6,5.4913
2025-09-29 20:00,20,-0.866,0.5,30.68,402.61,18.16,5.11,4.7177
2025-09-29 21:00,21,-0.7071,0.7071,27.87,415.51,0.0,6.14,4.2432
2025-09-29 22:00,22,-0.5,0.866,25.49,512.5,0.0,7.66,4.8335
2025-09-29 23:00,23,-0.2588,0.9659,24.7,576.88,12.17,5.61,5.1145
2025-09-30 00:00,0,0.0,1.0,23.83,538.0,0.0,5.94,4.461
2025-09-30 01:00,1,0.2588,0.9659,22.0,445.95,0.0,5.33,3.5841
2025-09-30 02:00,2,0.5,0.866,23.87,389.05,36.45,11.32,2.2625
2025-09-30 03:00,3,0.7071,0.7071,23.89,450.8,0.0,3.02,3.7628
2025-09-30 04:00,4,0.866,0.5,26.11,505.71,0.04,3.06,4.2503
2025-09-30 05:00,5,0.9659,0.2588,26.64,538.49,12.74,2.02,4.7706
2025-09-30 06:00,6,1.0,0.0,24.97,480.34,12.63,4.48,4.948
2025-09-30 07:00,7,0.9659,-0.2588,28.68,444.46,197.02,1.75,4.5014
2025-09-30 08:00,8,0.866,-0.5,27.57,390.55,423.49,3.09,3.9913
2025-09-30 09:00,9,0.7071,-0.7071,31.6,467.72,601.94,4.47,4.6556
2025-09-30 10:00,10,0.5,-0.866,31.23,503.81,742.92,9.78,5.1983
2025-09-30 11:00,11,0.2588,-0.9659,31.71,582.21,828.27,10.02,5.2391
2025-09-30 12:00,12,0.0,-1.0,34.62,528.96,914.69,6.42,5.5737
2025-09-30 13:00,13,-0.2588,-0.9659,30.78,476.09,791.64,3.86,5.2353
2025-09-30 14:00,14,-0.5,-0.866,32.37,442.82,760.62,7.79,4.4402
2025-09-30 15:00,15,-0.7071,-0.7071,34.53,485.55,630.63,7.94,5.6393
2025-09-30 16:00,16,-0.866,-0.5,34.32,571.5,437.32,8.54,6.0287
2025-09-30 17:00,17,-0.9659,-0.2588,32.69,572.84,203.74,5.56,6.1813
2025-09-30 18:00,18,-1.0,-0.0,29.63,526.63,41.62,2.61,6.3087
2025-09-30 19:00,19,-0.9659,0.2588,29.33,460.03,0.0,1.7,5.3639
2025-09-30 20:00,20,-0.866,0.5,29.59,366.28,0.0,8.63,4.0963
2025-09-30 21:00,21,-0.7071,0.7071,28.32,433.35,29.29,1.31,4.7253
2025-09-30 22:00,22,-0.5,0.866,25.98,512.16,0.0,3.26,5.0761
2025-09-30 23:00,23,-0.2588,0.9659,26.49,547.06,39.91,4.49,4.987
2025-10-01 00:00,0,0.0,1.0,20.4,534.36,0.0,0.82,4.6381
2025-10-01 01:00,1,0.2588,0.9659,18.08,420.64,0.0,8.47,2.8644
2025-10-01 02:00,2,0.5,0.866,18.58,390.68,0.0,3.2,3.2199
2025-10-01 03:00,3,0.7071,0.7071,17.1,408.76,10.43,0.94,3.3076
2025-10-01 04:00,4,0.866,0.5,19.64,535.15,0.0,12.36,3.9555
2025-10-01 05:00,5,0.9659,0.2588,22.43,546.31,0.0,3.36,4.4557
2025-10-01 06:00,6,1.0,0.0,23.03,505.92,35.51,7.96,4.6525
2025-10-01 07:00,7,0.9659,-0.2588,25.55,436.71,257.83,4.28,4.5244
2025-10-01 08:00,8,0.866,-0.5,24.55,409.54,414.64,5.74,3.7706
2025-10-01 09:00,9,0.7071,-0.7071,28.57,447.29,558.3,2.89,4.6104
2025-10-01 10:00,10,0.5,-0.866,27.71,552.22,682.18,4.6,5.0903
2025-10-01 11:00,11,0.2588,-0.9659,31.45,584.41,827.02,3.0,5.8639
2025-10-01 12:00,12,0.0,-1.0,30.16,522.83,866.4,9.55,5.1688
2025-10-01 13:00,13,-0.2588,-0.9659,31.86,459.93,822.61,1.38,5.5505
2025-10-01 14:00,14,-0.5,-0.866,33.21,435.81,734.35,3.12,5.135
2025-10-01 15:00,15,-0.7071,-0.7071,30.51,435.02,580.93,8.22,5.052
2025-10-01 16:00,16,-0.866,-0.5,30.52,533.29,441.37,4.45,6.0128
2025-10-01 17:00,17,-0.9659,-0.2588,31.18,587.16,261.95,5.27,6.1268
2025-10-01 18:00,18,-1.0,-0.0,27.8,503.3,0.0,5.65,5.5136
2025-10-01 19:00,19,-0.9659,0.2588,24.57,425.39,0.0,1.49,5.2501
2025-10-01 20:00,20,-0.866,0.5,28.21,424.46,0.0,0.74,5.219
2025-10-01 21:00,21,-0.7071,0.7071,22.74,416.1,0.0,9.17,4.0375
2025-10-01 22:00,22,-0.5,0.866,22.24,481.48,0.0,3.1,4.9695
2025-10-01 23:00,23,-0.2588,0.9659,22.49,532.71,9.49,3.8,4.6869
2025-10-02 00:00,0,0.0,1.0,18.89,489.39,10.12,5.89,3.878
2025-10-02 01:00,1,0.2588,0.9659,17.69,443.29,36.51,2.86,3.8492
2025-10-02 02:00,2,0.5,0.866,19.38,394.59,0.22,6.32,3.5302
2025-10-02 03:00,3,0.7071,0.7071,16.51,434.2,0.0,4.31,3.2821
2025-10-02 04:00,4,0.866,0.5,19.37,529.79,0.0,7.66,3.9847
2025-10-02 05:00,5,0.9659,0.2588,21.12,539.63,0.0,3.14,4.4625
2025-10-02 06:00,6,1.0,0.0,21.6,524.13,0.0,2.63,4.8717
2025-10-02 07:00,7,0.9659,-0.2588,21.13,460.17,234.51,7.34,4.1253
2025-10-02 08:00,8,0.866,-0.5,27.39,393.17,429.85,3.46,3.9848
2025-10-02 09:00,9,0.7071,-0.7071,26.71,448.56,615.73,4.01,4.6697
2025-10-02 10:00,10,0.5,-0.866,30.15,526.05,727.18,6.91,4.8979
2025-10-02 11:00,11,0.2588,-0.9659,28.85,570.68,840.8,5.53,5.2228
2025-10-02 12:00,12,0.0,-1.0,28.88,495.94,839.66,4.2,5.294
2025-10-02 13:00,13,-0.2588,-0.9659,31.2,438.41,848.95,2.95,4.8645
2025-10-02 14:00,14,-0.5,-0.866,30.68,415.54,744.74,6.61,4.3855
2025-10-02 15:00,15,-0.7071,-0.7071,29.03,432.4,595.87,2.45,5.2608
2025-10-02 16:00,16,-0.866,-0.5,32.4,539.96,430.3,8.93,5.5836
2025-10-02 17:00,17,-0.9659,-0.2588,28.31,549.18,219.55,2.22,6.2642
2025-10-02 18:00,18,-1.0,-0.0,25.24,523.3,39.9,7.03,5.5088
2025-10-02 19:00,19,-0.9659,0.2588,28.55,435.75,6.14,4.09,4.6955
2025-10-02 20:00,20,-0.866,0.5,24.24,387.64,0.0,2.5,4.6646
2025-10-02 21:00,21,-0.7071,0.7071,22.54,432.23,0.0,3.95,4.6549
2025-10-02 22:00,22,-0.5,0.866,19.35,500.96,21.08,2.75,4.6132
2025-10-02 23:00,23,-0.2588,0.9659,23.37,535.99,17.7,2.1,4.9845
2025-10-03 00:00,0,0.0,1.0,17.87,488.3,0.0,2.88,3.9321
2025-10-03 01:00,1,0.2588,0.9659,19.29,438.54,0.0,7.82,3.2158
2025-10-03 02:00,2,0.5,0.866,20.37,391.47,0.0,1.84,3.5508
2025-10-03 03:00,3,0.7071,0.7071,19.84,451.99,0.0,10.43,3.4424
2025-10-03 04:00,4,0.866,0.5,19.71,490.79,33.72,0.5,4.4752
2025-10-03 05:00,5,0.9659,0.2588,18.2,541.87,0.0,5.7,4.226
2025-10-03 06:00,6,1.0,0.0,20.79,539.69,0.0,7.66,4.3686
2025-10-03 07:00,7,0.9659,-0.2588,23.73,423.41,175.98,9.07,3.505
2025-10-03 08:00,8,0.866,-0.5,23.82,396.45,462.84,2.17,4.171
2025-10-03 09:00,9,0.7071,-0.7071,26.86,419.26,615.27,6.02,4.036
2025-10-03 10:00,10,0.5,-0.866,29.02,500.45,756.02,1.85,5.0446
2025-10-03 11:00,11,0.2588,-0.9659,30.69,594.7,845.08,3.63,6.0768
2025-10-03 12:00,12,0.0,-1.0,28.36,517.92,845.88,6.31,5.132
2025-10-03 13:00,13,-0.2588,-0.9659,34.09,488.23,823.15,3.58,5.5272
2025-10-03 14:00,14,-0.5,-0.866,32.15,407.77,773.34,3.37,5.0824
2025-10-03 15:00,15,-0.7071,-0.7071,30.79,465.22,605.53,1.93,5.7406
2025-10-03 16:00,16,-0.866,-0.5,31.83,560.5,439.69,1.44,5.9349
2025-10-03 17:00,17,-0.9659,-0.2588,32.79,605.57,241.76,1.92,6.5389
2025-10-03 18:00,18,-1.0,-0.0,25.84,522.52,16.07,7.94,5.2852
2025-10-03 19:00,19,-0.9659,0.2588,26.22,420.56,0.0,0.58,4.8819
2025-10-03 20:00,20,-0.866,0.5,21.43,404.7,0.0,5.98,4.0279
2025-10-03 21:00,21,-0.7071,0.7071,23.74,447.51,19.44,6.65,3.9101
2025-10-03 22:00,22,-0.5,0.866,22.55,485.58,19.4,5.04,4.5146
2025-10-03 23:00,23,-0.2588,0.9659,20.7,533.18,29.21,6.3,4.1606
2025-10-04 00:00,0,0.0,1.0,18.82,525.82,13.78,5.65,4.0957
2025-10-04 01:00,1,0.2588,0.9659,16.13,450.64,14.92,4.29,3.4574
2025-10-04 02:00,2,0.5,0.866,19.56,376.77,0.0,3.82,3.3287
2025-10-04 03:00,3,0.7071,0.7071,21.39,449.43,0.0,9.26,2.9303
2025-10-04 04:00,4,0.866,0.5,18.92,513.93,19.52,10.4,3.7599
2025-10-04 05:00,5,0.9659,0.2588,21.42,561.72,0.0,5.65,4.5824
2025-10-04 06:00,6,1.0,0.0,19.65,502.98,0.0,2.58,4.6359
2025-10-04 07:00,7,0.9659,-0.2588,24.13,447.18,254.47,4.24,4.0193
2025-10-04 08:00,8,0.866,-0.5,24.41,412.66,455.51,4.56,4.0924
2025-10-04 09:00,9,0.7071,-0.7071,25.41,432.23,608.59,6.55,4.3373
2025-10-04 10:00,10,0.5,-0.866,26.86,512.77,728.72,5.77,4.8278
2025-10-04 11:00,11,0.2588,-0.9659,28.65,545.49,817.95,4.68,5.1018
2025-10-04 12:00,12,0.0,-1.0,30.77,559.43,871.69,5.87,5.2925
2025-10-04 13:00,13,-0.2588,-0.9659,28.83,442.31,820.12,0.86,5.1759
2025-10-04 14:00,14,-0.5,-0.866,30.4,405.4,722.16,6.73,4.7146
2025-10-04 15:00,15,-0.7071,-0.7071,30.73,448.63,631.44,2.68,5.3333
2025-10-04 16:00,16,-0.866,-0.5,28.55,518.78,429.54,5.68,5.4798
2025-10-04 17:00,17,-0.9659,-0.2588,31.94,592.8,205.56,1.91,6.6004
2025-10-04 18:00,18,-1.0,-0.0,26.72,492.46,11.97,1.92,5.635
2025-10-04 19:00,19,-0.9659,0.2588,25.55,465.21,24.28,1.05,5.1857
2025-10-04 20:00,20,-0.866,0.5,23.53,404.63,0.0,8.54,4.1657
2025-10-04 21:00,21,-0.7071,0.7071,26.14,444.5,0.0,5.3,4.5307
2025-10-04 22:00,22,-0.5,0.866,22.83,511.04,0.0,3.69,4.8908
2025-10-04 23:00,23,-0.2588,0.9659,19.35,550.29,11.31,6.85,4.4948
2025-10-05 00:00,0,0.0,1.0,21.46,510.28,15.8,5.46,4.1825
2025-10-05 01:00,1,0.2588,0.9659,19.51,452.77,0.0,5.41,3.7146
2025-10-05 02:00,2,0.5,0.866,19.39,399.88,0.0,4.49,3.1127
2025-10-05 03:00,3,0.7071,0.7071,18.69,449.01,25.79,0.5,3.871
2025-10-05 04:00,4,0.866,0.5,18.68,505.99,0.0,3.01,4.249
2025-10-05 05:00,5,0.9659,0.2588,21.26,552.93,6.78,1.87,4.5312
2025-10-05 06:00,6,1.0,0.0,21.18,500.44,0.0,5.73,4.4798
2025-10-05 07:00,7,0.9659,-0.2588,26.17,455.75,224.06,2.94,4.3714
2025-10-05 08:00,8,0.866,-0.5,23.1,387.49,466.28,4.25,3.6108
2025-10-05 09:00,9,0.7071,-0.7071,28.86,439.48,677.0,3.63,4.3686
2025-10-05 10:00,10,0.5,-0.866,27.83,507.78,695.29,2.16,5.1179
2025-10-05 11:00,11,0.2588,-0.9659,29.69,558.22,845.63,9.81,4.7084
2025-10-05 12:00,12,0.0,-1.0,31.45,550.9,846.09,9.05,5.3742
2025-10-05 13:00,13,-0.2588,-0.9659,29.85,447.55,847.23,1.64,5.103
2025-10-05 14:00,14,-0.5,-0.866,32.3,455.28,760.05,7.29,5.335
2025-10-05 15:00,15,-0.7071,-0.7071,26.73,425.22,636.28,4.5,4.7904
2025-10-05 16:00,16,-0.866,-0.5,29.12,523.97,432.12,6.7,5.5895
2025-10-05 17:00,17,-0.9659,-0.2588,27.86,538.36,197.76,2.23,5.7809
2025-10-05 18:00,18,-1.0,-0.0,26.12,518.81,23.19,2.07,5.5203
2025-10-05 19:00,19,-0.9659,0.2588,26.23,437.26,2.95,8.18,4.736
2025-10-05 20:00,20,-0.866,0.5,25.58,397.67,0.0,8.31,3.8913
2025-10-05 21:00,21,-0.7071,0.7071,24.5,455.33,0.0,4.36,4.6384
2025-10-05 22:00,22,-0.5,0.866,22.36,502.68,25.16,7.86,4.5519
2025-10-05 23:00,23,-0.2588,0.9659,19.76,558.8,40.08,5.77,4.5885
2025-10-06 00:00,0,0.0,1.0,20.36,500.97,0.0,2.49,4.3551
2025-10-06 01:00,1,0.2588,0.9659,19.39,439.19,15.55,3.47,3.6838
2025-10-06 02:00,2,0.5,0.866,20.4,382.07,0.0,2.1,3.3537
2025-10-06 03:00,3,0.7071,0.7071,20.37,427.56,0.0,6.71,3.3902
2025-10-06 04:00,4,0.866,0.5,19.85,511.27,3.69,11.29,3.5458
2025-10-06 05:00,5,0.9659,0.2588,19.41,577.22,0.0,4.89,4.4098
2025-10-06 06:00,6,1.0,0.0,21.02,514.01,0.0,5.68,4.482
2025-10-06 07:00,7,0.9659,-0.2588,22.62,462.32,200.45,6.44,4.3774
2025-10-06 08:00,8,0.866,-0.5,24.53,403.3,399.31,2.77,3.8948
2025-10-06 09:00,9,0.7071,-0.7071,26.95,431.69,584.87,3.52,4.7
2025-10-06 10:00,10,0.5,-0.866,29.07,544.17,702.97,4.01,5.5277
2025-10-06 11:00,11,0.2588,-0.9659,29.17,565.88,811.16,5.23,5.4523
2025-10-06 12:00,12,0.0,-1.0,30.22,520.62,832.17,7.58,5.1422
2025-10-06 13:00,13,-0.2588,-0.9659,31.01,468.64,830.43,2.98,5.1526
2025-10-06 14:00,14,-0.5,-0.866,30.23,413.42,750.96,4.39,4.7939
2025-10-06 15:00,15,-0.7071,-0.7071,29.41,418.92,607.54,6.49,4.6403
2025-10-06 16:00,16,-0.866,-0.5,27.56,526.54,419.11,1.66,5.7973
2025-10-06 17:00,17,-0.9659,-0.2588,28.2,568.02,213.44,4.66,5.9899
2025-10-06 18:00,18,-1.0,-0.0,28.71,545.75,0.0,2.17,6.4787
2025-10-06 19:00,19,-0.9659,0.2588,25.5,443.83,0.0,4.84,4.9774
2025-10-06 20:00,20,-0.866,0.5,24.64,396.27,17.59,6.65,4.1081
2025-10-06 21:00,21,-0.7071,0.7071,24.15,450.02,0.0,2.86,4.5472
2025-10-06 22:00,22,-0.5,0.866,22.78,525.25,0.0,7.57,4.2869
2025-10-06 23:00,23,-0.2588,0.9659,19.14,574.57,0.0,3.51,4.5669
2025-10-07 00:00,0,0.0,1.0,21.3,511.83,14.98,2.53,4.5296
2025-10-07 01:00,1,0.2588,0.9659,20.9,435.02,0.0,4.35,3.5459
2025-10-07 02:00,2,0.5,0.866,17.31,389.27,0.31,7.95,2.7285
2025-10-07 03:00,3,0.7071,0.7071,17.97,445.56,8.57,1.47,3.6491
2025-10-07 04:00,4,0.866,0.5,21.59,489.28,0.0,3.46,4.068
2025-10-07 05:00,5,0.9659,0.2588,20.54,561.64,0.0,5.66,4.8084
2025-10-07 06:00,6,1.0,0.0,18.67,521.32,0.0,3.66,4.5608
2025-10-07 07:00,7,0.9659,-0.2588,21.35,446.28,232.85,1.49,4.2557
2025-10-07 08:00,8,0.866,-0.5,24.63,402.07,429.56,3.49,4.069
2025-10-07 09:00,9,0.7071,-0.7071,24.81,460.49,615.05,7.21,4.209
2025-10-07 10:00,10,0.5,-0.866,27.38,525.58,709.14,10.21,4.4428
2025-10-07 11:00,11,0.2588,-0.9659,29.29,551.22,781.32,1.11,5.3504
2025-10-07 12:00,12,0.0,-1.0,32.39,538.78,852.11,5.05,5.7434
2025-10-07 13:00,13,-0.2588,-0.9659,30.36,443.18,790.3,1.83,5.3154
2025-10-07 14:00,14,-0.5,-0.866,32.61,445.14,714.49,5.87,5.1357
2025-10-07 15:00,15,-0.7071,-0.7071,32.94,462.01,624.35,0.5,5.8352
2025-10-07 16:00,16,-0.866,-0.5,32.35,563.53,429.73,0.67,6.7605
2025-10-07 17:00,17,-0.9659,-0.2588,29.67,583.2,205.79,6.74,5.8933
2025-10-07 18:00,18,-1.0,-0.0,25.06,499.31,0.0,1.53,5.4102
2025-10-07 19:00,19,-0.9659,0.2588,27.24,434.72,15.52,3.32,5.1401
2025-10-07 20:00,20,-0.866,0.5,26.57,400.25,5.3,9.79,3.7753
2025-10-07 21:00,21,-0.7071,0.7071,23.33,450.76,0.0,11.29,3.8975
2025-10-07 22:00,22,-0.5,0.866,24.62,536.64,0.0,2.31,4.9475
2025-10-07 23:00,23,-0.2588,0.9659,22.05,524.72,47.05,4.99,4.5043
2025-10-08 00:00,0,0.0,1.0,20.66,507.73,0.0,4.98,4.0191
2025-10-08 01:00,1,0.2588,0.9659,20.83,433.51,13.19,4.27,3.8631
2025-10-08 02:00,2,0.5,0.866,19.5,378.99,37.77,8.85,2.66
2025-10-08 03:00,3,0.7071,0.7071,15.47,430.22,3.69,6.51,3.2875
2025-10-08 04:00,4,0.866,0.5,19.06,518.92,0.0,6.61,3.8819
2025-10-08 05:00,5,0.9659,0.2588,22.55,545.82,0.0,3.08,4.9057
2025-10-08 06:00,6,1.0,0.0,20.79,489.33,0.0,4.15,4.2147
2025-10-08 07:00,7,0.9659,-0.2588,23.11,480.61,229.41,4.5,4.4113
2025-10-08 08:00,8,0.866,-0.5,23.43,403.99,461.27,3.28,4.2496
2025-10-08 09:00,9,0.7071,-0.7071,29.23,449.01,591.15,1.74,4.8174
2025-10-08 10:00,10,0.5,-0.866,30.52,516.21,722.23,2.02,5.5568
2025-10-08 11:00,11,0.2588,-0.9659,27.92,553.91,838.47,2.46,5.3939
2025-10-08 12:00,12,0.0,-1.0,30.42,529.37,832.85,2.62,5.399
2025-10-08 13:00,13,-0.2588,-0.9659,29.77,423.37,827.9,2.9,4.8692
2025-10-08 14:00,14,-0.5,-0.866,31.92,415.33,737.17,2.99,5.1434
2025-10-08 15:00,15,-0.7071,-0.7071,31.56,477.9,590.8,4.29,5.0419
2025-10-08 16:00,16,-0.866,-0.5,31.41,568.97,424.61,4.64,6.1685
2025-10-08 17:00,17,-0.9659,-0.2588,29.74,569.43,264.07,3.34,5.9189
2025-10-08 18:00,18,-1.0,-0.0,32.4,564.27,15.11,8.48,5.7151
2025-10-08 19:00,19,-0.9659,0.2588,25.01,435.16,27.31,4.94,4.8501
2025-10-08 20:00,20,-0.866,0.5,22.43,398.7,0.0,6.84,4.3052
2025-10-08 21:00,21,-0.7071,0.7071,22.86,453.86,27.4,8.83,4.0792
2025-10-08 22:00,22,-0.5,0.866,19.65,537.44,15.98,2.32,4.4246
2025-10-08 23:00,23,-0.2588,0.9659,18.52,569.52,0.0,4.11,4.4281
2025-10-09 00:00,0,0.0,1.0,18.3,496.5,13.49,4.14,3.8664
2025-10-09 01:00,1,0.2588,0.9659,17.82,436.5,0.0,3.64,3.5624
2025-10-09 02:00,2,0.5,0.866,17.57,404.16,0.0,0.52,3.5061
2025-10-09 03:00,3,0.7071,0.7071,19.98,433.6,3.24,7.16,3.4903
2025-10-09 04:00,4,0.866,0.5,19.04,518.32,13.48,1.89,4.5501
2025-10-09 05:00,5,0.9659,0.2588,20.49,562.31,3.79,12.78,4.1151
2025-10-09 06:00,6,1.0,0.0,23.34,527.54,0.0,6.7,4.8041
2025-10-09 07:00,7,0.9659,-0.2588,22.3,462.79,211.73,5.12,4.1717
2025-10-09 08:00,8,0.866,-0.5,24.6,395.06,486.66,2.25,4.7063
2025-10-09 09:00,9,0.7071,-0.7071,27.1,417.04,571.48,4.68,4.3736
2025-10-09 10:00,10,0.5,-0.866,25.09,517.87,757.94,3.03,5.027
2025-10-09 11:00,11,0.2588,-0.9659,25.67,578.26,821.42,2.97,5.7519
2025-10-09 12:00,12,0.0,-1.0,30.72,527.07,828.64,7.32,5.1736
2025-10-09 13:00,13,-0.2588,-0.9659,31.53,476.07,819.83,3.81,5.0892
2025-10-09 14:00,14,-0.5,-0.866,34.1,459.21,701.3,4.26,5.6365
2025-10-09 15:00,15,-0.7071,-0.7071,31.03,464.63,586.15,7.48,5.3451
2025-10-09 16:00,16,-0.866,-0.5,31.43,540.01,423.83,1.67,6.1342
2025-10-09 17:00,17,-0.9659,-0.2588,28.95,543.74,181.22,5.23,6.1968
2025-10-09 18:00,18,-1.0,-0.0,28.45,481.84,12.66,5.11,5.4267
2025-10-09 19:00,19,-0.9659,0.2588,29.05,429.25,0.0,4.09,5.2268
2025-10-09 20:00,20,-0.866,0.5,21.81,394.15,0.0,7.32,4.2387
2025-10-09 21:00,21,-0.7071,0.7071,24.07,453.96,0.0,9.31,4.1236
2025-10-09 22:00,22,-0.5,0.866,25.2,510.95,54.4,4.35,4.7562
2025-10-09 23:00,23,-0.2588,0.9659,21.18,542.21,0.0,4.29,4.7387
2025-10-10 00:00,0,0.0,1.0,22.28,499.14,10.9,4.59,4.1016
2025-10-10 01:00,1,0.2588,0.9659,18.26,447.35,0.0,6.23,3.2617
2025-10-10 02:00,2,0.5,0.866,18.95,420.38,0.0,5.78,3.5797
2025-10-10 03:00,3,0.7071,0.7071,19.25,453.45,15.1,2.76,3.8525
2025-10-10 04:00,4,0.866,0.5,16.48,521.59,13.87,1.41,4.1514
2025-10-10 05:00,5,0.9659,0.2588,19.01,527.87,0.0,9.5,4.006
2025-10-10 06:00,6,1.0,0.0,20.35,507.22,0.0,3.03,4.6923
2025-10-10 07:00,7,0.9659,-0.2588,24.68,466.71,235.55,5.55,4.0217
2025-10-10 08:00,8,0.866,-0.5,26.31,416.83,438.81,7.3,4.1059
2025-10-10 09:00,9,0.7071,-0.7071,27.04,414.44,593.92,3.29,4.4041
2025-10-10 10:00,10,0.5,-0.866,29.24,521.56,747.17,5.52,5.3181
2025-10-10 11:00,11,0.2588,-0.9659,29.0,563.42,809.89,1.86,5.5572
2025-10-10 12:00,12,0.0,-1.0,32.0,533.06,829.32,10.3,5.3225
2025-10-10 13:00,13,-0.2588,-0.9659,30.81,425.33,821.14,1.35,5.0242
2025-10-10 14:00,14,-0.5,-0.866,31.09,426.18,749.1,4.18,4.9646
2025-10-10 15:00,15,-0.7071,-0.7071,30.4,444.86,608.77,4.83,5.1381
2025-10-10 16:00,16,-0.866,-0.5,31.22,526.52,437.73,6.88,6.0177
2025-10-10 17:00,17,-0.9659,-0.2588,28.61,549.57,200.98,1.98,5.8359
2025-10-10 18:00,18,-1.0,-0.0,29.46,522.21,39.55,4.19,5.9011
2025-10-10 19:00,19,-0.9659,0.2588,24.85,437.36,0.0,3.28,4.9095
2025-10-10 20:00,20,-0.866,0.5,23.35,386.74,0.0,3.36,4.2714
2025-10-10 21:00,21,-0.7071,0.7071,24.48,434.2,0.0,6.76,4.31
2025-10-10 22:00,22,-0.5,0.866,21.87,486.14,0.0,0.5,4.8758
2025-10-10 23:00,23,-0.2588,0.9659,20.08,554.67,13.31,6.47,4.4755
2025-10-11 00:00,0,0.0,1.0,21.14,469.66,19.06,7.09,3.9683
2025-10-11 01:00,1,0.2588,0.9659,18.29,433.16,39.05,8.37,3.0821
2025-10-11 02:00,2,0.5,0.866,18.7,413.79,13.01,5.46,3.2554
2025-10-11 03:00,3,0.7071,0.7071,21.3,421.61,6.92,3.5,3.4635
2025-10-11 04:00,4,0.866,0.5,22.11,523.25,0.0,4.11,4.8111
2025-10-11 05:00,5,0.9659,0.2588,23.12,567.34,0.0,10.29,4.3898
2025-10-11 06:00,6,1.0,0.0,21.58,462.88,24.26,8.03,3.9189
2025-10-11 07:00,7,0.9659,-0.2588,25.29,435.23,243.77,4.34,4.3738
2025-10-11 08:00,8,0.866,-0.5,23.58,356.86,398.07,9.31,3.5306
2025-10-11 09:00,9,0.7071,-0.7071,25.19,435.73,619.12,7.24,3.8855
2025-10-11 10:00,10,0.5,-0.866,24.47,512.39,752.38,8.37,4.6613
2025-10-11 11:00,11,0.2588,-0.9659,31.75,542.78,793.19,5.89,5.2892
2025-10-11 12:00,12,0.0,-1.0,28.9,548.57,863.51,7.68,5.4052
2025-10-11 13:00,13,-0.2588,-0.9659,30.61,462.64,794.8,8.2,4.6664
2025-10-11 14:00,14,-0.5,-0.866,29.63,400.34,675.39,1.71,5.0975
2025-10-11 15:00,15,-0.7071,-0.7071,31.84,490.19,597.04,10.08,5.0858
2025-10-11 16:00,16,-0.866,-0.5,29.63,498.63,431.45,3.5,5.3596
2025-10-11 17:00,17,-0.9659,-0.2588,27.29,531.56,217.12,4.19,5.4223
2025-10-11 18:00,18,-1.0,-0.0,28.66,483.31,71.68,6.89,5.1187
2025-10-11 19:00,19,-0.9659,0.2588,24.4,464.52,9.47,5.75,5.0507
2025-10-11 20:00,20,-0.866,0.5,23.74,404.99,3.68,8.22,3.6602
2025-10-11 21:00,21,-0.7071,0.7071,20.29,447.39,10.74,3.93,4.2929
2025-10-11 22:00,22,-0.5,0.866,19.86,517.02,0.0,3.76,4.5369
2025-10-11 23:00,23,-0.2588,0.9659,21.03,558.61,23.24,0.99,4.515
2025-10-12 00:00,0,0.0,1.0,16.86,513.67,9.03,4.34,3.8045
2025-10-12 01:00,1,0.2588,0.9659,16.98,441.56,7.88,6.24,3.1417
2025-10-12 02:00,2,0.5,0.866,19.0,401.61,0.0,3.29,3.3925
2025-10-12 03:00,3,0.7071,0.7071,18.39,428.37,0.0,4.34,3.7706
2025-10-12 04:00,4,0.866,0.5,22.79,511.8,0.0,2.74,4.6996
2025-10-12 05:00,5,0.9659,0.2588,23.51,554.1,7.07,6.7,4.5555
2025-10-12 06:00,6,1.0,0.0,20.7,514.16,0.0,1.37,4.6136
2025-10-12 07:00,7,0.9659,-0.2588,24.28,415.33,227.29,6.08,3.6405
2025-10-12 08:00,8,0.866,-0.5,26.12,379.83,419.19,3.8,3.9237
2025-10-12 09:00,9,0.7071,-0.7071,25.66,453.74,611.81,1.13,4.4531
2025-10-12 10:00,10,0.5,-0.866,25.76,507.9,711.7,7.62,4.5654
2025-10-12 11:00,11,0.2588,-0.9659,29.22,568.56,825.86,4.5,5.4324
2025-10-12 12:00,12,0.0,-1.0,29.94,511.61,833.98,5.26,5.0636
2025-10-12 13:00,13,-0.2588,-0.9659,30.14,432.54,782.58,6.31,4.6184
2025-10-12 14:00,14,-0.5,-0.866,31.66,416.65,731.99,5.67,4.6781
2025-10-12 15:00,15,-0.7071,-0.7071,29.67,447.52,639.45,6.3,4.8083
2025-10-12 16:00,16,-0.866,-0.5,28.47,506.27,388.54,6.59,5.6667
2025-10-12 17:00,17,-0.9659,-0.2588,29.41,580.66,222.98,5.19,6.1691
2025-10-12 18:00,18,-1.0,-0.0,28.58,519.82,19.94,3.71,5.8977
2025-10-12 19:00,19,-0.9659,0.2588,24.79,465.23,57.5,2.9,5.2431
2025-10-12 20:00,20,-0.866,0.5,26.39,406.07,0.0,8.4,4.3902
2025-10-12 21:00,21,-0.7071,0.7071,20.79,401.31,0.0,10.3,3.7812
2025-10-12 22:00,22,-0.5,0.866,21.13,528.34,0.0,3.66,4.7614
2025-10-12 23:00,23,-0.2588,0.9659,20.37,527.36,28.51,1.9,4.579
2025-10-13 00:00,0,0.0,1.0,18.85,515.96,0.0,2.76,4.108
2025-10-13 01:00,1,0.2588,0.9659,18.36,425.88,0.0,5.8,3.1607
2025-10-13 02:00,2,0.5,0.866,21.81,432.14,0.0,2.4,3.9896
2025-10-13 03:00,3,0.7071,0.7071,17.93,459.09,22.1,6.77,3.4172
2025-10-13 04:00,4,0.866,0.5,23.47,501.37,28.96,8.81,3.6992
2025-10-13 05:00,5,0.9659,0.2588,21.41,548.09,21.14,10.01,3.7804
2025-10-13 06:00,6,1.0,0.0,22.14,516.17,0.0,0.53,5.3714
2025-10-13 07:00,7,0.9659,-0.2588,24.16,450.45,235.17,9.8,3.6849
2025-10-13 08:00,8,0.866,-0.5,28.79,406.8,383.18,6.39,4.0404
2025-10-13 09:00,9,0.7071,-0.7071,25.06,422.13,602.49,1.63,4.6135
2025-10-13 10:00,10,0.5,-0.866,26.32,501.74,741.25,4.03,4.5623
2025-10-13 11:00,11,0.2588,-0.9659,28.11,550.82,828.79,6.04,5.2394
2025-10-13 12:00,12,0.0,-1.0,30.24,548.97,863.37,9.74,5.4119
2025-10-13 13:00,13,-0.2588,-0.9659,28.21,445.57,820.84,2.33,5.356
2025-10-13 14:00,14,-0.5,-0.866,31.03,412.67,687.06,2.03,4.9865
2025-10-13 15:00,15,-0.7071,-0.7071,33.34,489.91,614.42,4.4,5.57
2025-10-13 16:00,16,-0.866,-0.5,30.42,526.08,427.44,10.21,5.2303
2025-10-13 17:00,17,-0.9659,-0.2588,28.8,569.79,197.43,10.37,5.5957
2025-10-13 18:00,18,-1.0,-0.0,27.07,550.41,0.0,2.8,6.2468
2025-10-13 19:00,19,-0.9659,0.2588,27.9,432.12,38.5,3.41,4.7184
2025-10-13 20:00,20,-0.866,0.5,23.76,412.02,30.78,8.5,4.1743
2025-10-13 21:00,21,-0.7071,0.7071,26.22,426.32,17.65,6.34,4.2202
2025-10-13 22:00,22,-0.5,0.866,24.9,510.82,0.0,10.42,4.5245
2025-10-13 23:00,23,-0.2588,0.9659,21.14,550.44,0.0,8.22,4.552
2025-10-14 00:00,0,0.0,1.0,19.79,509.59,19.12,2.71,4.1431
2025-10-14 01:00,1,0.2588,0.9659,20.75,474.45,9.17,6.57,3.6899
2025-10-14 02:00,2,0.5,0.866,20.64,395.4,0.0,1.23,3.7744
2025-10-14 03:00,3,0.7071,0.7071,18.0,446.3,28.12,7.18,3.5211
2025-10-14 04:00,4,0.866,0.5,19.01,483.55,21.2,5.28,3.3689
2025-10-14 05:00,5,0.9659,0.2588,18.77,556.48,4.4,9.72,4.3124
2025-10-14 06:00,6,1.0,0.0,22.61,529.63,0.88,9.87,4.6846
2025-10-14 07:00,7,0.9659,-0.2588,24.45,429.59,221.27,1.26,4.4728
2025-10-14 08:00,8,0.866,-0.5,22.98,362.35,442.0,2.3,3.9757
2025-10-14 09:00,9,0.7071,-0.7071,25.87,436.92,579.6,4.48,4.5785
2025-10-14 10:00,10,0.5,-0.866,25.98,512.76,746.77,8.0,4.5944
2025-10-14 11:00,11,0.2588,-0.9659,27.89,560.86,798.02,7.14,5.2984
2025-10-14 12:00,12,0.0,-1.0,31.02,566.84,883.41,10.04,5.1667
2025-10-14 13:00,13,-0.2588,-0.9659,29.7,445.36,834.34,5.4,4.7659
2025-10-14 14:00,14,-0.5,-0.866,30.55,407.55,718.92,2.99,4.7747
2025-10-14 15:00,15,-0.7071,-0.7071,28.35,422.83,603.06,0.88,5.1553
2025-10-14 16:00,16,-0.866,-0.5,30.48,535.28,403.66,2.76,6.3337
2025-10-14 17:00,17,-0.9659,-0.2588,29.18,566.6,257.6,5.83,5.6947
2025-10-14 18:00,18,-1.0,-0.0,26.91,504.32,40.57,8.88,5.3047
2025-10-14 19:00,19,-0.9659,0.2588,26.27,449.18,17.41,3.42,5.0963
2025-10-14 20:00,20,-0.866,0.5,25.27,406.98,38.92,7.94,4.4305
2025-10-14 21:00,21,-0.7071,0.7071,22.22,438.15,3.79,3.9,4.6262
2025-10-14 22:00,22,-0.5,0.866,19.79,498.96,19.09,3.34,4.193
2025-10-14 23:00,23,-0.2588,0.9659,23.47,542.77,30.62,4.64,4.4998
2025-10-15 00:00,0,0.0,1.0,18.85,476.05,0.0,4.2,3.7589
2025-10-15 01:00,1,0.2588,0.9659,19.06,441.04,1.78,8.61,3.1549
2025-10-15 02:00,2,0.5,0.866,20.52,400.4,23.34,4.37,3.2791
2025-10-15 03:00,3,0.7071,0.7071,24.5,440.33,16.16,3.13,4.0621
2025-10-15 04:00,4,0.866,0.5,17.94,520.06,0.0,7.48,3.7204
2025-10-15 05:00,5,0.9659,0.2588,21.43,555.79,0.0,14.22,3.8151
2025-10-15 06:00,6,1.0,0.0,20.94,510.84,0.0,5.62,4.296
2025-10-15 07:00,7,0.9659,-0.2588,22.64,438.23,167.57,2.95,4.3988
2025-10-15 08:00,8,0.866,-0.5,23.92,378.94,400.22,2.87,3.9388
2025-10-15 09:00,9,0.7071,-0.7071,24.86,428.74,579.18,1.34,4.3974
2025-10-15 10:00,10,0.5,-0.866,27.94,513.26,721.91,1.56,5.0129
2025-10-15 11:00,11,0.2588,-0.9659,27.03,538.96,841.55,8.64,4.4626
2025-10-15 12:00,12,0.0,-1.0,31.62,554.33,875.94,1.75,6.0761
2025-10-15 13:00,13,-0.2588,-0.9659,30.88,450.64,833.76,4.48,4.893
2025-10-15 14:00,14,-0.5,-0.866,31.63,432.31,751.93,6.02,5.4096
2025-10-15 15:00,15,-0.7071,-0.7071,30.1,456.02,617.44,7.58,5.0736
2025-10-15 16:00,16,-0.866,-0.5,29.65,536.86,362.58,2.38,6.3559
2025-10-15 17:00,17,-0.9659,-0.2588,29.67,576.9,220.25,4.17,6.3353
2025-10-15 18:00,18,-1.0,-0.0,26.25,522.91,0.0,2.96,5.7816
2025-10-15 19:00,19,-0.9659,0.2588,26.02,405.91,12.73,2.99,4.6579
2025-10-15 20:00,20,-0.866,0.5,23.71,417.91,0.0,3.31,4.3068
2025-10-15 21:00,21,-0.7071,0.7071,22.11,460.41,0.0,5.17,4.5618
2025-10-15 22:00,22,-0.5,0.866,18.84,505.27,13.69,0.71,4.6172
2025-10-15 23:00,23,-0.2588,0.9659,22.77,553.55,0.0,3.99,4.8474
2025-10-16 00:00,0,0.0,1.0,18.77,499.14,24.04,2.5,4.2698
2025-10-16 01:00,1,0.2588,0.9659,20.95,408.27,12.67,10.16,3.0982
2025-10-16 02:00,2,0.5,0.866,20.6,388.92,9.52,5.14,3.1536
2025-10-16 03:00,3,0.7071,0.7071,17.28,429.4,17.45,7.83,3.3385
2025-10-16 04:00,4,0.866,0.5,18.17,507.18,0.0,2.57,4.151
2025-10-16 05:00,5,0.9659,0.2588,24.6,535.62,3.8,7.09,4.5669
2025-10-16 06:00,6,1.0,0.0,24.63,501.5,0.25,4.03,4.8784
2025-10-16 07:00,7,0.9659,-0.2588,23.4,437.33,219.68,2.43,4.3101
2025-10-16 08:00,8,0.866,-0.5,25.39,388.45,408.2,6.58,3.4498
2025-10-16 09:00,9,0.7071,-0.7071,25.61,445.65,569.98,6.59,4.423
2025-10-16 10:00,10,0.5,-0.866,28.65,527.91,727.7,12.89,4.7124
2025-10-16 11:00,11,0.2588,-0.9659,28.17,587.04,811.24,6.78,4.9658
2025-10-16 12:00,12,0.0,-1.0,27.15,529.39,831.58,2.18,5.1301
2025-10-16 13:00,13,-0.2588,-0.9659,28.81,447.65,842.34,3.43,5.2813
2025-10-16 14:00,14,-0.5,-0.866,31.03,414.95,706.82,4.26,4.9479
2025-10-16 15:00,15,-0.7071,-0.7071,29.1,450.7,596.75,2.02,5.2653
2025-10-16 16:00,16,-0.866,-0.5,30.1,534.16,454.16,6.85,5.4788
2025-10-16 17:00,17,-0.9659,-0.2588,27.63,542.3,242.72,4.76,5.5179
2025-10-16 18:00,18,-1.0,-0.0,26.83,524.26,30.41,9.35,5.2412
2025-10-16 19:00,19,-0.9659,0.2588,27.83,416.53,0.0,5.19,4.9984
2025-10-16 20:00,20,-0.866,0.5,25.37,396.33,19.61,4.73,4.3324
2025-10-16 21:00,21,-0.7071,0.7071,23.43,445.84,0.0,1.5,4.7216
2025-10-16 22:00,22,-0.5,0.866,23.32,508.19,0.0,2.21,5.1075
2025-10-16 23:00,23,-0.2588,0.9659,21.48,546.9,0.0,7.57,4.2195
2025-10-17 00:00,0,0.0,1.0,21.97,510.43,0.0,11.89,3.7539
2025-10-17 01:00,1,0.2588,0.9659,18.51,424.97,0.0,4.03,3.6627
2025-10-17 02:00,2,0.5,0.866,18.36,417.61,0.0,7.09,2.9746
2025-10-17 03:00,3,0.7071,0.7071,17.25,422.23,0.0,5.47,3.3206
2025-10-17 04:00,4,0.866,0.5,19.16,517.27,21.41,9.83,4.1206
2025-10-17 05:00,5,0.9659,0.2588,22.2,556.2,0.0,2.87,4.7896
2025-10-17 06:00,6,1.0,0.0,23.95,498.27,5.04,4.88,4.8181
2025-10-17 07:00,7,0.9659,-0.2588,24.89,438.6,224.09,3.99,4.2696
2025-10-17 08:00,8,0.866,-0.5,22.31,386.36,426.37,4.86,4.0846
2025-10-17 09:00,9,0.7071,-0.7071,28.18,459.79,603.36,3.08,4.3572
2025-10-17 10:00,10,0.5,-0.866,25.24,495.42,728.49,4.56,4.6858
2025-10-17 11:00,11,0.2588,-0.9659,30.59,560.91,856.5,5.45,5.0644
2025-10-17 12:00,12,0.0,-1.0,29.64,507.29,869.02,1.6,5.2092
2025-10-17 13:00,13,-0.2588,-0.9659,31.85,447.93,821.5,6.41,4.7186
2025-10-17 14:00,14,-0.5,-0.866,29.0,431.88,724.95,6.09,4.6778
2025-10-17 15:00,15,-0.7071,-0.7071,32.55,482.06,598.07,8.02,4.9841
2025-10-17 16:00,16,-0.866,-0.5,28.0,514.6,435.44,4.1,5.5259
2025-10-17 17:00,17,-0.9659,-0.2588,28.24,542.07,257.49,1.39,6.0877
2025-10-17 18:00,18,-1.0,-0.0,26.5,526.11,0.0,4.33,5.3764
2025-10-17 19:00,19,-0.9659,0.2588,23.92,425.14,16.49,2.12,4.7092
2025-10-17 20:00,20,-0.866,0.5,25.14,411.9,28.17,5.62,4.8538
2025-10-17 21:00,21,-0.7071,0.7071,26.16,424.41,0.0,1.21,4.7133
2025-10-17 22:00,22,-0.5,0.866,26.0,502.83,0.0,3.76,4.4011
2025-10-17 23:00,23,-0.2588,0.9659,20.9,561.37,0.0,1.62,4.56
2025-10-18 00:00,0,0.0,1.0,21.48,525.46,10.76,0.5,4.6475
2025-10-18 01:00,1,0.2588,0.9659,19.55,446.46,0.0,9.89,3.2422
2025-10-18 02:00,2,0.5,0.866,19.75,384.25,0.0,12.96,2.4733
2025-10-18 03:00,3,0.7071,0.7071,18.69,430.8,0.0,4.95,3.9034
2025-10-18 04:00,4,0.866,0.5,20.1,514.85,18.0,2.87,4.8361
2025-10-18 05:00,5,0.9659,0.2588,21.56,537.26,5.73,8.56,4.2121
2025-10-18 06:00,6,1.0,0.0,21.13,533.06,5.77,8.81,4.5372
2025-10-18 07:00,7,0.9659,-0.2588,23.33,401.47,224.01,7.64,3.8779
2025-10-18 08:00,8,0.866,-0.5,24.91,388.32,439.31,4.88,4.0891
2025-10-18 09:00,9,0.7071,-0.7071,27.79,429.86,594.49,1.53,4.4692
2025-10-18 10:00,10,0.5,-0.866,26.4,469.84,778.64,1.67,5.1281
2025-10-18 11:00,11,0.2588,-0.9659,29.17,538.38,790.17,8.29,4.9768
2025-10-18 12:00,12,0.0,-1.0,33.06,562.39,806.85,7.94,5.5842
2025-10-18 13:00,13,-0.2588,-0.9659,32.54,474.29,775.82,4.15,5.2903
2025-10-18 14:00,14,-0.5,-0.866,33.02,463.79,684.13,3.47,5.3903
2025-10-18 15:00,15,-0.7071,-0.7071,30.83,483.34,617.87,5.59,5.3425
2025-10-18 16:00,16,-0.866,-0.5,30.68,540.42,438.78,7.05,5.4035
2025-10-18 17:00,17,-0.9659,-0.2588,30.75,576.67,250.19,6.31,5.6121
2025-10-18 18:00,18,-1.0,-0.0,30.34,532.21,0.0,5.38,5.8306
2025-10-18 19:00,19,-0.9659,0.2588,23.63,397.67,18.64,2.82,4.4113
2025-10-18 20:00,20,-0.866,0.5,23.03,379.08,1.42,3.03,4.3412
2025-10-18 21:00,21,-0.7071,0.7071,25.41,439.01,4.16,6.24,4.401
2025-10-18 22:00,22,-0.5,0.866,21.58,521.74,15.64,7.01,4.363
2025-10-18 23:00,23,-0.2588,0.9659,19.75,554.35,0.0,1.93,4.9986
2025-10-19 00:00,0,0.0,1.0,17.92,499.11,64.68,2.5,4.0094
2025-10-19 01:00,1,0.2588,0.9659,18.37,451.56,33.3,5.87,3.1567
2025-10-19 02:00,2,0.5,0.866,16.9,422.24,0.0,3.86,3.3006
2025-10-19 03:00,3,0.7071,0.7071,22.34,451.57,0.0,5.01,4.0468
2025-10-19 04:00,4,0.866,0.5,19.77,527.34,0.0,5.37,3.8283
2025-10-19 05:00,5,0.9659,0.2588,20.67,541.61,4.56,6.73,4.3588
2025-10-19 06:00,6,1.0,0.0,22.88,528.64,26.64,7.04,4.664
2025-10-19 07:00,7,0.9659,-0.2588,24.89,439.69,190.78,3.15,4.9346
2025-10-19 08:00,8,0.866,-0.5,26.42,407.67,432.14,4.86,4.3433
2025-10-19 09:00,9,0.7071,-0.7071,28.16,444.29,562.82,2.0,4.7384
2025-10-19 10:00,10,0.5,-0.866,27.05,510.68,747.03,7.47,4.7449
2025-10-19 11:00,11,0.2588,-0.9659,28.8,543.47,818.35,7.52,4.6481
2025-10-19 12:00,12,0.0,-1.0,31.35,538.07,898.42,3.28,5.2803
2025-10-19 13:00,13,-0.2588,-0.9659,30.0,468.34,782.39,2.3,5.3613
2025-10-19 14:00,14,-0.5,-0.866,30.99,417.32,770.39,1.48,5.0852
2025-10-19 15:00,15,-0.7071,-0.7071,31.39,478.05,558.44,5.09,5.4475
2025-10-19 16:00,16,-0.866,-0.5,31.37,550.55,391.82,1.7,6.2071
2025-10-19 17:00,17,-0.9659,-0.2588,26.58,545.52,178.07,5.88,5.6675
2025-10-19 18:00,18,-1.0,-0.0,29.07,541.91,6.26,5.86,5.8371
2025-10-19 19:00,19,-0.9659,0.2588,26.2,432.17,0.0,5.37,4.5812
2025-10-19 20:00,20,-0.866,0.5,26.06,422.64,0.0,7.96,4.2793
2025-10-19 21:00,21,-0.7071,0.7071,24.61,444.01,5.07,3.79,4.2322
2025-10-19 22:00,22,-0.5,0.866,24.41,512.26,11.29,8.39,4.2466
2025-10-19 23:00,23,-0.2588,0.9659,22.79,536.68,1.0,1.07,5.0745
2025-10-20 00:00,0,0.0,1.0,21.82,511.18,0.0,1.9,4.4021
2025-10-20 01:00,1,0.2588,0.9659,21.37,434.44,45.72,4.01,3.7641
2025-10-20 02:00,2,0.5,0.866,19.44,381.13,3.65,5.22,3.1516
2025-10-20 03:00,3,0.7071,0.7071,19.25,434.24,20.14,1.0,3.7178
2025-10-20 04:00,4,0.866,0.5,21.11,500.44,3.57,5.03,3.9332
2025-10-20 05:00,5,0.9659,0.2588,21.86,558.79,0.0,3.33,4.7383
2025-10-20 06:00,6,1.0,0.0,21.54,532.09,13.75,8.12,4.4598
2025-10-20 07:00,7,0.9659,-0.2588,24.05,419.1,203.6,4.8,4.2006
2025-10-20 08:00,8,0.866,-0.5,24.95,425.68,422.73,5.18,4.1392
2025-10-20 09:00,9,0.7071,-0.7071,25.27,435.57,608.68,9.39,4.0079
2025-10-20 10:00,10,0.5,-0.866,29.94,513.36,687.59,6.61,4.6567
2025-10-20 11:00,11,0.2588,-0.9659,29.33,571.97,780.8,4.18,5.7069
2025-10-20 12:00,12,0.0,-1.0,33.27,547.96,872.74,4.43,5.3854
2025-10-20 13:00,13,-0.2588,-0.9659,28.36,439.13,804.44,5.62,4.869
2025-10-20 14:00,14,-0.5,-0.866,30.16,411.25,720.71,2.6,5.0359
2025-10-20 15:00,15,-0.7071,-0.7071,30.84,448.01,605.2,1.68,4.9949
2025-10-20 16:00,16,-0.866,-0.5,31.9,554.58,415.36,3.36,6.2552
2025-10-20 17:00,17,-0.9659,-0.2588,29.84,560.44,230.44,6.75,6.0358
2025-10-20 18:00,18,-1.0,-0.0,28.47,494.68,0.0,3.0,5.9505
2025-10-20 19:00,19,-0.9659,0.2588,24.86,445.77,4.97,2.06,4.8879
2025-10-20 20:00,20,-0.866,0.5,23.26,381.92,0.0,2.73,4.324
2025-10-20 21:00,21,-0.7071,0.7071,23.93,420.2,4.84,5.86,4.2715
2025-10-20 22:00,22,-0.5,0.866,19.95,530.39,27.63,5.37,4.5749
2025-10-20 23:00,23,-0.2588,0.9659,19.96,532.05,0.0,5.94,4.3537
2025-10-21 00:00,0,0.0,1.0,20.56,477.75,22.88,3.43,3.9233
2025-10-21 01:00,1,0.2588,0.9659,17.73,446.84,0.0,8.36,3.4274
2025-10-21 02:00,2,0.5,0.866,21.41,395.44,18.36,4.26,3.5929
2025-10-21 03:00,3,0.7071,0.7071,21.04,434.24,3.22,4.67,3.6144
2025-10-21 04:00,4,0.866,0.5,17.45,507.78,0.0,9.48,3.4756
2025-10-21 05:00,5,0.9659,0.2588,19.36,553.48,8.74,10.83,3.9172
2025-10-21 06:00,6,1.0,0.0,18.57,501.21,30.34,5.72,4.4823
2025-10-21 07:00,7,0.9659,-0.2588,22.27,459.64,225.9,9.36,4.0607
2025-10-21 08:00,8,0.866,-0.5,26.15,377.86,436.96,4.86,3.8852
2025-10-21 09:00,9,0.7071,-0.7071,25.93,444.17,591.83,3.33,4.4053
2025-10-21 10:00,10,0.5,-0.866,28.69,527.66,775.39,3.38,4.7694
2025-10-21 11:00,11,0.2588,-0.9659,26.96,538.61,837.05,4.98,5.0393
2025-10-21 12:00,12,0.0,-1.0,31.39,524.29,851.94,5.3,5.0661
2025-10-21 13:00,13,-0.2588,-0.9659,29.96,468.46,817.97,4.19,5.0808
2025-10-21 14:00,14,-0.5,-0.866,31.02,409.28,760.57,8.07,4.757
2025-10-21 15:00,15,-0.7071,-0.7071,30.66,449.65,585.89,4.1,5.0114
2025-10-21 16:00,16,-0.866,-0.5,28.29,528.12,380.43,3.11,5.8265
2025-10-21 17:00,17,-0.9659,-0.2588,27.51,550.52,221.81,0.5,6.3114
2025-10-21 18:00,18,-1.0,-0.0,29.45,497.16,29.75,10.33,5.2357
2025-10-21 19:00,19,-0.9659,0.2588,27.15,463.71,39.78,7.25,4.7612
2025-10-21 20:00,20,-0.866,0.5,26.58,392.05,0.0,5.38,4.3555
2025-10-21 21:00,21,-0.7071,0.7071,23.93,431.46,1.09,7.33,4.2905
2025-10-21 22:00,22,-0.5,0.866,22.21,516.34,12.99,7.09,4.4126
2025-10-21 23:00,23,-0.2588,0.9659,18.17,559.38,0.0,9.01,4.1078
2025-10-22 00:00,0,0.0,1.0,19.4,541.92,12.91,3.84,4.5611
2025-10-22 01:00,1,0.2588,0.9659,19.16,412.6,0.0,4.95,3.4556
2025-10-22 02:00,2,0.5,0.866,21.93,412.39,25.28,1.77,3.4725
2025-10-22 03:00,3,0.7071,0.7071,20.23,448.65,18.07,10.08,3.3931
2025-10-22 04:00,4,0.866,0.5,22.11,510.44,20.26,11.28,3.9616
2025-10-22 05:00,5,0.9659,0.2588,21.65,561.81,0.0,6.86,4.3135
2025-10-22 06:00,6,1.0,0.0,20.93,526.51,48.15,4.28,4.148
2025-10-22 07:00,7,0.9659,-0.2588,23.62,416.77,232.09,4.56,3.8224
2025-10-22 08:00,8,0.866,-0.5,25.35,426.25,431.18,4.16,4.1895
2025-10-22 09:00,9,0.7071,-0.7071,25.14,414.12,582.02,3.24,4.4252
2025-10-22 10:00,10,0.5,-0.866,27.42,495.47,733.69,4.76,4.6051
2025-10-22 11:00,11,0.2588,-0.9659,28.93,553.55,823.9,1.29,5.6724
2025-10-22 12:00,12,0.0,-1.0,32.6,578.21,830.31,12.07,4.6599
2025-10-22 13:00,13,-0.2588,-0.9659,27.67,432.88,813.73,4.09,4.7322
2025-10-22 14:00,14,-0.5,-0.866,32.81,437.99,731.98,8.91,4.6984
2025-10-22 15:00,15,-0.7071,-0.7071,29.39,470.1,602.44,6.24,5.5034
2025-10-22 16:00,16,-0.866,-0.5,28.14,509.1,380.93,3.22,5.2608
2025-10-22 17:00,17,-0.9659,-0.2588,31.01,556.42,216.61,2.76,6.1932
2025-10-22 18:00,18,-1.0,-0.0,29.1,515.02,0.0,12.83,4.75
2025-10-22 19:00,19,-0.9659,0.2588,28.43,461.54,0.0,6.69,4.9052
2025-10-22 20:00,20,-0.866,0.5,26.2,401.06,25.88,2.95,4.2022
2025-10-22 21:00,21,-0.7071,0.7071,26.54,466.46,51.31,1.45,5.3248
2025-10-22 22:00,22,-0.5,0.866,22.84,523.57,16.96,6.01,4.4495
2025-10-22 23:00,23,-0.2588,0.9659,20.52,540.33,0.0,3.3,4.5138
2025-10-23 00:00,0,0.0,1.0,20.32,513.27,0.0,2.75,4.2891
2025-10-23 01:00,1,0.2588,0.9659,21.07,424.7,14.9,6.34,3.1974
2025-10-23 02:00,2,0.5,0.866,17.83,389.97,12.08,5.86,3.2424
2025-10-23 03:00,3,0.7071,0.7071,18.23,504.69,24.68,4.46,4.0477
2025-10-23 04:00,4,0.866,0.5,19.34,527.78,0.0,9.3,4.0713
2025-10-23 05:00,5,0.9659,0.2588,17.6,562.92,0.0,5.87,4.1558
2025-10-23 06:00,6,1.0,0.0,22.21,503.15,43.81,8.23,4.4643
2025-10-23 07:00,7,0.9659,-0.2588,20.62,461.04,221.46,2.53,4.5015
2025-10-23 08:00,8,0.866,-0.5,25.08,416.49,399.58,3.26,4.1865
2025-10-23 09:00,9,0.7071,-0.7071,27.85,465.72,637.92,1.83,4.9394
2025-10-23 10:00,10,0.5,-0.866,27.28,540.0,698.72,3.31,5.2616
2025-10-23 11:00,11,0.2588,-0.9659,31.76,557.88,733.66,10.39,4.8565
2025-10-23 12:00,12,0.0,-1.0,28.01,495.9,869.23,9.98,4.5128
2025-10-23 13:00,13,-0.2588,-0.9659,32.58,459.1,843.8,6.57,4.8424
2025-10-23 14:00,14,-0.5,-0.866,32.01,417.94,746.47,4.72,4.9189
2025-10-23 15:00,15,-0.7071,-0.7071,28.22,444.12,568.48,6.78,5.0489
2025-10-23 16:00,16,-0.866,-0.5,34.26,554.1,423.53,4.94,5.7905
2025-10-23 17:00,17,-0.9659,-0.2588,29.15,590.27,213.04,0.5,6.3852
2025-10-23 18:00,18,-1.0,-0.0,26.68,541.07,0.0,4.59,5.6053
2025-10-23 19:00,19,-0.9659,0.2588,24.44,437.4,35.3,5.26,4.5339
2025-10-23 20:00,20,-0.866,0.5,24.67,429.33,0.0,3.06,4.4871
2025-10-23 21:00,21,-0.7071,0.7071,23.26,459.82,7.9,2.62,4.599
2025-10-23 22:00,22,-0.5,0.866,22.15,505.74,29.85,3.11,4.6732
2025-10-23 23:00,23,-0.2588,0.9659,20.31,519.86,9.54,5.44,4.3116
2025-10-24 00:00,0,0.0,1.0,20.75,509.23,31.03,2.19,4.3434
2025-10-24 01:00,1,0.2588,0.9659,18.62,427.83,14.09,6.21,3.432
2025-10-24 02:00,2,0.5,0.866,16.1,403.1,10.73,4.08,3.623
2025-10-24 03:00,3,0.7071,0.7071,18.98,438.84,9.17,3.63,3.6497
2025-10-24 04:00,4,0.866,0.5,16.25,513.45,15.34,7.06,3.9662
2025-10-24 05:00,5,0.9659,0.2588,21.29,557.86,0.0,4.62,4.8747
2025-10-24 06:00,6,1.0,0.0,20.53,494.31,0.0,3.79,4.8166
2025-10-24 07:00,7,0.9659,-0.2588,23.69,443.67,243.85,7.98,4.0495
2025-10-24 08:00,8,0.866,-0.5,26.97,393.41,454.04,3.73,3.9351
2025-10-24 09:00,9,0.7071,-0.7071,25.13,440.5,607.34,7.7,4.09
2025-10-24 10:00,10,0.5,-0.866,29.59,539.6,722.41,4.61,5.2702
2025-10-24 11:00,11,0.2588,-0.9659,28.59,536.37,782.09,2.66,5.5374
2025-10-24 12:00,12,0.0,-1.0,32.83,546.89,852.15,5.36,5.3558
2025-10-24 13:00,13,-0.2588,-0.9659,30.25,453.7,787.31,3.19,5.3335
2025-10-24 14:00,14,-0.5,-0.866,29.74,406.2,698.9,2.19,4.9329
2025-10-24 15:00,15,-0.7071,-0.7071,31.83,481.61,600.52,1.65,5.8175
2025-10-24 16:00,16,-0.866,-0.5,29.54,514.03,405.91,2.89,5.8139
2025-10-24 17:00,17,-0.9659,-0.2588,27.98,541.67,228.63,6.35,5.6614
2025-10-24 18:00,18,-1.0,-0.0,27.28,501.85,0.0,7.42,5.3891
2025-10-24 19:00,19,-0.9659,0.2588,26.49,453.88,0.0,7.74,4.9051
2025-10-24 20:00,20,-0.866,0.5,27.01,392.61,0.0,3.09,4.9469
2025-10-24 21:00,21,-0.7071,0.7071,20.55,444.4,0.0,5.72,3.6969
2025-10-24 22:00,22,-0.5,0.866,22.03,542.14,0.0,2.81,4.9575
2025-10-24 23:00,23,-0.2588,0.9659,21.69,548.88,0.0,5.43,4.5304
2025-10-25 00:00,0,0.0,1.0,20.09,529.18,0.0,8.12,3.9476
2025-10-25 01:00,1,0.2588,0.9659,21.17,462.57,0.0,1.12,3.6069
2025-10-25 02:00,2,0.5,0.866,18.89,415.41,0.0,11.29,2.9799
2025-10-25 03:00,3,0.7071,0.7071,18.93,437.25,6.01,7.29,3.3135
2025-10-25 04:00,4,0.866,0.5,20.69,522.13,0.0,6.59,3.9692
2025-10-25 05:00,5,0.9659,0.2588,20.91,530.69,10.64,5.96,4.3811
2025-10-25 06:00,6,1.0,0.0,21.41,500.8,0.0,6.67,4.2811
2025-10-25 07:00,7,0.9659,-0.2588,24.22,428.43,192.19,12.57,3.2359
2025-10-25 08:00,8,0.866,-0.5,24.02,433.61,422.17,6.67,4.0163
2025-10-25 09:00,9,0.7071,-0.7071,25.64,425.31,618.22,3.62,4.3721
2025-10-25 10:00,10,0.5,-0.866,27.21,500.09,757.81,5.37,4.6184
2025-10-25 11:00,11,0.2588,-0.9659,31.27,560.52,861.35,3.53,5.5897
2025-10-25 12:00,12,0.0,-1.0,25.36,520.9,840.59,10.3,4.5799
2025-10-25 13:00,13,-0.2588,-0.9659,31.39,466.75,817.85,8.35,5.0206
2025-10-25 14:00,14,-0.5,-0.866,31.05,440.71,710.3,5.04,4.9851
2025-10-25 15:00,15,-0.7071,-0.7071,28.27,449.76,569.7,6.78,5.0424
2025-10-25 16:00,16,-0.866,-0.5,30.66,513.08,430.71,8.53,5.3004
2025-10-25 17:00,17,-0.9659,-0.2588,29.96,553.54,200.6,2.91,6.5141
2025-10-25 18:00,18,-1.0,-0.0,28.88,540.06,30.81,5.12,5.7342
2025-10-25 19:00,19,-0.9659,0.2588,22.58,434.45,0.0,4.46,4.5205
2025-10-25 20:00,20,-0.866,0.5,27.05,417.81,12.16,6.68,4.4154
2025-10-25 21:00,21,-0.7071,0.7071,22.34,435.25,0.0,3.8,4.1482
2025-10-25 22:00,22,-0.5,0.866,23.03,497.99,0.0,6.11,4.1297
2025-10-25 23:00,23,-0.2588,0.9659,21.87,545.45,13.48,3.95,4.7519
2025-10-26 00:00,0,0.0,1.0,18.49,497.98,0.0,1.89,3.5423
2025-10-26 01:00,1,0.2588,0.9659,20.2,429.02,0.0,1.85,3.6083
2025-10-26 02:00,2,0.5,0.866,18.42,403.01,0.0,1.96,3.1882
2025-10-26 03:00,3,0.7071,0.7071,16.1,445.17,44.63,1.0,3.6768
2025-10-26 04:00,4,0.866,0.5,21.56,488.65,0.0,4.8,3.6698
2025-10-26 05:00,5,0.9659,0.2588,19.59,549.74,1.29,5.81,4.5475
2025-10-26 06:00,6,1.0,0.0,20.72,503.7,0.0,2.02,4.7962
2025-10-26 07:00,7,0.9659,-0.2588,22.84,427.77,225.53,5.35,3.6755
2025-10-26 08:00,8,0.866,-0.5,25.41,401.99,409.63,5.25,4.038
2025-10-26 09:00,9,0.7071,-0.7071,26.47,429.24,596.02,2.19,4.5657
2025-10-26 10:00,10,0.5,-0.866,28.82,539.81,745.97,3.96,5.386
2025-10-26 11:00,11,0.2588,-0.9659,27.23,567.82,799.46,6.52,4.8911
2025-10-26 12:00,12,0.0,-1.0,29.08,538.89,877.23,0.71,5.2533
2025-10-26 13:00,13,-0.2588,-0.9659,30.62,451.05,850.67,2.19,5.3911
2025-10-26 14:00,14,-0.5,-0.866,33.85,432.34,751.28,12.87,4.3226
2025-10-26 15:00,15,-0.7071,-0.7071,30.62,459.73,602.79,6.33,4.9793
2025-10-26 16:00,16,-0.866,-0.5,31.82,540.84,350.23,4.34,6.1394
2025-10-26 17:00,17,-0.9659,-0.2588,29.3,551.27,230.6,5.48,5.6067
2025-10-26 18:00,18,-1.0,-0.0,27.27,494.86,0.0,7.53,5.236
2025-10-26 19:00,19,-0.9659,0.2588,26.18,436.88,0.0,7.47,4.8416
2025-10-26 20:00,20,-0.866,0.5,24.75,393.94,0.0,3.45,4.1165
2025-10-26 21:00,21,-0.7071,0.7071,24.35,447.83,12.34,4.52,4.327
2025-10-26 22:00,22,-0.5,0.866,24.06,522.48,0.0,5.54,4.4152
2025-10-26 23:00,23,-0.2588,0.9659,21.3,566.51,2.96,1.5,4.7472
2025-10-27 00:00,0,0.0,1.0,21.58,493.61,22.62,9.39,3.9621
2025-10-27 01:00,1,0.2588,0.9659,17.76,443.52,0.0,4.14,3.8076
2025-10-27 02:00,2,0.5,0.866,18.38,389.09,30.4,3.74,3.2489
2025-10-27 03:00,3,0.7071,0.7071,18.12,419.19,0.0,8.48,3.198
2025-10-27 04:00,4,0.866,0.5,20.28,506.07,15.01,1.95,4.4404
2025-10-27 05:00,5,0.9659,0.2588,20.22,566.03,0.0,1.1,4.7995
2025-10-27 06:00,6,1.0,0.0,23.09,506.92,25.78,5.91,4.5559
2025-10-27 07:00,7,0.9659,-0.2588,22.05,460.98,241.9,3.83,4.0037
2025-10-27 08:00,8,0.866,-0.5,25.06,408.23,436.71,6.61,3.6953
2025-10-27 09:00,9,0.7071,-0.7071,27.58,431.59,591.21,1.47,4.587
2025-10-27 10:00,10,0.5,-0.866,24.9,529.9,701.07,3.83,4.7463
2025-10-27 11:00,11,0.2588,-0.9659,32.43,592.08,811.27,2.85,5.6598
2025-10-27 12:00,12,0.0,-1.0,29.77,512.68,877.76,6.38,4.8811
2025-10-27 13:00,13,-0.2588,-0.9659,27.76,465.38,824.29,2.79,5.2238
2025-10-27 14:00,14,-0.5,-0.866,31.24,429.79,697.3,4.3,5.3277
2025-10-27 15:00,15,-0.7071,-0.7071,30.85,460.55,572.92,7.19,5.0648
2025-10-27 16:00,16,-0.866,-0.5,30.07,516.25,456.33,8.64,5.4278
2025-10-27 17:00,17,-0.9659,-0.2588,30.73,589.53,232.19,6.23,6.0008
2025-10-27 18:00,18,-1.0,-0.0,29.12,529.23,0.0,4.12,5.4623
2025-10-27 19:00,19,-0.9659,0.2588,27.0,446.94,0.0,5.07,4.7786
2025-10-27 20:00,20,-0.866,0.5,25.68,392.39,0.0,5.95,4.197
2025-10-27 21:00,21,-0.7071,0.7071,23.29,450.01,0.0,7.93,4.1635
2025-10-27 22:00,22,-0.5,0.866,24.66,526.18,0.0,8.15,4.4849
2025-10-27 23:00,23,-0.2588,0.9659,18.54,539.97,61.29,8.99,3.8844
2025-10-28 00:00,0,0.0,1.0,20.01,491.25,0.0,7.1,3.6977
2025-10-28 01:00,1,0.2588,0.9659,19.3,446.22,0.0,2.19,3.8516
2025-10-28 02:00,2,0.5,0.866,20.22,376.4,32.8,6.45,2.748
2025-10-28 03:00,3,0.7071,0.7071,17.94,439.78,18.73,7.14,3.4528
2025-10-28 04:00,4,0.866,0.5,17.19,505.79,0.0,7.98,3.5998
2025-10-28 05:00,5,0.9659,0.2588,20.99,568.28,0.0,8.85,4.8271
2025-10-28 06:00,6,1.0,0.0,22.42,506.61,0.0,4.64,4.5266
2025-10-28 07:00,7,0.9659,-0.2588,25.68,454.11,213.3,5.67,4.234
2025-10-28 08:00,8,0.866,-0.5,23.09,392.29,431.09,0.54,4.016
2025-10-28 09:00,9,0.7071,-0.7071,28.28,454.78,628.67,5.07,4.3892
2025-10-28 10:00,10,0.5,-0.866,31.55,571.81,720.62,4.4,5.6824
2025-10-28 11:00,11,0.2588,-0.9659,28.68,539.39,816.29,9.96,4.805
2025-10-28 12:00,12,0.0,-1.0,28.26,518.96,826.27,8.38,5.0772
2025-10-28 13:00,13,-0.2588,-0.9659,30.19,496.21,826.67,6.95,5.1158
2025-10-28 14:00,14,-0.5,-0.866,31.02,425.17,755.72,1.33,5.1386
2025-10-28 15:00,15,-0.7071,-0.7071,31.64,467.56,616.78,3.94,5.4336
2025-10-28 16:00,16,-0.866,-0.5,29.31,534.8,395.75,6.0,5.8882
2025-10-28 17:00,17,-0.9659,-0.2588,31.58,579.22,223.67,0.95,6.6345
2025-10-28 18:00,18,-1.0,-0.0,26.33,486.89,0.0,2.85,5.588
2025-10-28 19:00,19,-0.9659,0.2588,23.94,454.48,25.28,8.13,4.6493
2025-10-28 20:00,20,-0.866,0.5,26.66,369.96,0.0,2.05,4.2361
2025-10-28 21:00,21,-0.7071,0.7071,20.04,431.25,0.0,1.26,4.8342
2025-10-28 22:00,22,-0.5,0.866,21.69,530.61,0.0,5.13,4.6874
2025-10-28 23:00,23,-0.2588,0.9659,25.43,544.65,11.46,9.41,4.5334
2025-10-29 00:00,0,0.0,1.0,19.79,502.09,6.1,7.38,3.8347
2025-10-29 01:00,1,0.2588,0.9659,17.52,450.69,0.0,10.55,2.6183
2025-10-29 02:00,2,0.5,0.866,18.91,387.23,0.0,6.51,2.9907
2025-10-29 03:00,3,0.7071,0.7071,19.13,419.17,0.0,4.17,3.4903
2025-10-29 04:00,4,0.866,0.5,20.04,516.62,0.0,9.41,3.6852
2025-10-29 05:00,5,0.9659,0.2588,21.75,547.26,0.0,4.1,4.5143
2025-10-29 06:00,6,1.0,0.0,20.44,493.84,24.25,3.61,4.3718
2025-10-29 07:00,7,0.9659,-0.2588,25.98,447.05,197.47,4.24,4.582
2025-10-29 08:00,8,0.866,-0.5,25.37,406.97,428.06,7.13,4.1189
2025-10-29 09:00,9,0.7071,-0.7071,27.64,432.1,602.4,8.69,4.0912
2025-10-29 10:00,10,0.5,-0.866,27.06,508.13,759.76,3.66,4.7831
2025-10-29 11:00,11,0.2588,-0.9659,31.17,582.43,848.27,4.33,5.553
2025-10-29 12:00,12,0.0,-1.0,29.81,544.84,867.4,8.32,5.1177
2025-10-29 13:00,13,-0.2588,-0.9659,31.21,458.95,829.86,1.21,5.317
2025-10-29 14:00,14,-0.5,-0.866,29.6,422.62,709.91,6.81,4.7576
2025-10-29 15:00,15,-0.7071,-0.7071,29.3,456.38,574.32,4.28,5.0807
2025-10-29 16:00,16,-0.866,-0.5,31.23,551.52,403.86,3.78,6.1346
2025-10-29 17:00,17,-0.9659,-0.2588,28.58,555.21,238.79,4.23,5.9971
2025-10-29 18:00,18,-1.0,-0.0,26.72,498.82,1.83,4.05,5.4607
2025-10-29 19:00,19,-0.9659,0.2588,25.59,430.56,21.72,6.54,4.2896
2025-10-29 20:00,20,-0.866,0.5,26.05,405.14,25.07,8.92,3.9354
2025-10-29 21:00,21,-0.7071,0.7071,22.5,464.78,0.0,4.52,4.7516
2025-10-29 22:00,22,-0.5,0.866,21.82,505.24,0.8,7.35,3.9205
2025-10-29 23:00,23,-0.2588,0.9659,20.78,562.07,0.0,6.31,4.7487
2025-10-30 00:00,0,0.0,1.0,16.93,507.58,0.0,3.48,3.6571
2025-10-30 01:00,1,0.2588,0.9659,17.0,439.16,0.0,5.17,3.221
2025-10-30 02:00,2,0.5,0.866,19.5,422.73,29.62,5.77,3.2546
2025-10-30 03:00,3,0.7071,0.7071,18.1,448.96,1.3,0.85,4.2083
2025-10-30 04:00,4,0.866,0.5,21.39,493.88,0.33,3.91,4.2031
2025-10-30 05:00,5,0.9659,0.2588,22.21,541.41,0.0,12.19,4.0213
2025-10-30 06:00,6,1.0,0.0,23.08,531.34,16.88,5.54,4.5143
2025-10-30 07:00,7,0.9659,-0.2588,26.18,439.63,194.87,3.51,4.5543
2025-10-30 08:00,8,0.866,-0.5,24.88,382.77,436.37,2.95,3.8853
2025-10-30 09:00,9,0.7071,-0.7071,27.53,425.22,613.1,2.67,4.4002
2025-10-30 10:00,10,0.5,-0.866,27.12,523.05,725.81,3.94,4.9405
2025-10-30 11:00,11,0.2588,-0.9659,32.92,604.29,828.98,2.55,6.1692
2025-10-30 12:00,12,0.0,-1.0,33.17,554.14,854.64,2.1,5.9918
2025-10-30 13:00,13,-0.2588,-0.9659,30.81,497.14,820.05,3.7,5.1395
2025-10-30 14:00,14,-0.5,-0.866,31.58,441.0,736.45,5.32,4.8642
2025-10-30 15:00,15,-0.7071,-0.7071,32.83,472.52,602.59,2.19,5.4645
2025-10-30 16:00,16,-0.866,-0.5,29.98,516.07,428.25,1.17,5.9322
2025-10-30 17:00,17,-0.9659,-0.2588,28.26,537.44,221.5,1.03,6.2146
2025-10-30 18:00,18,-1.0,-0.0,29.31,528.02,0.0,3.07,5.9972
2025-10-30 19:00,19,-0.9659,0.2588,26.67,430.17,0.0,2.53,4.5827
2025-10-30 20:00,20,-0.866,0.5,25.27,425.11,6.62,4.84,4.6718
2025-10-30 21:00,21,-0.7071,0.7071,22.2,459.49,2.43,4.29,4.1308
2025-10-30 22:00,22,-0.5,0.866,19.42,522.0,23.84,3.45,4.3472
2025-10-30 23:00,23,-0.2588,0.9659,21.11,532.32,15.5,7.36,4.2582
2025-10-31 00:00,0,0.0,1.0,21.16,502.42,0.0,4.61,4.1225
2025-10-31 01:00,1,0.2588,0.9659,18.87,456.34,0.0,1.7,4.0325
2025-10-31 02:00,2,0.5,0.866,21.15,391.55,0.0,3.26,3.3276
2025-10-31 03:00,3,0.7071,0.7071,18.15,454.33,0.0,10.47,2.9755
2025-10-31 04:00,4,0.866,0.5,18.22,519.62,0.0,10.68,3.6024
2025-10-31 05:00,5,0.9659,0.2588,20.66,550.78,15.29,2.98,4.9001
2025-10-31 06:00,6,1.0,0.0,21.88,501.96,4.43,2.35,4.8197
2025-10-31 07:00,7,0.9659,-0.2588,24.6,436.09,250.76,4.55,4.2105
2025-10-31 08:00,8,0.866,-0.5,23.84,402.84,431.03,4.46,4.2121
2025-10-31 09:00,9,0.7071,-0.7071,28.61,457.83,580.28,4.0,4.8849
2025-10-31 10:00,10,0.5,-0.866,30.95,522.82,724.44,4.77,5.337
2025-10-31 11:00,11,0.2588,-0.9659,29.18,555.53,836.13,2.83,5.2246
2025-10-31 12:00,12,0.0,-1.0,32.07,545.74,809.65,1.92,5.9389
2025-10-31 13:00,13,-0.2588,-0.9659,29.21,457.13,787.39,5.06,4.8592
2025-10-31 14:00,14,-0.5,-0.866,32.61,423.28,736.39,9.03,4.5805
2025-10-31 15:00,15,-0.7071,-0.7071,32.37,452.68,624.81,2.12,5.299
2025-10-31 16:00,16,-0.866,-0.5,31.49,550.54,457.68,6.08,5.7726
2025-10-31 17:00,17,-0.9659,-0.2588,29.22,536.99,214.57,4.17,5.7348
2025-10-31 18:00,18,-1.0,-0.0,23.57,531.77,26.52,3.25,5.6289
2025-10-31 19:00,19,-0.9659,0.2588,25.59,435.16,1.81,7.62,4.5695
2025-10-31 20:00,20,-0.866,0.5,24.06,376.79,0.0,4.29,4.2302
2025-10-31 21:00,21,-0.7071,0.7071,21.98,430.29,0.0,5.15,4.2499
2025-10-31 22:00,22,-0.5,0.866,22.18,518.19,0.0,4.21,4.5417
2025-10-31 23:00,23,-0.2588,0.9659,20.13,542.01,22.96,1.6,4.4982
2025-11-01 00:00,0,0.0,1.0,14.57,512.8,0.0,5.23,3.3625
2025-11-01 01:00,1,0.2588,0.9659,13.62,448.6,0.0,4.05,3.4715
2025-11-01 02:00,2,0.5,0.866,13.93,396.97,0.0,1.66,3.1865
2025-11-01 03:00,3,0.7071,0.7071,16.89,423.44,0.0,5.23,3.2529
2025-11-01 04:00,4,0.866,0.5,14.81,508.02,0.0,0.55,4.3802
2025-11-01 05:00,5,0.9659,0.2588,15.98,571.22,0.0,2.66,4.3385
2025-11-01 06:00,6,1.0,0.0,17.31,537.78,5.78,6.78,4.3272
2025-11-01 07:00,7,0.9659,-0.2588,19.96,407.2,193.57,1.08,3.8597
2025-11-01 08:00,8,0.866,-0.5,21.68,416.37,449.85,5.61,3.9283
2025-11-01 09:00,9,0.7071,-0.7071,17.99,441.25,630.82,9.51,2.9983
2025-11-01 10:00,10,0.5,-0.866,25.53,526.36,710.7,2.38,5.2322
2025-11-01 11:00,11,0.2588,-0.9659,27.4,541.74,813.59,4.04,5.3511
2025-11-01 12:00,12,0.0,-1.0,24.62,485.98,874.87,5.09,4.4587
2025-11-01 13:00,13,-0.2588,-0.9659,25.34,446.27,821.0,4.26,4.6341
2025-11-01 14:00,14,-0.5,-0.866,26.32,385.89,701.26,5.41,4.1727
2025-11-01 15:00,15,-0.7071,-0.7071,25.66,416.68,597.46,3.96,4.7804
2025-11-01 16:00,16,-0.866,-0.5,26.53,492.72,403.68,2.21,5.6531
2025-11-01 17:00,17,-0.9659,-0.2588,22.32,559.01,247.7,1.68,5.5369
2025-11-01 18:00,18,-1.0,-0.0,22.32,514.59,15.15,6.42,4.9249
2025-11-01 19:00,19,-0.9659,0.2588,24.86,449.24,0.0,2.87,5.2276
2025-11-01 20:00,20,-0.866,0.5,19.61,410.04,3.55,7.54,4.2725
2025-11-01 21:00,21,-0.7071,0.7071,21.31,431.19,0.0,6.41,4.1089
2025-11-01 22:00,22,-0.5,0.866,18.53,511.44,0.0,1.24,4.6748
2025-11-01 23:00,23,-0.2588,0.9659,14.04,542.33,38.83,2.61,4.1233
2025-11-02 00:00,0,0.0,1.0,16.76,509.35,1.34,3.23,4.0574
2025-11-02 01:00,1,0.2588,0.9659,15.03,422.99,23.25,5.23,3.1948
2025-11-02 02:00,2,0.5,0.866,14.32,405.86,5.8,7.09,2.8009
2025-11-02 03:00,3,0.7071,0.7071,15.57,453.63,32.86,1.37,3.926
2025-11-02 04:00,4,0.866,0.5,16.52,500.25,0.0,2.95,4.0537
2025-11-02 05:00,5,0.9659,0.2588,17.82,569.22,0.0,3.78,4.6706
2025-11-02 06:00,6,1.0,0.0,19.77,514.2,41.12,2.48,4.5637
2025-11-02 07:00,7,0.9659,-0.2588,20.06,441.12,243.9,4.88,3.9232
2025-11-02 08:00,8,0.866,-0.5,18.94,374.51,458.13,4.43,3.6871
2025-11-02 09:00,9,0.7071,-0.7071,21.84,410.39,600.87,3.39,3.9983
2025-11-02 10:00,10,0.5,-0.866,28.41,517.98,722.69,4.69,5.0382
2025-11-02 11:00,11,0.2588,-0.9659,26.33,561.85,795.36,3.65,5.3491
2025-11-02 12:00,12,0.0,-1.0,29.75,516.43,822.58,3.57,5.245
2025-11-02 13:00,13,-0.2588,-0.9659,28.89,469.66,841.21,3.05,4.7699
2025-11-02 14:00,14,-0.5,-0.866,27.36,411.02,748.95,4.85,4.8805
2025-11-02 15:00,15,-0.7071,-0.7071,27.25,423.87,599.38,4.21,5.0284
2025-11-02 16:00,16,-0.866,-0.5,26.14,512.96,437.7,2.57,5.78
2025-11-02 17:00,17,-0.9659,-0.2588,22.64,587.15,223.56,0.63,5.8276
2025-11-02 18:00,18,-1.0,-0.0,24.03,493.86,24.06,2.22,5.748
2025-11-02 19:00,19,-0.9659,0.2588,24.37,445.42,23.82,1.15,5.4506
2025-11-02 20:00,20,-0.866,0.5,20.1,395.16,0.0,4.13,4.2871
2025-11-02 21:00,21,-0.7071,0.7071,20.07,448.1,6.84,2.78,4.638
2025-11-02 22:00,22,-0.5,0.866,19.28,531.51,0.0,4.06,4.682
2025-11-02 23:00,23,-0.2588,0.9659,15.39,544.21,3.33,3.48,4.0872
2025-11-03 00:00,0,0.0,1.0,15.13,529.28,15.11,4.83,4.0174
2025-11-03 01:00,1,0.2588,0.9659,13.68,470.82,0.0,6.24,3.0951
2025-11-03 02:00,2,0.5,0.866,13.77,400.99,0.0,4.44,2.8584
2025-11-03 03:00,3,0.7071,0.7071,13.27,449.27,0.24,1.39,3.5879
2025-11-03 04:00,4,0.866,0.5,14.45,503.64,5.85,0.73,4.1125
2025-11-03 05:00,5,0.9659,0.2588,18.89,550.29,0.0,2.69,4.7264
2025-11-03 06:00,6,1.0,0.0,16.63,509.85,0.0,4.09,3.9454
2025-11-03 07:00,7,0.9659,-0.2588,19.64,449.45,218.65,1.18,4.238
2025-11-03 08:00,8,0.866,-0.5,20.25,418.07,383.69,3.47,4.0651
2025-11-03 09:00,9,0.7071,-0.7071,24.32,435.86,595.22,8.12,4.082
2025-11-03 10:00,10,0.5,-0.866,25.97,535.5,725.09,1.69,5.3549
2025-11-03 11:00,11,0.2588,-0.9659,26.54,572.95,817.68,9.47,4.9851
2025-11-03 12:00,12,0.0,-1.0,26.66,525.2,836.02,7.67,4.7902
2025-11-03 13:00,13,-0.2588,-0.9659,26.45,429.76,783.34,7.34,4.492
2025-11-03 14:00,14,-0.5,-0.866,25.21,390.82,726.96,7.76,4.0533
2025-11-03 15:00,15,-0.7071,-0.7071,29.71,439.0,624.31,1.59,5.409
2025-11-03 16:00,16,-0.866,-0.5,25.06,526.74,456.54,2.23,5.6439
2025-11-03 17:00,17,-0.9659,-0.2588,26.24,531.82,280.98,2.09,5.7191
2025-11-03 18:00,18,-1.0,-0.0,25.59,522.65,42.29,1.89,5.5884
2025-11-03 19:00,19,-0.9659,0.2588,21.72,421.28,0.0,3.47,4.8203
2025-11-03 20:00,20,-0.866,0.5,22.56,412.35,0.0,7.32,4.2081
2025-11-03 21:00,21,-0.7071,0.7071,20.59,437.76,0.0,2.96,4.6881
2025-11-03 22:00,22,-0.5,0.866,20.59,532.5,0.0,2.91,4.7993
2025-11-03 23:00,23,-0.2588,0.9659,16.05,567.12,1.74,5.84,4.3894
2025-11-04 00:00,0,0.0,1.0,13.88,534.03,60.19,1.76,3.7593
2025-11-04 01:00,1,0.2588,0.9659,14.45,459.41,0.0,3.68,3.5267
2025-11-04 02:00,2,0.5,0.866,15.31,402.15,0.0,3.25,3.104
2025-11-04 03:00,3,0.7071,0.7071,15.29,420.12,41.1,7.54,3.1184
2025-11-04 04:00,4,0.866,0.5,15.21,496.71,0.0,4.68,3.855
2025-11-04 05:00,5,0.9659,0.2588,13.89,518.7,9.84,5.61,4.0996
2025-11-04 06:00,6,1.0,0.0,18.71,496.25,25.87,2.04,4.8931
2025-11-04 07:00,7,0.9659,-0.2588,22.41,438.53,232.16,8.94,3.6083
2025-11-04 08:00,8,0.866,-0.5,21.7,391.61,429.79,3.43,4.0141
2025-11-04 09:00,9,0.7071,-0.7071,23.47,434.8,624.51,6.09,4.131
2025-11-04 10:00,10,0.5,-0.866,24.86,519.89,713.79,9.67,4.8353
2025-11-04 11:00,11,0.2588,-0.9659,25.84,545.44,808.63,4.64,5.2305
2025-11-04 12:00,12,0.0,-1.0,27.59,495.67,863.39,4.63,5.0513
2025-11-04 13:00,13,-0.2588,-0.9659,27.39,436.7,769.3,1.94,5.0833
2025-11-04 14:00,14,-0.5,-0.866,26.53,386.52,771.54,3.87,4.5922
2025-11-04 15:00,15,-0.7071,-0.7071,25.6,433.44,608.63,7.61,4.8033
2025-11-04 16:00,16,-0.866,-0.5,25.82,532.64,428.83,2.1,5.5186
2025-11-04 17:00,17,-0.9659,-0.2588,25.71,545.94,179.23,8.69,5.3289
2025-11-04 18:00,18,-1.0,-0.0,23.53,539.06,0.0,5.77,5.8259
2025-11-04 19:00,19,-0.9659,0.2588,23.02,458.97,0.0,4.07,4.4791
2025-11-04 20:00,20,-0.866,0.5,21.66,391.31,20.19,4.89,4.0511
2025-11-04 21:00,21,-0.7071,0.7071,20.7,420.83,0.0,2.22,4.251
2025-11-04 22:00,22,-0.5,0.866,19.92,511.71,19.71,2.72,4.4778
2025-11-04 23:00,23,-0.2588,0.9659,16.87,567.3,0.0,3.19,4.8342
2025-11-05 00:00,0,0.0,1.0,13.84,505.15,0.0,3.83,3.8711
2025-11-05 01:00,1,0.2588,0.9659,14.69,451.12,6.34,8.65,2.9688
2025-11-05 02:00,2,0.5,0.866,15.07,418.13,6.73,3.72,3.0853
2025-11-05 03:00,3,0.7071,0.7071,12.45,425.89,0.0,4.74,3.1313
2025-11-05 04:00,4,0.866,0.5,17.89,502.36,15.62,2.31,4.3778
2025-11-05 05:00,5,0.9659,0.2588,16.97,560.69,0.0,6.35,4.3391
2025-11-05 06:00,6,1.0,0.0,18.57,514.78,0.0,4.99,4.3581
2025-11-05 07:00,7,0.9659,-0.2588,21.5,427.21,223.84,4.19,3.8676
2025-11-05 08:00,8,0.866,-0.5,20.05,394.72,416.38,9.43,3.3858
2025-11-05 09:00,9,0.7071,-0.7071,23.41,436.44,555.37,8.18,3.9847
2025-11-05 10:00,10,0.5,-0.866,23.84,489.03,755.07,5.71,4.2875
2025-11-05 11:00,11,0.2588,-0.9659,24.97,561.48,789.83,8.78,5.055
2025-11-05 12:00,12,0.0,-1.0,25.04,505.32,848.31,5.02,5.1681
2025-11-05 13:00,13,-0.2588,-0.9659,29.29,406.1,824.86,7.28,4.3795
2025-11-05 14:00,14,-0.5,-0.866,26.44,399.64,736.62,3.99,4.5759
2025-11-05 15:00,15,-0.7071,-0.7071,27.84,426.38,630.27,1.66,4.8034
2025-11-05 16:00,16,-0.866,-0.5,23.38,537.83,423.67,12.47,4.9444
2025-11-05 17:00,17,-0.9659,-0.2588,27.01,541.22,230.68,2.34,5.9674
2025-11-05 18:00,18,-1.0,-0.0,25.58,496.04,0.0,2.96,5.4721
2025-11-05 19:00,19,-0.9659,0.2588,22.7,445.12,15.32,2.32,4.728
2025-11-05 20:00,20,-0.866,0.5,20.66,390.09,34.84,3.53,4.4558
2025-11-05 21:00,21,-0.7071,0.7071,20.05,425.81,3.44,3.21,4.2122
2025-11-05 22:00,22,-0.5,0.866,21.43,520.14,19.55,5.27,4.2832
2025-11-05 23:00,23,-0.2588,0.9659,14.11,534.39,36.38,13.07,3.5324
2025-11-06 00:00,0,0.0,1.0,16.98,490.64,33.93,1.28,4.0715
2025-11-06 01:00,1,0.2588,0.9659,13.84,463.39,0.0,6.75,3.2346
2025-11-06 02:00,2,0.5,0.866,14.97,408.69,25.91,2.04,3.4472
2025-11-06 03:00,3,0.7071,0.7071,14.83,433.54,6.22,0.78,3.0344
2025-11-06 04:00,4,0.866,0.5,15.16,512.45,27.93,5.55,3.428
2025-11-06 05:00,5,0.9659,0.2588,16.74,557.59,14.22,7.91,4.4211
2025-11-06 06:00,6,1.0,0.0,16.3,527.1,6.89,2.42,4.4863
2025-11-06 07:00,7,0.9659,-0.2588,20.99,426.16,230.85,3.56,3.924
2025-11-06 08:00,8,0.866,-0.5,18.31,405.49,431.38,2.36,3.5212
2025-11-06 09:00,9,0.7071,-0.7071,23.36,429.9,608.4,8.47,3.8351
2025-11-06 10:00,10,0.5,-0.866,23.51,509.67,732.15,3.09,4.8302
2025-11-06 11:00,11,0.2588,-0.9659,23.49,552.41,814.74,4.22,5.3057
2025-11-06 12:00,12,0.0,-1.0,26.5,512.4,894.08,8.25,4.7414
2025-11-06 13:00,13,-0.2588,-0.9659,24.46,448.53,832.98,4.93,4.458
2025-11-06 14:00,14,-0.5,-0.866,27.06,407.31,721.79,9.04,4.3208
2025-11-06 15:00,15,-0.7071,-0.7071,24.66,414.88,594.11,8.89,4.4793
2025-11-06 16:00,16,-0.866,-0.5,26.89,492.13,451.41,4.33,5.4732
2025-11-06 17:00,17,-0.9659,-0.2588,23.86,544.45,201.59,5.14,5.6522
2025-11-06 18:00,18,-1.0,-0.0,23.32,539.93,0.0,2.81,5.7488
2025-11-06 19:00,19,-0.9659,0.2588,22.99,424.73,0.0,11.87,3.948
2025-11-06 20:00,20,-0.866,0.5,19.84,396.88,0.0,3.14,3.9414
2025-11-06 21:00,21,-0.7071,0.7071,19.36,429.45,0.0,6.8,3.6143
2025-11-06 22:00,22,-0.5,0.866,15.73,504.19,0.0,3.37,4.2654
2025-11-06 23:00,23,-0.2588,0.9659,17.7,552.67,34.63,3.37,4.5226
2025-11-07 00:00,0,0.0,1.0,18.45,533.51,0.0,1.82,4.6038
2025-11-07 01:00,1,0.2588,0.9659,19.39,444.34,0.0,4.98,3.6792
2025-11-07 02:00,2,0.5,0.866,15.14,387.95,0.0,2.91,3.3014
2025-11-07 03:00,3,0.7071,0.7071,16.39,478.8,0.0,2.2,3.8136
2025-11-07 04:00,4,0.866,0.5,13.13,513.68,0.0,2.79,4.0674
2025-11-07 05:00,5,0.9659,0.2588,19.01,541.34,0.0,2.96,4.3639
2025-11-07 06:00,6,1.0,0.0,19.16,533.68,51.61,4.61,4.5012
2025-11-07 07:00,7,0.9659,-0.2588,18.72,430.46,236.59,3.84,3.5067
2025-11-07 08:00,8,0.866,-0.5,22.86,424.94,419.76,1.54,4.2669
2025-11-07 09:00,9,0.7071,-0.7071,22.17,424.44,618.49,4.82,4.1973
2025-11-07 10:00,10,0.5,-0.866,23.31,533.95,723.08,6.85,4.6524
2025-11-07 11:00,11,0.2588,-0.9659,25.96,553.02,801.02,5.08,5.2643
2025-11-07 12:00,12,0.0,-1.0,24.6,531.87,892.6,10.54,4.5625
2025-11-07 13:00,13,-0.2588,-0.9659,28.33,468.65,792.48,1.78,5.0467
2025-11-07 14:00,14,-0.5,-0.866,25.42,383.01,727.27,7.22,4.0789
2025-11-07 15:00,15,-0.7071,-0.7071,25.22,456.64,608.69,4.62,5.0983
2025-11-07 16:00,16,-0.866,-0.5,24.83,491.37,401.59,4.72,5.3351
2025-11-07 17:00,17,-0.9659,-0.2588,26.38,534.29,236.26,4.71,5.4853
2025-11-07 18:00,18,-1.0,-0.0,23.07,500.45,0.0,3.45,5.1011
2025-11-07 19:00,19,-0.9659,0.2588,20.53,445.05,16.6,3.45,4.7018
2025-11-07 20:00,20,-0.866,0.5,20.09,400.5,14.65,5.5,3.8769
2025-11-07 21:00,21,-0.7071,0.7071,19.4,434.99,0.0,1.18,4.2766
2025-11-07 22:00,22,-0.5,0.866,16.23,514.69,42.77,5.18,3.8098
2025-11-07 23:00,23,-0.2588,0.9659,15.03,558.87,0.0,6.25,4.3327
2025-11-08 00:00,0,0.0,1.0,18.97,522.52,33.72,3.65,4.1521
2025-11-08 01:00,1,0.2588,0.9659,13.91,453.91,29.37,2.72,3.4475
2025-11-08 02:00,2,0.5,0.866,14.52,427.3,44.27,2.69,3.1071
2025-11-08 03:00,3,0.7071,0.7071,14.65,437.18,4.35,1.61,3.4539
2025-11-08 04:00,4,0.866,0.5,15.17,504.68,0.0,1.69,4.0852
2025-11-08 05:00,5,0.9659,0.2588,17.69,559.2,51.92,2.35,4.4651
2025-11-08 06:00,6,1.0,0.0,19.42,495.34,0.0,0.77,4.5849
2025-11-08 07:00,7,0.9659,-0.2588,18.99,427.32,199.66,3.06,4.2454
2025-11-08 08:00,8,0.866,-0.5,19.15,414.99,420.26,3.33,3.4898
2025-11-08 09:00,9,0.7071,-0.7071,24.46,435.64,576.5,12.71,3.6527
2025-11-08 10:00,10,0.5,-0.866,23.86,494.38,749.28,12.04,3.8426
2025-11-08 11:00,11,0.2588,-0.9659,27.84,527.65,805.9,2.5,5.5259
2025-11-08 12:00,12,0.0,-1.0,22.83,513.23,842.81,2.69,4.8892
2025-11-08 13:00,13,-0.2588,-0.9659,27.09,454.63,845.23,4.53,4.5231
2025-11-08 14:00,14,-0.5,-0.866,29.88,431.95,751.71,2.21,5.0028
2025-11-08 15:00,15,-0.7071,-0.7071,26.27,439.16,601.43,4.61,4.892
2025-11-08 16:00,16,-0.866,-0.5,25.86,542.63,429.27,3.93,6.1658
2025-11-08 17:00,17,-0.9659,-0.2588,25.69,548.43,220.3,3.45,5.3476
2025-11-08 18:00,18,-1.0,-0.0,23.16,510.42,0.0,7.23,4.9241
2025-11-08 19:00,19,-0.9659,0.2588,22.08,398.99,0.0,7.3,4.4492
2025-11-08 20:00,20,-0.866,0.5,20.49,393.29,12.27,11.55,3.2179
2025-11-08 21:00,21,-0.7071,0.7071,18.51,450.28,0.0,2.76,4.2393
2025-11-08 22:00,22,-0.5,0.866,19.84,535.96,10.49,8.14,4.1706
2025-11-08 23:00,23,-0.2588,0.9659,17.45,537.55,0.0,4.83,4.1112
2025-11-09 00:00,0,0.0,1.0,16.18,519.43,0.0,5.2,3.8704
2025-11-09 01:00,1,0.2588,0.9659,16.42,453.2,0.0,8.28,3.1313
2025-11-09 02:00,2,0.5,0.866,14.6,400.17,0.0,9.3,2.8701
2025-11-09 03:00,3,0.7071,0.7071,14.04,403.25,32.18,6.27,3.1413
2025-11-09 04:00,4,0.866,0.5,14.9,516.21,18.15,3.6,4.0402
2025-11-09 05:00,5,0.9659,0.2588,16.76,561.42,0.0,4.51,4.3939
2025-11-09 06:00,6,1.0,0.0,16.41,498.29,10.94,5.37,4.1603
2025-11-09 07:00,7,0.9659,-0.2588,18.7,433.69,210.23,7.3,3.8224
2025-11-09 08:00,8,0.866,-0.5,20.23,382.67,407.94,5.7,3.7339
2025-11-09 09:00,9,0.7071,-0.7071,25.74,398.95,563.9,3.71,4.2207
2025-11-09 10:00,10,0.5,-0.866,19.84,527.91,760.42,4.05,4.8658
2025-11-09 11:00,11,0.2588,-0.9659,24.97,549.94,786.94,1.25,5.2208
2025-11-09 12:00,12,0.0,-1.0,28.78,542.74,848.7,8.84,5.2324
2025-11-09 13:00,13,-0.2588,-0.9659,26.98,450.36,797.38,1.67,5.1062
2025-11-09 14:00,14,-0.5,-0.866,28.13,395.73,755.52,5.12,4.3644
2025-11-09 15:00,15,-0.7071,-0.7071,26.95,436.25,592.68,7.88,4.6547
2025-11-09 16:00,16,-0.866,-0.5,25.2,520.99,421.64,4.06,5.4908
2025-11-09 17:00,17,-0.9659,-0.2588,21.88,564.5,217.48,6.98,5.3538
2025-11-09 18:00,18,-1.0,-0.0,24.31,517.34,7.56,7.02,5.2541
2025-11-09 19:00,19,-0.9659,0.2588,21.39,454.08,0.33,1.37,4.6386
2025-11-09 20:00,20,-0.866,0.5,19.8,395.55,0.0,4.01,3.9341
2025-11-09 21:00,21,-0.7071,0.7071,18.7,422.54,0.0,5.96,3.784
2025-11-09 22:00,22,-0.5,0.866,20.62,511.53,0.0,4.07,4.3595
2025-11-09 23:00,23,-0.2588,0.9659,20.36,553.08,0.0,4.88,4.3387
2025-11-10 00:00,0,0.0,1.0,16.13,494.48,17.96,5.23,3.933
2025-11-10 01:00,1,0.2588,0.9659,14.51,417.45,0.0,2.23,3.2876
2025-11-10 02:00,2,0.5,0.866,13.23,406.71,0.0,4.01,3.4485
2025-11-10 03:00,3,0.7071,0.7071,15.91,431.4,0.0,0.93,3.6474
2025-11-10 04:00,4,0.866,0.5,18.48,510.01,0.0,2.21,4.4616
2025-11-10 05:00,5,0.9659,0.2588,16.39,544.6,0.0,4.66,4.2583
2025-11-10 06:00,6,1.0,0.0,14.43,535.31,22.2,5.08,4.1043
2025-11-10 07:00,7,0.9659,-0.2588,20.45,456.43,206.07,2.19,4.3532
2025-11-10 08:00,8,0.866,-0.5,22.48,381.44,435.01,6.53,3.8277
2025-11-10 09:00,9,0.7071,-0.7071,20.17,429.51,585.96,3.76,3.9626
2025-11-10 10:00,10,0.5,-0.866,24.26,525.25,752.09,8.76,4.5541
2025-11-10 11:00,11,0.2588,-0.9659,25.92,559.03,812.24,3.85,5.2877
2025-11-10 12:00,12,0.0,-1.0,26.09,511.88,819.2,2.22,5.1543
2025-11-10 13:00,13,-0.2588,-0.9659,25.61,420.44,814.31,6.55,4.2977
2025-11-10 14:00,14,-0.5,-0.866,28.52,393.95,781.97,5.04,4.2763
2025-11-10 15:00,15,-0.7071,-0.7071,26.19,429.75,645.79,3.85,4.7633
2025-11-10 16:00,16,-0.866,-0.5,23.97,516.65,437.16,3.65,5.474
2025-11-10 17:00,17,-0.9659,-0.2588,22.17,575.56,216.57,2.22,5.8871
2025-11-10 18:00,18,-1.0,-0.0,25.89,502.2,7.6,3.55,5.5797
2025-11-10 19:00,19,-0.9659,0.2588,23.48,422.11,7.92,0.95,5.0322
2025-11-10 20:00,20,-0.866,0.5,21.13,398.37,0.0,4.59,4.165
2025-11-10 21:00,21,-0.7071,0.7071,18.79,452.98,11.02,8.29,3.8479
2025-11-10 22:00,22,-0.5,0.866,17.21,490.8,5.21,6.93,4.064
2025-11-10 23:00,23,-0.2588,0.9659,15.14,571.8,0.0,0.94,4.6398
2025-11-11 00:00,0,0.0,1.0,15.16,509.92,0.0,8.03,3.5234
2025-11-11 01:00,1,0.2588,0.9659,12.02,426.49,0.0,4.27,3.1578
2025-11-11 02:00,2,0.5,0.866,13.9,376.0,19.99,2.53,2.94
2025-11-11 03:00,3,0.7071,0.7071,14.74,448.1,0.0,6.5,3.166
2025-11-11 04:00,4,0.866,0.5,16.72,509.93,7.51,3.43,4.0788
2025-11-11 05:00,5,0.9659,0.2588,16.7,552.56,0.0,2.97,4.5295
2025-11-11 06:00,6,1.0,0.0,19.19,498.99,0.0,2.31,4.3013
2025-11-11 07:00,7,0.9659,-0.2588,21.47,432.71,214.03,4.49,4.0951
2025-11-11 08:00,8,0.866,-0.5,22.59,392.7,399.44,1.72,4.4162
2025-11-11 09:00,9,0.7071,-0.7071,23.26,435.99,573.88,6.83,3.7943
2025-11-11 10:00,10,0.5,-0.866,24.02,502.46,766.26,4.39,4.5156
2025-11-11 11:00,11,0.2588,-0.9659,23.77,526.99,810.53,4.23,5.4315
2025-11-11 12:00,12,0.0,-1.0,27.31,553.43,831.46,0.5,5.4638
2025-11-11 13:00,13,-0.2588,-0.9659,29.32,427.57,861.49,7.18,4.7334
2025-11-11 14:00,14,-0.5,-0.866,27.51,402.72,756.5,4.53,4.4917
2025-11-11 15:00,15,-0.7071,-0.7071,29.67,424.29,591.75,4.19,4.9853
2025-11-11 16:00,16,-0.866,-0.5,23.91,482.54,435.69,6.58,4.8766
2025-11-11 17:00,17,-0.9659,-0.2588,23.51,551.47,214.1,1.4,5.9038
2025-11-11 18:00,18,-1.0,-0.0,25.28,515.12,0.0,3.72,5.269
2025-11-11 19:00,19,-0.9659,0.2588,22.95,456.42,11.87,5.09,4.7972
2025-11-11 20:00,20,-0.866,0.5,22.97,405.99,0.0,4.32,4.225
2025-11-11 21:00,21,-0.7071,0.7071,19.42,435.25,1.89,2.46,3.8442
2025-11-11 22:00,22,-0.5,0.866,16.7,498.26,25.53,3.28,4.4096
2025-11-11 23:00,23,-0.2588,0.9659,16.44,572.49,22.78,3.29,4.0715
2025-11-12 00:00,0,0.0,1.0,13.5,526.43,0.0,12.08,3.7031
2025-11-12 01:00,1,0.2588,0.9659,13.51,418.81,12.15,3.46,3.2751
2025-11-12 02:00,2,0.5,0.866,16.46,400.57,0.0,2.64,3.0001
2025-11-12 03:00,3,0.7071,0.7071,16.51,439.66,11.26,7.23,3.4749
2025-11-12 04:00,4,0.866,0.5,16.35,507.32,3.71,4.07,3.8154
2025-11-12 05:00,5,0.9659,0.2588,14.18,561.58,9.47,4.21,4.158
2025-11-12 06:00,6,1.0,0.0,17.46,524.98,0.0,4.91,4.0294
2025-11-12 07:00,7,0.9659,-0.2588,17.61,434.64,272.1,5.23,3.5167
2025-11-12 08:00,8,0.866,-0.5,22.76,395.79,402.47,5.2,3.6641
2025-11-12 09:00,9,0.7071,-0.7071,21.68,459.98,625.33,1.03,4.5905
2025-11-12 10:00,10,0.5,-0.866,22.37,526.49,710.33,7.19,4.756
2025-11-12 11:00,11,0.2588,-0.9659,25.29,551.09,833.65,2.56,4.9725
2025-11-12 12:00,12,0.0,-1.0,25.24,488.06,864.39,3.23,4.8985
2025-11-12 13:00,13,-0.2588,-0.9659,29.02,450.83,822.41,2.4,4.6406
2025-11-12 14:00,14,-0.5,-0.866,25.9,410.47,723.74,6.64,4.4229
2025-11-12 15:00,15,-0.7071,-0.7071,24.7,396.18,604.57,5.15,4.8411
2025-11-12 16:00,16,-0.866,-0.5,22.97,516.28,431.68,6.53,4.7151
2025-11-12 17:00,17,-0.9659,-0.2588,25.2,543.75,264.74,5.66,5.2923
2025-11-12 18:00,18,-1.0,-0.0,23.16,509.19,0.0,1.82,5.7069
2025-11-12 19:00,19,-0.9659,0.2588,20.41,423.89,0.0,3.29,4.7163
2025-11-12 20:00,20,-0.866,0.5,22.78,397.78,7.12,4.63,4.0228
2025-11-12 21:00,21,-0.7071,0.7071,20.45,458.38,0.0,3.32,4.6589
2025-11-12 22:00,22,-0.5,0.866,17.96,505.8,0.0,2.65,4.2215
2025-11-12 23:00,23,-0.2588,0.9659,18.8,564.48,26.76,7.85,4.5716
2025-11-13 00:00,0,0.0,1.0,16.8,500.41,0.0,6.46,3.82
2025-11-13 01:00,1,0.2588,0.9659,13.97,448.88,0.0,3.58,3.6301
2025-11-13 02:00,2,0.5,0.866,13.44,400.02,0.0,6.62,2.8632
2025-11-13 03:00,3,0.7071,0.7071,16.43,442.78,0.0,5.47,3.4987
2025-11-13 04:00,4,0.866,0.5,16.4,512.61,60.12,0.5,4.3499
2025-11-13 05:00,5,0.9659,0.2588,17.01,559.62,14.95,3.8,4.7102
2025-11-13 06:00,6,1.0,0.0,16.73,473.99,23.79,3.22,4.1129
2025-11-13 07:00,7,0.9659,-0.2588,20.36,416.2,217.98,2.73,3.8041
2025-11-13 08:00,8,0.866,-0.5,19.87,406.26,443.97,2.96,3.8127
2025-11-13 09:00,9,0.7071,-0.7071,22.4,406.85,556.88,9.29,3.4524
2025-11-13 10:00,10,0.5,-0.866,26.17,504.54,762.08,4.49,4.6351
2025-11-13 11:00,11,0.2588,-0.9659,24.25,549.18,800.54,7.55,5.1399
2025-11-13 12:00,12,0.0,-1.0,23.84,500.08,836.72,2.7,5.0323
2025-11-13 13:00,13,-0.2588,-0.9659,25.22,427.13,833.67,2.41,4.7311
2025-11-13 14:00,14,-0.5,-0.866,28.49,408.01,744.03,8.15,4.5867
2025-11-13 15:00,15,-0.7071,-0.7071,27.18,452.64,603.16,4.55,5.0887
2025-11-13 16:00,16,-0.866,-0.5,26.0,498.12,390.92,8.26,5.4252
2025-11-13 17:00,17,-0.9659,-0.2588,24.48,541.37,222.49,1.4,5.3839
2025-11-13 18:00,18,-1.0,-0.0,24.73,501.53,24.01,8.67,4.8677
2025-11-13 19:00,19,-0.9659,0.2588,21.28,401.18,0.0,4.03,4.2588
2025-11-13 20:00,20,-0.866,0.5,21.46,402.13,32.87,2.26,4.0334
2025-11-13 21:00,21,-0.7071,0.7071,18.35,451.52,0.0,5.9,4.0235
2025-11-13 22:00,22,-0.5,0.866,16.65,527.75,0.16,6.94,4.1566
2025-11-13 23:00,23,-0.2588,0.9659,15.8,536.94,38.38,1.21,4.7609
2025-11-14 00:00,0,0.0,1.0,15.24,493.72,0.0,11.48,3.3939
2025-11-14 01:00,1,0.2588,0.9659,15.13,437.82,26.35,6.01,3.062
2025-11-14 02:00,2,0.5,0.866,15.35,412.44,49.37,3.42,3.2673
2025-11-14 03:00,3,0.7071,0.7071,10.0,439.82,4.28,2.23,2.8352
2025-11-14 04:00,4,0.866,0.5,14.59,516.84,0.0,3.88,3.9674
2025-11-14 05:00,5,0.9659,0.2588,16.17,567.13,0.0,2.75,4.5924
2025-11-14 06:00,6,1.0,0.0,20.26,501.41,32.62,4.54,4.2177
2025-11-14 07:00,7,0.9659,-0.2588,17.83,434.2,251.91,6.79,3.5652
2025-11-14 08:00,8,0.866,-0.5,21.24,424.52,461.23,5.71,3.6641
2025-11-14 09:00,9,0.7071,-0.7071,24.8,434.55,600.22,4.16,4.0574
2025-11-14 10:00,10,0.5,-0.866,22.03,493.49,762.07,1.96,4.7612
2025-11-14 11:00,11,0.2588,-0.9659,25.83,539.96,819.82,9.76,4.8642
2025-11-14 12:00,12,0.0,-1.0,24.99,498.43,827.92,3.09,5.0492
2025-11-14 13:00,13,-0.2588,-0.9659,26.04,442.86,849.14,3.14,4.6063
2025-11-14 14:00,14,-0.5,-0.866,25.8,386.56,776.97,5.6,4.0957
2025-11-14 15:00,15,-0.7071,-0.7071,25.7,441.57,575.53,6.67,4.5954
2025-11-14 16:00,16,-0.866,-0.5,30.28,519.69,399.01,11.2,5.1732
2025-11-14 17:00,17,-0.9659,-0.2588,26.51,518.15,221.0,10.26,4.939
2025-11-14 18:00,18,-1.0,-0.0,25.65,517.1,23.9,8.61,5.4373
2025-11-14 19:00,19,-0.9659,0.2588,23.29,439.73,0.0,4.16,4.7163
2025-11-14 20:00,20,-0.866,0.5,18.59,407.77,5.68,2.35,4.3488
2025-11-14 21:00,21,-0.7071,0.7071,20.04,427.41,0.0,5.15,3.7237
2025-11-14 22:00,22,-0.5,0.866,19.61,500.81,17.52,0.73,4.4391
2025-11-14 23:00,23,-0.2588,0.9659,15.48,556.02,0.0,2.57,4.5807
2025-11-15 00:00,0,0.0,1.0,17.25,535.29,19.3,0.5,4.5769
2025-11-15 01:00,1,0.2588,0.9659,16.26,437.67,0.0,2.45,3.2854
2025-11-15 02:00,2,0.5,0.866,17.78,406.37,0.0,4.41,3.3158
2025-11-15 03:00,3,0.7071,0.7071,14.58,432.68,1.59,3.89,3.3738
2025-11-15 04:00,4,0.866,0.5,14.16,489.35,0.0,3.73,3.6065
2025-11-15 05:00,5,0.9659,0.2588,16.21,564.51,0.0,7.33,4.288
2025-11-15 06:00,6,1.0,0.0,20.15,526.13,8.44,5.83,4.1637
2025-11-15 07:00,7,0.9659,-0.2588,16.7,448.16,175.7,9.13,3.3502
2025-11-15 08:00,8,0.866,-0.5,17.9,397.27,360.72,4.22,3.7696
2025-11-15 09:00,9,0.7071,-0.7071,22.69,446.46,542.56,3.1,4.3426
2025-11-15 10:00,10,0.5,-0.866,23.34,525.91,769.3,1.99,4.918
2025-11-15 11:00,11,0.2588,-0.9659,25.25,574.3,819.12,5.81,5.1048
2025-11-15 12:00,12,0.0,-1.0,27.61,527.33,836.69,7.47,5.0587
2025-11-15 13:00,13,-0.2588,-0.9659,25.97,438.46,844.67,2.48,4.8329
2025-11-15 14:00,14,-0.5,-0.866,24.19,380.38,726.01,7.99,4.1276
2025-11-15 15:00,15,-0.7071,-0.7071,29.86,454.73,607.75,4.75,5.1445
2025-11-15 16:00,16,-0.866,-0.5,24.7,516.35,425.64,2.17,5.4312
2025-11-15 17:00,17,-0.9659,-0.2588,23.65,560.64,208.22,5.58,5.4675
2025-11-15 18:00,18,-1.0,-0.0,25.66,532.81,7.35,4.71,5.4264
2025-11-15 19:00,19,-0.9659,0.2588,21.98,436.07,19.33,0.93,4.7948
2025-11-15 20:00,20,-0.866,0.5,20.9,431.51,0.0,3.93,4.2534
2025-11-15 21:00,21,-0.7071,0.7071,20.17,411.11,0.0,6.82,4.103
2025-11-15 22:00,22,-0.5,0.866,19.63,518.79,0.0,4.95,4.1858
2025-11-15 23:00,23,-0.2588,0.9659,16.26,538.02,0.0,3.17,4.5032
2025-11-16 00:00,0,0.0,1.0,18.08,483.89,7.08,8.94,3.4504
2025-11-16 01:00,1,0.2588,0.9659,12.0,434.47,0.0,2.87,3.1777
2025-11-16 02:00,2,0.5,0.866,16.14,378.14,15.74,2.97,3.1475
2025-11-16 03:00,3,0.7071,0.7071,13.95,435.08,0.0,3.64,3.0221
2025-11-16 04:00,4,0.866,0.5,17.86,513.02,2.63,8.25,3.6204
2025-11-16 05:00,5,0.9659,0.2588,16.97,566.78,17.51,4.63,4.2117
2025-11-16 06:00,6,1.0,0.0,16.99,489.89,0.0,5.89,3.987
2025-11-16 07:00,7,0.9659,-0.2588,20.44,451.13,229.23,10.64,3.425
2025-11-16 08:00,8,0.866,-0.5,22.34,401.47,431.69,6.8,3.9352
2025-11-16 09:00,9,0.7071,-0.7071,23.52,452.93,596.42,2.39,4.3049
2025-11-16 10:00,10,0.5,-0.866,22.46,506.02,712.92,6.85,3.9432
2025-11-16 11:00,11,0.2588,-0.9659,24.52,530.02,835.92,6.46,4.6777
2025-11-16 12:00,12,0.0,-1.0,26.19,494.24,867.59,2.83,5.1294
2025-11-16 13:00,13,-0.2588,-0.9659,26.73,418.12,823.88,3.45,4.9078
2025-11-16 14:00,14,-0.5,-0.866,28.12,408.16,709.36,6.12,4.4957
2025-11-16 15:00,15,-0.7071,-0.7071,23.77,459.65,587.85,2.87,4.8454
2025-11-16 16:00,16,-0.866,-0.5,26.7,504.03,423.49,2.66,5.5127
2025-11-16 17:00,17,-0.9659,-0.2588,24.81,559.44,237.21,6.06,5.6554
2025-11-16 18:00,18,-1.0,-0.0,22.74,489.65,0.0,8.02,4.7212
2025-11-16 19:00,19,-0.9659,0.2588,21.44,440.2,0.0,1.54,4.7965
2025-11-16 20:00,20,-0.866,0.5,20.68,410.03,0.0,4.23,4.1911
2025-11-16 21:00,21,-0.7071,0.7071,14.05,415.78,0.0,5.32,3.5666
2025-11-16 22:00,22,-0.5,0.866,16.95,509.44,0.0,5.84,4.0791
2025-11-16 23:00,23,-0.2588,0.9659,15.44,560.74,0.0,12.98,3.4689
2025-11-17 00:00,0,0.0,1.0,16.6,468.49,0.0,5.89,3.6203
2025-11-17 01:00,1,0.2588,0.9659,14.0,457.53,0.0,5.41,3.2865
2025-11-17 02:00,2,0.5,0.866,14.68,405.31,0.0,11.77,2.5013
2025-11-17 03:00,3,0.7071,0.7071,17.52,448.25,0.0,1.38,3.5577
2025-11-17 04:00,4,0.866,0.5,17.3,506.31,12.39,1.53,4.3247
2025-11-17 05:00,5,0.9659,0.2588,18.11,524.16,0.0,4.99,4.0583
2025-11-17 06:00,6,1.0,0.0,17.25,520.51,2.25,3.67,4.7622
2025-11-17 07:00,7,0.9659,-0.2588,20.26,436.26,199.79,1.75,3.9637
2025-11-17 08:00,8,0.866,-0.5,20.65,400.48,410.01,3.33,4.0008
2025-11-17 09:00,9,0.7071,-0.7071,22.26,453.81,608.47,5.83,3.6995
2025-11-17 10:00,10,0.5,-0.866,24.61,523.93,741.99,8.02,4.092
2025-11-17 11:00,11,0.2588,-0.9659,24.35,578.82,810.61,1.73,5.3184
2025-11-17 12:00,12,0.0,-1.0,28.44,518.29,843.26,4.85,4.6801
2025-11-17 13:00,13,-0.2588,-0.9659,26.56,427.13,784.7,3.26,4.832
2025-11-17 14:00,14,-0.5,-0.866,27.93,397.17,771.19,5.77,4.4134
2025-11-17 15:00,15,-0.7071,-0.7071,28.98,451.57,618.23,4.91,5.3031
2025-11-17 16:00,16,-0.866,-0.5,27.74,527.74,441.29,8.89,5.2096
2025-11-17 17:00,17,-0.9659,-0.2588,23.13,527.99,180.12,1.08,5.7558
2025-11-17 18:00,18,-1.0,-0.0,24.67,512.63,0.0,4.38,5.4285
2025-11-17 19:00,19,-0.9659,0.2588,23.83,461.64,0.0,2.55,4.8755
2025-11-17 20:00,20,-0.866,0.5,22.34,396.4,0.0,4.82,4.0871
2025-11-17 21:00,21,-0.7071,0.7071,17.78,451.47,22.25,7.62,3.5715
2025-11-17 22:00,22,-0.5,0.866,17.01,519.9,36.35,8.56,4.0124
2025-11-17 23:00,23,-0.2588,0.9659,18.25,564.34,51.55,3.92,4.4089
2025-11-18 00:00,0,0.0,1.0,14.66,500.35,0.0,7.11,3.5288
2025-11-18 01:00,1,0.2588,0.9659,14.75,425.42,2.93,3.16,3.8661
2025-11-18 02:00,2,0.5,0.866,17.36,400.3,33.07,0.5,3.3681
2025-11-18 03:00,3,0.7071,0.7071,15.13,414.52,0.0,7.65,3.0077
2025-11-18 04:00,4,0.866,0.5,14.71,508.45,0.0,1.96,4.0259
2025-11-18 05:00,5,0.9659,0.2588,15.44,553.79,0.0,0.73,4.828
2025-11-18 06:00,6,1.0,0.0,18.5,539.27,28.32,3.63,4.6552
2025-11-18 07:00,7,0.9659,-0.2588,17.45,443.54,219.51,3.8,3.8479
2025-11-18 08:00,8,0.866,-0.5,20.63,409.38,406.77,1.56,4.4988
2025-11-18 09:00,9,0.7071,-0.7071,23.05,454.97,608.14,7.14,3.8664
2025-11-18 10:00,10,0.5,-0.866,25.95,498.03,739.95,3.97,4.7253
2025-11-18 11:00,11,0.2588,-0.9659,26.24,547.52,825.24,4.51,5.3014
2025-11-18 12:00,12,0.0,-1.0,25.13,548.88,844.57,3.05,5.099
2025-11-18 13:00,13,-0.2588,-0.9659,28.56,440.82,861.6,4.66,4.858
2025-11-18 14:00,14,-0.5,-0.866,26.55,416.75,732.78,6.64,4.3418
2025-11-18 15:00,15,-0.7071,-0.7071,24.94,451.96,641.52,8.46,4.6919
2025-11-18 16:00,16,-0.866,-0.5,25.94,490.33,439.1,10.33,4.9855
2025-11-18 17:00,17,-0.9659,-0.2588,27.4,554.66,228.78,4.1,5.8357
2025-11-18 18:00,18,-1.0,-0.0,24.25,514.7,0.0,11.81,4.7133
2025-11-18 19:00,19,-0.9659,0.2588,22.57,442.45,24.35,3.25,4.6939
2025-11-18 20:00,20,-0.866,0.5,23.46,388.69,2.82,0.5,4.5045
2025-11-18 21:00,21,-0.7071,0.7071,17.3,420.75,0.0,6.64,3.8626
2025-11-18 22:00,22,-0.5,0.866,16.07,505.36,0.0,2.44,4.3486
2025-11-18 23:00,23,-0.2588,0.9659,14.33,548.53,10.56,1.28,4.4853
2025-11-19 00:00,0,0.0,1.0,16.36,530.27,0.0,8.83,3.7832
2025-11-19 01:00,1,0.2588,0.9659,15.45,464.76,0.0,6.89,3.4875
2025-11-19 02:00,2,0.5,0.866,17.31,420.95,26.43,1.81,3.4468
2025-11-19 03:00,3,0.7071,0.7071,15.57,450.4,7.6,6.74,3.2937
2025-11-19 04:00,4,0.866,0.5,15.2,497.43,0.0,7.5,3.5857
2025-11-19 05:00,5,0.9659,0.2588,16.76,543.87,35.25,8.44,3.9074
2025-11-19 06:00,6,1.0,0.0,18.18,515.65,13.7,4.87,4.5626
2025-11-19 07:00,7,0.9659,-0.2588,16.94,428.01,245.44,6.06,3.7721
2025-11-19 08:00,8,0.866,-0.5,25.07,408.66,368.31,6.59,4.2079
2025-11-19 09:00,9,0.7071,-0.7071,23.33,448.31,609.31,5.94,3.9481
2025-11-19 10:00,10,0.5,-0.866,24.32,520.54,757.18,5.61,4.738
2025-11-19 11:00,11,0.2588,-0.9659,26.17,565.38,863.54,4.9,5.3751
2025-11-19 12:00,12,0.0,-1.0,27.26,498.93,813.4,4.44,5.3014
2025-11-19 13:00,13,-0.2588,-0.9659,26.58,451.49,851.19,12.96,3.7413
2025-11-19 14:00,14,-0.5,-0.866,26.05,389.57,777.23,3.53,4.4174
2025-11-19 15:00,15,-0.7071,-0.7071,27.69,423.39,550.61,1.67,5.0449
2025-11-19 16:00,16,-0.866,-0.5,26.77,520.48,436.96,6.62,5.6318
2025-11-19 17:00,17,-0.9659,-0.2588,24.03,568.24,235.44,2.7,5.3945
2025-11-19 18:00,18,-1.0,-0.0,26.13,519.82,0.0,4.8,5.3753
2025-11-19 19:00,19,-0.9659,0.2588,22.99,437.81,0.0,1.75,5.1942
2025-11-19 20:00,20,-0.866,0.5,22.09,404.65,16.7,5.4,4.0509
2025-11-19 21:00,21,-0.7071,0.7071,21.53,439.55,0.0,9.34,3.5971
2025-11-19 22:00,22,-0.5,0.866,18.03,495.61,0.0,6.23,4.3579
2025-11-19 23:00,23,-0.2588,0.9659,17.23,531.36,20.31,2.7,4.0377
2025-11-20 00:00,0,0.0,1.0,17.02,511.32,43.85,10.36,3.673
2025-11-20 01:00,1,0.2588,0.9659,14.12,438.7,13.45,3.33,3.0113
2025-11-20 02:00,2,0.5,0.866,15.08,400.17,3.34,4.17,2.7801
2025-11-20 03:00,3,0.7071,0.7071,15.39,447.64,0.0,4.57,3.4435
2025-11-20 04:00,4,0.866,0.5,14.37,509.27,0.0,11.9,3.1064
2025-11-20 05:00,5,0.9659,0.2588,20.23,558.44,27.74,1.47,4.8826
2025-11-20 06:00,6,1.0,0.0,15.89,510.33,0.0,6.01,4.4793
2025-11-20 07:00,7,0.9659,-0.2588,17.5,464.85,248.76,3.69,3.987
2025-11-20 08:00,8,0.866,-0.5,22.97,401.21,416.76,1.57,4.4422
2025-11-20 09:00,9,0.7071,-0.7071,23.62,472.61,584.81,9.09,4.1291
2025-11-20 10:00,10,0.5,-0.866,22.46,517.78,746.64,5.19,4.7731
2025-11-20 11:00,11,0.2588,-0.9659,26.15,546.79,819.12,6.51,4.4944
2025-11-20 12:00,12,0.0,-1.0,28.4,502.19,819.86,2.88,5.327
2025-11-20 13:00,13,-0.2588,-0.9659,26.75,415.86,866.47,6.59,4.3828
2025-11-20 14:00,14,-0.5,-0.866,30.9,408.31,720.45,7.3,4.5361
2025-11-20 15:00,15,-0.7071,-0.7071,24.21,424.31,624.23,4.13,4.9934
2025-11-20 16:00,16,-0.866,-0.5,27.24,518.42,446.05,5.07,5.336
2025-11-20 17:00,17,-0.9659,-0.2588,26.99,542.11,188.51,10.39,4.9996
2025-11-20 18:00,18,-1.0,-0.0,25.34,515.3,0.0,7.53,5.4596
2025-11-20 19:00,19,-0.9659,0.2588,22.25,456.73,0.0,4.22,4.5136
2025-11-20 20:00,20,-0.866,0.5,20.56,398.68,0.0,5.75,4.0227
2025-11-20 21:00,21,-0.7071,0.7071,20.11,468.69,43.16,6.81,4.3686
2025-11-20 22:00,22,-0.5,0.866,19.22,494.86,0.0,0.86,4.6243
2025-11-20 23:00,23,-0.2588,0.9659,17.66,547.74,22.24,5.18,4.2171
2025-11-21 00:00,0,0.0,1.0,17.36,504.41,12.84,11.23,3.3435
2025-11-21 01:00,1,0.2588,0.9659,13.68,451.55,6.6,9.43,3.1822
2025-11-21 02:00,2,0.5,0.866,14.66,366.4,1.01,7.35,2.3468
2025-11-21 03:00,3,0.7071,0.7071,13.79,415.85,30.93,1.84,3.4294
2025-11-21 04:00,4,0.866,0.5,15.22,510.89,0.0,12.45,3.7351
2025-11-21 05:00,5,0.9659,0.2588,18.28,573.27,43.16,5.33,4.6077
2025-11-21 06:00,6,1.0,0.0,18.16,515.89,0.0,2.76,4.4866
2025-11-21 07:00,7,0.9659,-0.2588,23.36,417.23,239.53,5.83,3.8824
2025-11-21 08:00,8,0.866,-0.5,21.29,382.04,389.87,7.66,3.3697
2025-11-21 09:00,9,0.7071,-0.7071,22.64,462.59,593.15,1.9,4.3416
2025-11-21 10:00,10,0.5,-0.866,24.16,503.18,738.45,8.67,4.3625
2025-11-21 11:00,11,0.2588,-0.9659,24.29,535.86,808.87,8.75,4.7624
2025-11-21 12:00,12,0.0,-1.0,26.11,534.66,845.46,0.64,5.7325
2025-11-21 13:00,13,-0.2588,-0.9659,28.49,456.56,786.36,8.35,4.2153
2025-11-21 14:00,14,-0.5,-0.866,27.17,419.11,711.44,9.42,3.8168
2025-11-21 15:00,15,-0.7071,-0.7071,25.61,423.25,613.5,1.08,5.2579
2025-11-21 16:00,16,-0.866,-0.5,24.81,489.62,425.74,3.25,5.2749
2025-11-21 17:00,17,-0.9659,-0.2588,24.57,552.0,202.73,3.76,5.7431
2025-11-21 18:00,18,-1.0,-0.0,24.11,517.53,33.11,3.6,5.6025
2025-11-21 19:00,19,-0.9659,0.2588,24.34,442.97,0.0,6.56,4.6231
2025-11-21 20:00,20,-0.866,0.5,18.99,422.17,0.0,3.66,4.6147
2025-11-21 21:00,21,-0.7071,0.7071,18.97,411.49,0.0,9.74,3.5919
2025-11-21 22:00,22,-0.5,0.866,18.22,525.4,15.38,12.66,3.6685
2025-11-21 23:00,23,-0.2588,0.9659,14.01,533.55,1.2,3.39,4.042
2025-11-22 00:00,0,0.0,1.0,14.55,525.34,0.0,4.64,3.8589
2025-11-22 01:00,1,0.2588,0.9659,14.18,430.38,0.0,4.97,3.0108
2025-11-22 02:00,2,0.5,0.866,13.81,387.79,21.63,5.12,3.1592
2025-11-22 03:00,3,0.7071,0.7071,15.49,428.35,0.0,3.77,3.3709
2025-11-22 04:00,4,0.866,0.5,15.56,490.82,2.89,2.34,3.7089
2025-11-22 05:00,5,0.9659,0.2588,15.92,550.61,0.0,1.3,4.6434
2025-11-22 06:00,6,1.0,0.0,18.64,500.91,0.0,1.84,4.8238
2025-11-22 07:00,7,0.9659,-0.2588,22.03,449.29,257.48,8.37,4.0417
2025-11-22 08:00,8,0.866,-0.5,23.46,409.6,380.67,3.15,3.9686
2025-11-22 09:00,9,0.7071,-0.7071,19.67,462.82,574.69,1.55,4.1191
2025-11-22 10:00,10,0.5,-0.866,24.87,517.99,773.13,5.44,4.9656
2025-11-22 11:00,11,0.2588,-0.9659,24.98,557.81,837.06,1.54,4.993
2025-11-22 12:00,12,0.0,-1.0,26.43,533.5,841.86,1.48,5.4371
2025-11-22 13:00,13,-0.2588,-0.9659,26.2,428.09,852.2,5.42,4.3206
2025-11-22 14:00,14,-0.5,-0.866,27.18,377.68,747.29,5.2,4.5794
2025-11-22 15:00,15,-0.7071,-0.7071,27.02,440.5,606.86,1.13,4.9196
2025-11-22 16:00,16,-0.866,-0.5,25.33,491.16,430.64,4.32,5.0592
2025-11-22 17:00,17,-0.9659,-0.2588,23.9,586.81,231.63,4.16,5.9653
2025-11-22 18:00,18,-1.0,-0.0,23.33,534.33,12.64,4.89,5.6476
2025-11-22 19:00,19,-0.9659,0.2588,22.9,469.96,54.9,6.36,4.9731
2025-11-22 20:00,20,-0.866,0.5,21.9,400.94,0.0,3.17,4.3898
2025-11-22 21:00,21,-0.7071,0.7071,20.73,445.76,0.0,4.14,4.3083
2025-11-22 22:00,22,-0.5,0.866,17.26,505.61,0.0,6.9,4.2325
2025-11-22 23:00,23,-0.2588,0.9659,17.18,563.24,0.0,8.8,3.8163
2025-11-23 00:00,0,0.0,1.0,17.25,494.27,46.57,8.19,3.3565
2025-11-23 01:00,1,0.2588,0.9659,16.95,399.35,24.61,4.43,2.8895
2025-11-23 02:00,2,0.5,0.866,14.91,388.14,0.0,4.72,2.4066
2025-11-23 03:00,3,0.7071,0.7071,14.87,415.67,0.75,4.77,3.3198
2025-11-23 04:00,4,0.866,0.5,16.09,534.67,0.0,7.84,4.1324
2025-11-23 05:00,5,0.9659,0.2588,15.03,577.24,0.0,7.44,4.3299
2025-11-23 06:00,6,1.0,0.0,17.71,491.46,3.74,3.36,4.3778
2025-11-23 07:00,7,0.9659,-0.2588,20.56,456.88,207.63,2.32,4.3156
2025-11-23 08:00,8,0.866,-0.5,21.96,414.27,398.89,3.8,4.0035
2025-11-23 09:00,9,0.7071,-0.7071,22.15,413.95,613.29,3.21,4.3495
2025-11-23 10:00,10,0.5,-0.866,24.33,506.65,734.07,9.54,4.6199
2025-11-23 11:00,11,0.2588,-0.9659,24.01,541.3,781.85,3.06,4.9838
2025-11-23 12:00,12,0.0,-1.0,27.25,523.72,798.12,2.46,5.5463
2025-11-23 13:00,13,-0.2588,-0.9659,26.68,419.07,806.79,8.34,4.4827
2025-11-23 14:00,14,-0.5,-0.866,26.59,398.52,696.41,1.65,4.8669
2025-11-23 15:00,15,-0.7071,-0.7071,26.25,427.21,554.32,3.02,4.9931
2025-11-23 16:00,16,-0.866,-0.5,26.1,519.6,453.22,4.18,5.5031
2025-11-23 17:00,17,-0.9659,-0.2588,24.57,546.75,217.55,5.23,5.2647
2025-11-23 18:00,18,-1.0,-0.0,24.99,504.47,0.0,3.47,5.2038
2025-11-23 19:00,19,-0.9659,0.2588,21.96,434.3,0.0,4.55,4.7691
2025-11-23 20:00,20,-0.866,0.5,23.39,430.54,0.0,2.59,4.3976
2025-11-23 21:00,21,-0.7071,0.7071,21.64,431.25,10.27,5.08,3.8408
2025-11-23 22:00,22,-0.5,0.866,16.66,496.88,0.0,3.98,3.7349
2025-11-23 23:00,23,-0.2588,0.9659,16.86,558.75,0.0,7.57,4.0396
2025-11-24 00:00,0,0.0,1.0,14.83,510.35,0.0,4.03,3.9284
2025-11-24 01:00,1,0.2588,0.9659,14.71,416.27,0.0,4.21,3.2553
2025-11-24 02:00,2,0.5,0.866,18.0,433.47,0.0,5.21,3.5527
2025-11-24 03:00,3,0.7071,0.7071,14.74,432.21,0.0,1.99,3.3804
2025-11-24 04:00,4,0.866,0.5,16.34,506.83,0.0,2.27,4.1224
2025-11-24 05:00,5,0.9659,0.2588,17.57,552.4,1.38,6.87,4.4224
2025-11-24 06:00,6,1.0,0.0,16.5,538.45,0.0,3.11,4.6457
2025-11-24 07:00,7,0.9659,-0.2588,18.16,412.3,225.77,5.91,3.4632
2025-11-24 08:00,8,0.866,-0.5,19.19,404.14,448.58,1.76,3.9193
2025-11-24 09:00,9,0.7071,-0.7071,21.22,468.81,615.87,7.22,3.6052
2025-11-24 10:00,10,0.5,-0.866,19.72,514.43,759.99,11.59,3.9017
2025-11-24 11:00,11,0.2588,-0.9659,26.06,531.47,799.84,3.76,4.9649
2025-11-24 12:00,12,0.0,-1.0,29.28,513.44,837.28,4.62,5.4792
2025-11-24 13:00,13,-0.2588,-0.9659,27.02,440.6,837.38,4.21,4.4757
2025-11-24 14:00,14,-0.5,-0.866,24.88,419.96,752.91,8.24,4.2384
2025-11-24 15:00,15,-0.7071,-0.7071,25.83,432.41,584.08,0.55,4.9903
2025-11-24 16:00,16,-0.866,-0.5,25.51,524.9,440.29,5.66,5.2223
2025-11-24 17:00,17,-0.9659,-0.2588,23.72,528.47,196.41,5.65,5.4598
2025-11-24 18:00,18,-1.0,-0.0,25.29,490.84,12.03,3.82,5.3256
2025-11-24 19:00,19,-0.9659,0.2588,23.77,430.26,0.0,2.74,5.2018
2025-11-24 20:00,20,-0.866,0.5,19.27,421.57,0.0,2.88,3.8963
2025-11-24 21:00,21,-0.7071,0.7071,20.53,438.53,0.0,6.98,4.0938
2025-11-24 22:00,22,-0.5,0.866,20.29,516.85,54.56,1.44,4.6092
2025-11-24 23:00,23,-0.2588,0.9659,19.61,554.17,5.07,5.01,4.4464
2025-11-25 00:00,0,0.0,1.0,20.1,529.14,57.51,3.33,4.34
2025-11-25 01:00,1,0.2588,0.9659,13.85,428.35,0.0,3.05,3.4763
2025-11-25 02:00,2,0.5,0.866,19.24,410.32,18.77,4.62,3.3851
2025-11-25 03:00,3,0.7071,0.7071,14.67,425.04,0.0,8.31,3.1354
2025-11-25 04:00,4,0.866,0.5,14.92,542.25,0.0,5.4,4.0168
2025-11-25 05:00,5,0.9659,0.2588,17.25,537.99,15.78,6.86,3.9204
2025-11-25 06:00,6,1.0,0.0,17.13,499.26,20.95,5.27,4.1368
2025-11-25 07:00,7,0.9659,-0.2588,20.05,445.75,200.01,6.02,4.158
2025-11-25 08:00,8,0.866,-0.5,19.02,401.2,450.98,4.14,3.5671
2025-11-25 09:00,9,0.7071,-0.7071,22.19,442.4,587.7,8.87,3.5819
2025-11-25 10:00,10,0.5,-0.866,25.93,515.91,732.02,4.59,4.963
2025-11-25 11:00,11,0.2588,-0.9659,25.16,533.64,810.2,4.93,5.0169
2025-11-25 12:00,12,0.0,-1.0,26.41,536.7,821.59,4.75,5.0056
2025-11-25 13:00,13,-0.2588,-0.9659,27.51,450.9,860.28,3.39,4.7558
2025-11-25 14:00,14,-0.5,-0.866,28.76,426.43,737.32,2.82,4.8768
2025-11-25 15:00,15,-0.7071,-0.7071,24.31,429.58,628.22,1.52,4.8465
2025-11-25 16:00,16,-0.866,-0.5,27.07,518.75,451.12,6.19,5.4663
2025-11-25 17:00,17,-0.9659,-0.2588,24.84,552.96,195.8,3.21,5.7112
2025-11-25 18:00,18,-1.0,-0.0,24.25,529.42,30.4,3.86,5.7099
2025-11-25 19:00,19,-0.9659,0.2588,24.14,454.9,12.59,8.74,4.4409
2025-11-25 20:00,20,-0.866,0.5,19.21,402.9,0.0,5.03,4.3403
2025-11-25 21:00,21,-0.7071,0.7071,17.93,414.73,11.22,1.76,4.3759
2025-11-25 22:00,22,-0.5,0.866,15.1,539.19,0.0,6.97,3.9312
2025-11-25 23:00,23,-0.2588,0.9659,15.93,558.34,40.16,2.99,4.1302
2025-11-26 00:00,0,0.0,1.0,17.8,503.37,20.34,4.93,4.0928
2025-11-26 01:00,1,0.2588,0.9659,15.02,443.6,0.0,4.65,3.3769
2025-11-26 02:00,2,0.5,0.866,12.99,377.33,31.62,2.87,2.9736
2025-11-26 03:00,3,0.7071,0.7071,14.48,453.33,0.0,1.93,3.4518
2025-11-26 04:00,4,0.866,0.5,13.57,490.43,0.0,2.68,3.7725
2025-11-26 05:00,5,0.9659,0.2588,15.07,546.69,0.0,1.76,4.3828
2025-11-26 06:00,6,1.0,0.0,18.58,516.17,55.89,3.12,4.5336
2025-11-26 07:00,7,0.9659,-0.2588,17.69,453.08,193.23,13.37,3.0392
2025-11-26 08:00,8,0.866,-0.5,22.67,401.6,382.32,3.94,3.941
2025-11-26 09:00,9,0.7071,-0.7071,22.45,447.02,564.93,7.77,3.7001
2025-11-26 10:00,10,0.5,-0.866,24.13,512.08,758.78,4.91,4.5503
2025-11-26 11:00,11,0.2588,-0.9659,24.83,549.52,806.18,5.76,4.9534
2025-11-26 12:00,12,0.0,-1.0,27.36,513.78,846.02,2.27,5.3303
2025-11-26 13:00,13,-0.2588,-0.9659,27.97,434.66,840.11,3.12,4.8869
2025-11-26 14:00,14,-0.5,-0.866,27.5,374.7,732.17,4.65,4.5276
2025-11-26 15:00,15,-0.7071,-0.7071,27.64,425.98,606.14,8.03,4.2619
2025-11-26 16:00,16,-0.866,-0.5,25.88,516.17,438.38,1.15,5.8935
2025-11-26 17:00,17,-0.9659,-0.2588,26.06,546.26,209.23,4.62,5.5727
2025-11-26 18:00,18,-1.0,-0.0,23.49,510.16,0.0,1.26,5.5159
2025-11-26 19:00,19,-0.9659,0.2588,22.56,432.65,6.05,4.3,4.7041
2025-11-26 20:00,20,-0.866,0.5,20.59,387.05,21.7,5.48,3.8635
2025-11-26 21:00,21,-0.7071,0.7071,18.76,430.1,0.0,6.43,3.9212
2025-11-26 22:00,22,-0.5,0.866,16.97,507.9,0.0,2.12,4.4875
2025-11-26 23:00,23,-0.2588,0.9659,17.46,550.08,16.99,2.35,4.3351
2025-11-27 00:00,0,0.0,1.0,17.77,518.4,23.19,4.38,3.993
2025-11-27 01:00,1,0.2588,0.9659,16.96,434.79,5.0,13.73,2.6674
2025-11-27 02:00,2,0.5,0.866,13.12,384.56,6.71,3.65,3.0775
2025-11-27 03:00,3,0.7071,0.7071,17.14,416.53,0.0,4.11,3.2505
2025-11-27 04:00,4,0.866,0.5,15.33,551.46,12.5,4.14,4.0699
2025-11-27 05:00,5,0.9659,0.2588,17.66,533.05,21.33,1.6,4.3044
2025-11-27 06:00,6,1.0,0.0,16.64,504.72,1.41,6.71,3.892
2025-11-27 07:00,7,0.9659,-0.2588,19.66,445.26,282.28,2.97,3.7689
2025-11-27 08:00,8,0.866,-0.5,21.47,405.41,385.91,6.07,3.6097
2025-11-27 09:00,9,0.7071,-0.7071,20.33,445.31,605.11,4.42,4.339
2025-11-27 10:00,10,0.5,-0.866,24.91,505.86,706.76,5.35,4.823
2025-11-27 11:00,11,0.2588,-0.9659,27.26,553.58,843.03,1.3,5.6951
2025-11-27 12:00,12,0.0,-1.0,25.93,513.42,810.46,8.17,4.5476
2025-11-27 13:00,13,-0.2588,-0.9659,28.84,439.5,787.69,2.91,4.5356
2025-11-27 14:00,14,-0.5,-0.866,26.72,403.68,720.29,5.79,4.5043
2025-11-27 15:00,15,-0.7071,-0.7071,28.07,453.89,607.69,6.96,5.2121
2025-11-27 16:00,16,-0.866,-0.5,22.87,512.17,410.11,4.85,5.0914
2025-11-27 17:00,17,-0.9659,-0.2588,28.87,556.73,205.36,3.53,6.0444
2025-11-27 18:00,18,-1.0,-0.0,26.24,528.52,0.0,10.74,4.8878
2025-11-27 19:00,19,-0.9659,0.2588,22.13,451.92,0.0,3.14,4.8467
2025-11-27 20:00,20,-0.866,0.5,18.04,423.76,37.19,9.48,3.671
2025-11-27 21:00,21,-0.7071,0.7071,19.88,411.16,17.15,2.27,3.6692
2025-11-27 22:00,22,-0.5,0.866,15.83,526.08,0.0,3.86,4.0886
2025-11-27 23:00,23,-0.2588,0.9659,17.42,559.02,52.43,2.12,4.2974
2025-11-28 00:00,0,0.0,1.0,16.42,499.22,12.29,0.5,3.8133
2025-11-28 01:00,1,0.2588,0.9659,13.79,441.27,0.0,3.02,3.2135
2025-11-28 02:00,2,0.5,0.866,16.68,415.77,6.41,1.66,3.5507
2025-11-28 03:00,3,0.7071,0.7071,16.41,425.06,13.39,11.4,2.6666
2025-11-28 04:00,4,0.866,0.5,17.27,519.14,0.0,6.59,4.1412
2025-11-28 05:00,5,0.9659,0.2588,16.77,563.07,0.0,0.5,4.6806
2025-11-28 06:00,6,1.0,0.0,15.88,496.43,2.16,2.77,4.3351
2025-11-28 07:00,7,0.9659,-0.2588,20.91,435.37,210.99,5.79,4.0173
2025-11-28 08:00,8,0.866,-0.5,20.59,404.51,461.98,3.92,4.0759
2025-11-28 09:00,9,0.7071,-0.7071,20.47,425.56,619.57,7.34,3.5236
2025-11-28 10:00,10,0.5,-0.866,26.03,499.31,720.1,4.61,4.839
2025-11-28 11:00,11,0.2588,-0.9659,28.39,551.11,831.69,5.66,4.9872
2025-11-28 12:00,12,0.0,-1.0,26.13,524.52,881.68,5.24,5.3063
2025-11-28 13:00,13,-0.2588,-0.9659,30.03,463.43,786.19,5.55,4.7461
2025-11-28 14:00,14,-0.5,-0.866,27.14,387.08,710.55,2.81,4.6709
2025-11-28 15:00,15,-0.7071,-0.7071,26.22,447.28,600.76,3.76,5.2476
2025-11-28 16:00,16,-0.866,-0.5,25.25,499.96,425.89,1.25,5.2661
2025-11-28 17:00,17,-0.9659,-0.2588,27.7,525.85,218.69,5.18,5.7368
2025-11-28 18:00,18,-1.0,-0.0,22.83,506.99,0.0,4.31,5.1425
2025-11-28 19:00,19,-0.9659,0.2588,23.66,454.34,0.0,6.58,5.1564
2025-11-28 20:00,20,-0.866,0.5,20.16,409.84,9.61,2.64,3.8986
2025-11-28 21:00,21,-0.7071,0.7071,18.76,437.48,28.35,4.17,3.7306
2025-11-28 22:00,22,-0.5,0.866,19.55,506.25,0.0,2.46,4.273
2025-11-28 23:00,23,-0.2588,0.9659,16.19,544.15,60.96,5.37,3.8809
2025-11-29 00:00,0,0.0,1.0,15.2,514.13,49.02,7.55,3.6863
2025-11-29 01:00,1,0.2588,0.9659,16.9,421.47,33.23,6.62,3.4716
2025-11-29 02:00,2,0.5,0.866,17.4,394.78,15.56,9.34,3.0023
2025-11-29 03:00,3,0.7071,0.7071,16.17,434.27,50.2,10.39,2.9198
2025-11-29 04:00,4,0.866,0.5,14.82,492.23,0.0,6.69,3.5868
2025-11-29 05:00,5,0.9659,0.2588,15.99,537.42,0.0,3.2,4.2187
2025-11-29 06:00,6,1.0,0.0,18.12,518.66,0.0,2.74,4.6296
2025-11-29 07:00,7,0.9659,-0.2588,19.93,437.64,194.92,4.24,3.9658
2025-11-29 08:00,8,0.866,-0.5,19.52,395.37,428.05,12.42,3.0841
2025-11-29 09:00,9,0.7071,-0.7071,23.64,423.83,608.54,4.01,3.9598
2025-11-29 10:00,10,0.5,-0.866,24.13,536.15,741.14,2.59,4.7603
2025-11-29 11:00,11,0.2588,-0.9659,22.67,537.43,820.73,9.35,4.4865
2025-11-29 12:00,12,0.0,-1.0,24.8,516.27,853.33,3.84,4.9663
2025-11-29 13:00,13,-0.2588,-0.9659,26.04,430.18,864.45,5.96,4.2652
2025-11-29 14:00,14,-0.5,-0.866,26.89,400.54,751.62,6.85,4.1642
2025-11-29 15:00,15,-0.7071,-0.7071,29.63,457.4,624.1,7.49,5.0113
2025-11-29 16:00,16,-0.866,-0.5,26.55,491.95,429.77,7.22,5.1717
2025-11-29 17:00,17,-0.9659,-0.2588,23.98,549.9,179.61,7.4,5.8004
2025-11-29 18:00,18,-1.0,-0.0,24.33,530.36,0.0,5.77,5.7474
2025-11-29 19:00,19,-0.9659,0.2588,22.02,463.92,52.07,3.96,4.5548
2025-11-29 20:00,20,-0.866,0.5,21.49,398.05,0.0,5.77,4.019
2025-11-29 21:00,21,-0.7071,0.7071,20.32,438.13,0.0,7.4,3.6473
2025-11-29 22:00,22,-0.5,0.866,19.81,545.67,6.14,3.61,4.3042
2025-11-29 23:00,23,-0.2588,0.9659,16.72,567.02,13.76,3.26,4.926
2025-11-30 00:00,0,0.0,1.0,18.26,503.24,16.92,3.57,4.3262
2025-11-30 01:00,1,0.2588,0.9659,16.57,428.22,44.36,4.92,3.1238
2025-11-30 02:00,2,0.5,0.866,13.94,414.35,37.52,1.28,3.5186
2025-11-30 03:00,3,0.7071,0.7071,18.52,422.33,0.0,6.76,3.5432
2025-11-30 04:00,4,0.866,0.5,16.29,528.82,24.22,2.13,3.8388
2025-11-30 05:00,5,0.9659,0.2588,15.5,555.01,0.0,2.08,4.6775
2025-11-30 06:00,6,1.0,0.0,20.48,520.27,0.0,2.58,4.6166
2025-11-30 07:00,7,0.9659,-0.2588,22.56,433.65,192.65,5.1,4.1544
2025-11-30 08:00,8,0.866,-0.5,20.95,390.55,382.67,3.19,4.4453
2025-11-30 09:00,9,0.7071,-0.7071,21.8,459.43,600.25,3.73,4.573
2025-11-30 10:00,10,0.5,-0.866,23.74,508.8,712.22,9.01,4.3272
2025-11-30 11:00,11,0.2588,-0.9659,26.31,543.84,844.23,7.54,5.1353
2025-11-30 12:00,12,0.0,-1.0,28.11,512.2,842.97,7.6,4.4828
2025-11-30 13:00,13,-0.2588,-0.9659,27.65,440.4,828.75,5.11,4.7505
2025-11-30 14:00,14,-0.5,-0.866,27.15,384.54,770.31,7.8,4.2443
2025-11-30 15:00,15,-0.7071,-0.7071,29.04,437.37,563.91,6.75,4.9985
2025-11-30 16:00,16,-0.866,-0.5,25.73,503.23,406.88,9.63,4.8462
2025-11-30 17:00,17,-0.9659,-0.2588,26.79,562.68,224.52,1.42,6.1508
2025-11-30 18:00,18,-1.0,-0.0,23.57,499.21,7.81,0.94,5.7512
2025-11-30 19:00,19,-0.9659,0.2588,23.2,411.16,27.59,2.41,4.2044
2025-11-30 20:00,20,-0.866,0.5,20.83,370.49,21.68,8.95,3.5159
2025-11-30 21:00,21,-0.7071,0.7071,19.36,415.44,2.42,5.3,3.692
2025-11-30 22:00,22,-0.5,0.866,17.43,532.92,7.59,4.1,4.5422
2025-11-30 23:00,23,-0.2588,0.9659,18.77,550.24,8.28,4.66,4.6792
2025-12-01 00:00,0,0.0,1.0,11.78,520.02,0.0,7.32,3.3636
2025-12-01 01:00,1,0.2588,0.9659,11.17,445.55,0.0,8.95,2.5659
2025-12-01 02:00,2,0.5,0.866,15.25,400.84,6.21,6.29,2.9442
2025-12-01 03:00,3,0.7071,0.7071,13.74,436.38,11.46,6.57,2.839
2025-12-01 04:00,4,0.866,0.5,10.0,528.17,0.0,3.42,3.7255
2025-12-01 05:00,5,0.9659,0.2588,12.98,552.19,0.0,4.36,4.1
2025-12-01 06:00,6,1.0,0.0,12.35,533.49,0.0,8.09,4.0147
2025-12-01 07:00,7,0.9659,-0.2588,15.09,446.81,269.18,6.83,3.5631
2025-12-01 08:00,8,0.866,-0.5,13.36,390.73,404.52,5.91,3.1938
2025-12-01 09:00,9,0.7071,-0.7071,19.42,430.04,630.39,1.43,4.3917
2025-12-01 10:00,10,0.5,-0.866,19.36,501.59,775.74,1.1,4.6207
2025-12-01 11:00,11,0.2588,-0.9659,22.4,568.26,822.17,2.06,5.1245
2025-12-01 12:00,12,0.0,-1.0,20.83,506.42,833.0,5.13,4.5307
2025-12-01 13:00,13,-0.2588,-0.9659,23.99,425.52,833.86,4.82,4.1978
2025-12-01 14:00,14,-0.5,-0.866,23.45,404.8,741.0,9.3,3.7625
2025-12-01 15:00,15,-0.7071,-0.7071,26.12,436.04,579.56,5.99,4.4356
2025-12-01 16:00,16,-0.866,-0.5,25.38,516.92,408.53,3.25,5.7186
2025-12-01 17:00,17,-0.9659,-0.2588,23.49,578.35,231.34,2.31,5.759
2025-12-01 18:00,18,-1.0,-0.0,20.58,526.2,23.34,7.57,5.1224
2025-12-01 19:00,19,-0.9659,0.2588,22.6,437.91,0.0,4.31,4.6321
2025-12-01 20:00,20,-0.866,0.5,15.74,378.87,0.0,5.66,3.5919
2025-12-01 21:00,21,-0.7071,0.7071,14.41,430.0,16.72,5.02,3.9053
2025-12-01 22:00,22,-0.5,0.866,14.95,523.17,0.0,1.85,4.4101
2025-12-01 23:00,23,-0.2588,0.9659,17.21,532.43,0.0,1.33,4.2701
2025-12-02 00:00,0,0.0,1.0,12.57,544.61,0.0,3.78,3.8433
2025-12-02 01:00,1,0.2588,0.9659,12.0,437.72,0.0,3.68,3.3504
2025-12-02 02:00,2,0.5,0.866,10.0,400.73,66.72,5.82,2.6701
2025-12-02 03:00,3,0.7071,0.7071,13.7,427.5,0.0,5.5,3.2872
2025-12-02 04:00,4,0.866,0.5,14.31,519.95,34.13,10.25,3.3791
2025-12-02 05:00,5,0.9659,0.2588,15.01,532.63,42.1,7.69,3.5884
2025-12-02 06:00,6,1.0,0.0,14.13,544.97,0.0,4.56,4.4451
2025-12-02 07:00,7,0.9659,-0.2588,15.46,457.26,229.21,4.58,3.8521
2025-12-02 08:00,8,0.866,-0.5,16.13,414.76,427.56,5.82,3.518
2025-12-02 09:00,9,0.7071,-0.7071,19.75,416.64,560.74,1.91,3.7623
2025-12-02 10:00,10,0.5,-0.866,19.45,515.58,697.32,16.61,3.4572
2025-12-02 11:00,11,0.2588,-0.9659,20.55,568.14,822.26,4.7,4.7096
2025-12-02 12:00,12,0.0,-1.0,22.63,521.4,839.38,8.53,4.6115
2025-12-02 13:00,13,-0.2588,-0.9659,23.13,422.47,868.33,10.17,3.9271
2025-12-02 14:00,14,-0.5,-0.866,23.26,390.25,730.21,5.13,4.1777
2025-12-02 15:00,15,-0.7071,-0.7071,24.57,430.72,649.81,1.82,5.0156
2025-12-02 16:00,16,-0.866,-0.5,23.39,503.45,413.09,5.08,5.4414
2025-12-02 17:00,17,-0.9659,-0.2588,21.88,572.93,267.8,5.25,5.5814
2025-12-02 18:00,18,-1.0,-0.0,21.35,483.68,12.66,6.86,5.032
2025-12-02 19:00,19,-0.9659,0.2588,18.14,447.34,14.08,1.22,4.5926
2025-12-02 20:00,20,-0.866,0.5,18.23,380.62,0.0,4.36,3.7109
2025-12-02 21:00,21,-0.7071,0.7071,16.74,423.08,14.42,8.8,3.6909
2025-12-02 22:00,22,-0.5,0.866,12.82,482.35,42.32,11.98,3.0049
2025-12-02 23:00,23,-0.2588,0.9659,15.32,541.76,0.0,2.53,4.4504
2025-12-03 00:00,0,0.0,1.0,11.55,535.16,0.0,7.86,3.8723
2025-12-03 01:00,1,0.2588,0.9659,12.41,441.47,0.0,2.19,3.4701
2025-12-03 02:00,2,0.5,0.866,13.82,382.02,40.5,7.46,2.5726
2025-12-03 03:00,3,0.7071,0.7071,13.66,452.76,21.38,3.13,3.1484
2025-12-03 04:00,4,0.866,0.5,12.93,530.97,36.19,9.85,3.4746
2025-12-03 05:00,5,0.9659,0.2588,13.29,551.56,7.84,6.0,4.2513
2025-12-03 06:00,6,1.0,0.0,16.49,543.02,0.98,3.93,4.4837
2025-12-03 07:00,7,0.9659,-0.2588,17.53,449.82,230.59,3.16,4.1876
2025-12-03 08:00,8,0.866,-0.5,17.14,410.24,451.75,2.85,3.7635
2025-12-03 09:00,9,0.7071,-0.7071,18.43,425.45,594.86,5.88,3.7394
2025-12-03 10:00,10,0.5,-0.866,17.96,521.91,770.34,8.27,4.0182
2025-12-03 11:00,11,0.2588,-0.9659,22.55,553.25,830.18,6.52,4.4855
2025-12-03 12:00,12,0.0,-1.0,23.14,520.3,789.84,7.38,4.6112
2025-12-03 13:00,13,-0.2588,-0.9659,25.57,427.23,843.12,6.78,4.2126
2025-12-03 14:00,14,-0.5,-0.866,24.61,401.92,704.31,10.82,4.059
2025-12-03 15:00,15,-0.7071,-0.7071,25.87,425.25,622.52,6.55,4.5371
2025-12-03 16:00,16,-0.866,-0.5,22.22,480.29,447.54,2.67,5.2842
2025-12-03 17:00,17,-0.9659,-0.2588,24.02,564.97,228.24,6.89,5.565
2025-12-03 18:00,18,-1.0,-0.0,20.28,489.96,13.59,3.43,5.0295
2025-12-03 19:00,19,-0.9659,0.2588,20.79,439.11,27.47,12.87,3.7565
2025-12-03 20:00,20,-0.866,0.5,15.88,405.0,0.0,3.78,3.7938
2025-12-03 21:00,21,-0.7071,0.7071,16.87,442.4,19.84,3.24,4.0637
2025-12-03 22:00,22,-0.5,0.866,12.09,508.25,29.08,2.88,3.9251
2025-12-03 23:00,23,-0.2588,0.9659,13.43,554.07,44.0,5.7,3.7749
2025-12-04 00:00,0,0.0,1.0,13.54,519.56,0.0,1.87,4.1984
2025-12-04 01:00,1,0.2588,0.9659,11.49,448.52,10.21,9.64,2.79
2025-12-04 02:00,2,0.5,0.866,10.5,426.0,0.0,3.25,3.0864
2025-12-04 03:00,3,0.7071,0.7071,13.55,441.01,0.0,3.25,3.1841
2025-12-04 04:00,4,0.866,0.5,12.72,513.46,8.98,1.19,3.7885
2025-12-04 05:00,5,0.9659,0.2588,13.09,536.4,1.94,2.92,4.1456
2025-12-04 06:00,6,1.0,0.0,15.13,519.04,28.63,4.05,3.8388
2025-12-04 07:00,7,0.9659,-0.2588,20.47,447.51,211.34,3.74,4.2789
2025-12-04 08:00,8,0.866,-0.5,19.8,397.12,421.65,3.11,3.639
2025-12-04 09:00,9,0.7071,-0.7071,21.37,445.67,606.33,1.12,4.2773
2025-12-04 10:00,10,0.5,-0.866,21.73,508.11,714.58,3.29,4.7394
2025-12-04 11:00,11,0.2588,-0.9659,22.56,560.06,802.96,6.75,4.7893
2025-12-04 12:00,12,0.0,-1.0,19.67,526.19,877.9,4.18,4.4352
2025-12-04 13:00,13,-0.2588,-0.9659,22.85,450.98,807.31,3.22,4.8952
2025-12-04 14:00,14,-0.5,-0.866,23.35,401.77,765.68,3.32,4.0561
2025-12-04 15:00,15,-0.7071,-0.7071,21.06,421.9,616.22,4.95,3.9099
2025-12-04 16:00,16,-0.866,-0.5,21.53,503.32,386.31,3.3,5.3688
2025-12-04 17:00,17,-0.9659,-0.2588,19.34,558.93,233.26,5.49,4.9967
2025-12-04 18:00,18,-1.0,-0.0,21.01,549.23,13.06,11.73,5.182
2025-12-04 19:00,19,-0.9659,0.2588,20.85,432.39,10.57,1.13,4.8545
2025-12-04 20:00,20,-0.866,0.5,19.73,406.84,0.0,2.36,4.3201
2025-12-04 21:00,21,-0.7071,0.7071,17.14,429.16,0.0,2.44,3.9305
2025-12-04 22:00,22,-0.5,0.866,13.63,497.89,33.66,4.23,3.7533
2025-12-04 23:00,23,-0.2588,0.9659,10.93,539.86,0.0,1.13,4.0653
2025-12-05 00:00,0,0.0,1.0,10.24,481.26,0.0,4.43,3.1867
2025-12-05 01:00,1,0.2588,0.9659,10.37,457.8,11.44,8.94,3.0438
2025-12-05 02:00,2,0.5,0.866,10.74,366.55,0.0,0.59,2.716
2025-12-05 03:00,3,0.7071,0.7071,12.04,433.54,0.0,3.71,3.2777
2025-12-05 04:00,4,0.866,0.5,11.35,494.83,0.0,6.58,3.6027
2025-12-05 05:00,5,0.9659,0.2588,14.34,536.73,0.0,2.25,4.1309
2025-12-05 06:00,6,1.0,0.0,14.72,533.15,0.0,1.56,4.6037
2025-12-05 07:00,7,0.9659,-0.2588,16.53,440.52,240.16,5.49,3.4998
2025-12-05 08:00,8,0.866,-0.5,19.78,385.52,422.15,0.55,3.8608
2025-12-05 09:00,9,0.7071,-0.7071,17.85,428.66,632.35,7.0,3.4501
2025-12-05 10:00,10,0.5,-0.866,21.7,501.02,714.76,1.45,4.6059
2025-12-05 11:00,11,0.2588,-0.9659,22.29,549.35,777.85,4.74,4.9593
2025-12-05 12:00,12,0.0,-1.0,22.77,515.09,853.72,6.38,4.4019
2025-12-05 13:00,13,-0.2588,-0.9659,25.2,465.93,867.44,2.9,4.975
2025-12-05 14:00,14,-0.5,-0.866,25.39,371.26,749.4,1.82,4.2037
2025-12-05 15:00,15,-0.7071,-0.7071,22.45,436.98,681.43,2.42,4.4017
2025-12-05 16:00,16,-0.866,-0.5,22.99,507.77,433.3,7.64,4.8825
2025-12-05 17:00,17,-0.9659,-0.2588,22.74,564.2,225.88,6.08,5.4151
2025-12-05 18:00,18,-1.0,-0.0,20.66,517.82,0.0,2.58,5.4811
2025-12-05 19:00,19,-0.9659,0.2588,20.5,446.36,10.7,6.17,4.486
2025-12-05 20:00,20,-0.866,0.5,18.49,405.18,4.22,6.11,3.5677
2025-12-05 21:00,21,-0.7071,0.7071,19.27,423.52,0.0,13.57,3.4988
2025-12-05 22:00,22,-0.5,0.866,12.78,530.67,0.0,3.88,4.0854
2025-12-05 23:00,23,-0.2588,0.9659,13.65,561.98,0.0,7.78,3.9946
2025-12-06 00:00,0,0.0,1.0,11.51,526.23,0.0,4.23,4.1819
2025-12-06 01:00,1,0.2588,0.9659,13.18,456.46,52.24,8.31,3.2225
2025-12-06 02:00,2,0.5,0.866,10.0,406.27,0.0,1.7,3.0331
2025-12-06 03:00,3,0.7071,0.7071,12.8,459.71,4.23,2.41,3.2071
2025-12-06 04:00,4,0.866,0.5,11.93,518.16,0.0,7.57,3.2396
2025-12-06 05:00,5,0.9659,0.2588,12.73,546.71,19.59,7.19,4.1147
2025-12-06 06:00,6,1.0,0.0,12.9,512.4,4.42,3.32,4.0692
2025-12-06 07:00,7,0.9659,-0.2588,15.82,437.14,213.0,5.24,3.629
2025-12-06 08:00,8,0.866,-0.5,19.7,392.21,376.85,3.82,3.5088
2025-12-06 09:00,9,0.7071,-0.7071,19.59,461.98,607.12,0.56,4.4587
2025-12-06 10:00,10,0.5,-0.866,22.01,516.94,728.38,0.89,5.1204
2025-12-06 11:00,11,0.2588,-0.9659,24.81,551.42,819.52,1.3,5.6092
2025-12-06 12:00,12,0.0,-1.0,23.66,518.32,820.44,5.22,4.7533
2025-12-06 13:00,13,-0.2588,-0.9659,23.03,482.2,856.87,3.15,4.8849
2025-12-06 14:00,14,-0.5,-0.866,24.77,383.02,757.54,2.17,4.404
2025-12-06 15:00,15,-0.7071,-0.7071,23.05,424.82,636.81,9.26,4.3257
2025-12-06 16:00,16,-0.866,-0.5,22.51,491.79,453.67,1.98,5.2031
2025-12-06 17:00,17,-0.9659,-0.2588,20.03,546.51,234.8,5.82,5.0592
2025-12-06 18:00,18,-1.0,-0.0,22.46,516.18,0.0,8.24,5.3471
2025-12-06 19:00,19,-0.9659,0.2588,19.05,430.52,46.08,2.33,4.5495
2025-12-06 20:00,20,-0.866,0.5,18.34,391.9,0.0,2.7,3.9889
2025-12-06 21:00,21,-0.7071,0.7071,14.96,439.64,0.0,5.08,3.8187
2025-12-06 22:00,22,-0.5,0.866,15.73,504.97,17.67,4.63,3.9297
2025-12-06 23:00,23,-0.2588,0.9659,12.69,554.65,18.91,4.72,4.1337
2025-12-07 00:00,0,0.0,1.0,12.66,529.21,14.31,4.95,3.7207
2025-12-07 01:00,1,0.2588,0.9659,13.59,447.66,0.0,9.52,2.7411
2025-12-07 02:00,2,0.5,0.866,13.26,413.22,0.0,1.29,3.7372
2025-12-07 03:00,3,0.7071,0.7071,12.24,453.79,63.36,6.57,2.8321
2025-12-07 04:00,4,0.866,0.5,10.22,516.74,0.0,2.83,3.8259
2025-12-07 05:00,5,0.9659,0.2588,18.32,547.62,0.0,3.76,4.5138
2025-12-07 06:00,6,1.0,0.0,17.69,500.92,0.0,1.68,4.286
2025-12-07 07:00,7,0.9659,-0.2588,17.6,431.63,226.11,4.22,3.7287
2025-12-07 08:00,8,0.866,-0.5,16.94,392.14,429.95,7.02,3.0049
2025-12-07 09:00,9,0.7071,-0.7071,19.45,448.48,600.64,1.77,4.6046
2025-12-07 10:00,10,0.5,-0.866,20.26,517.7,745.66,3.12,4.5519
2025-12-07 11:00,11,0.2588,-0.9659,24.21,560.45,865.13,3.76,5.055
2025-12-07 12:00,12,0.0,-1.0,23.66,495.09,835.12,1.82,5.3221
2025-12-07 13:00,13,-0.2588,-0.9659,22.69,458.98,822.11,6.59,4.2021
2025-12-07 14:00,14,-0.5,-0.866,23.37,393.6,719.93,6.84,4.3562
2025-12-07 15:00,15,-0.7071,-0.7071,25.55,421.0,608.41,7.39,4.5645
2025-12-07 16:00,16,-0.866,-0.5,25.67,505.91,410.79,5.15,4.8971
2025-12-07 17:00,17,-0.9659,-0.2588,24.61,587.26,206.86,4.63,5.8053
2025-12-07 18:00,18,-1.0,-0.0,22.21,506.68,0.0,3.04,5.4849
2025-12-07 19:00,19,-0.9659,0.2588,19.25,432.62,2.44,5.68,4.3592
2025-12-07 20:00,20,-0.866,0.5,13.21,397.12,10.74,4.22,3.6668
2025-12-07 21:00,21,-0.7071,0.7071,16.96,435.27,46.51,10.34,3.3082
2025-12-07 22:00,22,-0.5,0.866,15.07,500.78,11.74,10.21,3.4565
2025-12-07 23:00,23,-0.2588,0.9659,14.04,552.15,0.0,8.44,3.7957
2025-12-08 00:00,0,0.0,1.0,12.96,528.63,0.0,3.67,4.2773
2025-12-08 01:00,1,0.2588,0.9659,10.29,442.21,0.0,3.73,2.9197
2025-12-08 02:00,2,0.5,0.866,12.91,383.33,0.0,7.61,2.4793
2025-12-08 03:00,3,0.7071,0.7071,13.22,432.33,46.95,6.29,3.0006
2025-12-08 04:00,4,0.866,0.5,13.9,504.23,7.2,6.07,3.352
2025-12-08 05:00,5,0.9659,0.2588,15.25,550.79,0.0,3.15,4.4709
2025-12-08 06:00,6,1.0,0.0,15.98,532.46,0.0,7.36,3.9066
2025-12-08 07:00,7,0.9659,-0.2588,15.9,435.27,198.59,5.12,3.4632
2025-12-08 08:00,8,0.866,-0.5,17.97,398.68,409.77,4.23,3.3811
2025-12-08 09:00,9,0.7071,-0.7071,19.76,464.16,633.95,7.79,3.4942
2025-12-08 10:00,10,0.5,-0.866,21.23,525.64,735.37,3.89,4.9221
2025-12-08 11:00,11,0.2588,-0.9659,23.81,558.61,784.85,5.67,5.1054
2025-12-08 12:00,12,0.0,-1.0,24.23,541.87,907.76,4.36,5.1812
2025-12-08 13:00,13,-0.2588,-0.9659,26.98,444.85,792.53,5.21,4.8363
2025-12-08 14:00,14,-0.5,-0.866,27.38,370.2,721.35,1.12,4.5824
2025-12-08 15:00,15,-0.7071,-0.7071,23.99,449.99,633.79,4.32,4.7342
2025-12-08 16:00,16,-0.866,-0.5,17.51,488.62,435.38,4.96,4.8829
2025-12-08 17:00,17,-0.9659,-0.2588,24.17,556.78,208.25,4.53,5.9916
2025-12-08 18:00,18,-1.0,-0.0,20.26,486.79,0.0,7.54,4.5639
2025-12-08 19:00,19,-0.9659,0.2588,18.42,430.5,0.0,3.36,4.9696
2025-12-08 20:00,20,-0.866,0.5,17.47,394.54,0.0,8.07,3.358
2025-12-08 21:00,21,-0.7071,0.7071,15.85,425.95,0.18,3.95,3.7404
2025-12-08 22:00,22,-0.5,0.866,15.99,507.27,4.78,5.99,4.0351
2025-12-08 23:00,23,-0.2588,0.9659,11.49,565.49,0.0,1.66,4.3319
2025-12-09 00:00,0,0.0,1.0,11.26,501.79,0.0,2.6,4.0848
2025-12-09 01:00,1,0.2588,0.9659,12.79,445.68,0.0,6.58,3.2618
2025-12-09 02:00,2,0.5,0.866,13.01,385.52,7.33,0.61,3.195
2025-12-09 03:00,3,0.7071,0.7071,13.24,434.66,32.01,10.23,2.9384
2025-12-09 04:00,4,0.866,0.5,11.7,517.36,0.0,2.53,3.9391
2025-12-09 05:00,5,0.9659,0.2588,12.36,535.05,0.0,8.37,3.584
2025-12-09 06:00,6,1.0,0.0,14.31,492.82,2.08,4.68,4.1063
2025-12-09 07:00,7,0.9659,-0.2588,16.88,444.88,247.95,5.02,3.7677
2025-12-09 08:00,8,0.866,-0.5,20.3,416.85,402.63,1.63,3.899
2025-12-09 09:00,9,0.7071,-0.7071,16.55,436.31,637.31,3.71,4.0065
2025-12-09 10:00,10,0.5,-0.866,20.74,505.64,746.65,2.27,4.6095
2025-12-09 11:00,11,0.2588,-0.9659,20.32,552.34,821.75,4.75,4.555
2025-12-09 12:00,12,0.0,-1.0,20.79,513.33,880.33,4.92,4.4028
2025-12-09 13:00,13,-0.2588,-0.9659,25.32,441.14,791.49,6.12,4.5868
2025-12-09 14:00,14,-0.5,-0.866,24.89,362.08,749.17,7.98,4.079
2025-12-09 15:00,15,-0.7071,-0.7071,24.54,421.46,611.8,4.37,4.7079
2025-12-09 16:00,16,-0.866,-0.5,24.65,499.82,401.61,2.84,5.4738
2025-12-09 17:00,17,-0.9659,-0.2588,21.59,552.26,231.51,3.5,5.3699
2025-12-09 18:00,18,-1.0,-0.0,20.42,515.29,7.08,7.54,5.0187
2025-12-09 19:00,19,-0.9659,0.2588,22.9,447.04,0.0,2.18,4.8624
2025-12-09 20:00,20,-0.866,0.5,17.7,403.86,21.57,5.46,3.8275
2025-12-09 21:00,21,-0.7071,0.7071,17.62,417.99,0.0,0.63,4.1152
2025-12-09 22:00,22,-0.5,0.866,15.08,534.21,6.76,2.92,4.2341
2025-12-09 23:00,23,-0.2588,0.9659,11.06,569.08,0.0,5.2,4.18
2025-12-10 00:00,0,0.0,1.0,10.0,493.63,0.0,4.29,3.2353
2025-12-10 01:00,1,0.2588,0.9659,11.41,442.49,12.57,4.54,2.8359
2025-12-10 02:00,2,0.5,0.866,13.66,391.07,0.0,5.72,2.6552
2025-12-10 03:00,3,0.7071,0.7071,13.46,439.58,0.0,2.84,3.5418
2025-12-10 04:00,4,0.866,0.5,14.25,528.3,0.0,3.16,4.1138
2025-12-10 05:00,5,0.9659,0.2588,12.35,581.95,19.73,5.91,3.8248
2025-12-10 06:00,6,1.0,0.0,17.5,523.77,0.0,4.84,4.5087
2025-12-10 07:00,7,0.9659,-0.2588,15.07,441.92,226.98,0.67,3.9663
2025-12-10 08:00,8,0.866,-0.5,18.39,394.9,426.37,5.79,3.3907
2025-12-10 09:00,9,0.7071,-0.7071,19.61,440.23,591.83,5.41,3.8363
2025-12-10 10:00,10,0.5,-0.866,20.81,532.9,785.04,1.57,4.5421
2025-12-10 11:00,11,0.2588,-0.9659,24.32,549.33,825.53,6.45,4.9032
2025-12-10 12:00,12,0.0,-1.0,22.21,499.21,868.89,4.73,4.3638
2025-12-10 13:00,13,-0.2588,-0.9659,21.84,413.2,828.16,2.63,4.2434
2025-12-10 14:00,14,-0.5,-0.866,24.1,407.7,730.33,4.98,4.29
2025-12-10 15:00,15,-0.7071,-0.7071,23.27,441.21,600.56,5.23,4.7632
2025-12-10 16:00,16,-0.866,-0.5,28.33,505.48,461.46,8.74,5.1328
2025-12-10 17:00,17,-0.9659,-0.2588,23.33,565.39,247.2,6.4,5.6265
2025-12-10 18:00,18,-1.0,-0.0,20.46,506.17,48.8,3.3,4.9768
2025-12-10 19:00,19,-0.9659,0.2588,18.04,435.48,5.54,1.95,4.5525
2025-12-10 20:00,20,-0.866,0.5,15.25,399.75,0.0,7.62,3.6613
2025-12-10 21:00,21,-0.7071,0.7071,14.98,432.24,0.0,7.52,3.8019
2025-12-10 22:00,22,-0.5,0.866,15.24,516.04,0.0,2.41,4.0771
2025-12-10 23:00,23,-0.2588,0.9659,15.97,567.27,19.18,1.39,4.4094
2025-12-11 00:00,0,0.0,1.0,14.56,495.36,0.0,6.14,3.6847
2025-12-11 01:00,1,0.2588,0.9659,12.62,444.83,0.0,6.23,3.3926
2025-12-11 02:00,2,0.5,0.866,11.59,402.58,61.59,2.43,2.9978
2025-12-11 03:00,3,0.7071,0.7071,12.68,439.81,0.0,5.78,2.8778
2025-12-11 04:00,4,0.866,0.5,12.1,525.58,0.0,3.15,3.6825
2025-12-11 05:00,5,0.9659,0.2588,16.41,550.74,41.79,3.02,4.4442
2025-12-11 06:00,6,1.0,0.0,14.79,519.7,0.0,3.44,4.3765
2025-12-11 07:00,7,0.9659,-0.2588,16.39,448.24,248.41,4.71,3.7241
2025-12-11 08:00,8,0.866,-0.5,14.75,392.43,410.31,7.03,2.9492
2025-12-11 09:00,9,0.7071,-0.7071,19.33,441.99,567.95,4.57,4.1889
2025-12-11 10:00,10,0.5,-0.866,22.33,508.74,778.76,3.27,4.555
2025-12-11 11:00,11,0.2588,-0.9659,20.71,548.01,844.11,8.07,4.6071
2025-12-11 12:00,12,0.0,-1.0,22.14,507.67,873.0,1.31,4.5645
2025-12-11 13:00,13,-0.2588,-0.9659,25.06,444.57,830.23,6.95,4.6214
2025-12-11 14:00,14,-0.5,-0.866,21.86,401.22,751.1,6.81,3.8864
2025-12-11 15:00,15,-0.7071,-0.7071,25.45,443.42,570.24,2.97,5.2262
2025-12-11 16:00,16,-0.866,-0.5,22.47,512.24,427.79,2.59,5.4377
2025-12-11 17:00,17,-0.9659,-0.2588,21.73,525.94,196.78,7.93,4.7925
2025-12-11 18:00,18,-1.0,-0.0,19.39,512.97,0.0,4.98,5.1721
2025-12-11 19:00,19,-0.9659,0.2588,20.19,438.45,10.27,1.19,5.105
2025-12-11 20:00,20,-0.866,0.5,21.76,403.64,28.95,8.19,3.7768
2025-12-11 21:00,21,-0.7071,0.7071,17.69,428.59,0.0,3.6,4.3184
2025-12-11 22:00,22,-0.5,0.866,13.78,494.57,0.0,3.56,4.0707
2025-12-11 23:00,23,-0.2588,0.9659,15.53,559.37,0.0,5.58,4.4756
2025-12-12 00:00,0,0.0,1.0,12.4,508.4,0.18,5.72,3.6003
2025-12-12 01:00,1,0.2588,0.9659,14.34,440.07,19.0,3.63,3.2919
2025-12-12 02:00,2,0.5,0.866,13.28,395.78,19.79,2.16,3.4321
2025-12-12 03:00,3,0.7071,0.7071,10.0,437.41,13.63,4.93,3.1165
2025-12-12 04:00,4,0.866,0.5,11.37,505.76,0.0,5.45,3.5102
2025-12-12 05:00,5,0.9659,0.2588,15.25,535.48,0.0,7.72,4.0287
2025-12-12 06:00,6,1.0,0.0,15.3,519.61,19.89,4.48,4.1228
2025-12-12 07:00,7,0.9659,-0.2588,14.98,428.45,240.3,5.6,3.5213
2025-12-12 08:00,8,0.866,-0.5,17.12,402.46,420.7,1.3,4.0287
2025-12-12 09:00,9,0.7071,-0.7071,16.77,443.66,590.39,8.25,3.4924
2025-12-12 10:00,10,0.5,-0.866,20.94,503.7,765.3,3.46,4.3348
2025-12-12 11:00,11,0.2588,-0.9659,25.63,531.94,812.04,5.5,4.7286
2025-12-12 12:00,12,0.0,-1.0,24.48,548.89,868.65,8.66,4.7914
2025-12-12 13:00,13,-0.2588,-0.9659,27.15,429.58,817.62,7.09,4.2523
2025-12-12 14:00,14,-0.5,-0.866,25.4,409.35,709.93,5.54,4.1417
2025-12-12 15:00,15,-0.7071,-0.7071,25.41,466.59,641.35,6.07,4.5531
2025-12-12 16:00,16,-0.866,-0.5,26.23,524.35,428.0,8.76,5.3899
2025-12-12 17:00,17,-0.9659,-0.2588,22.88,545.49,202.23,7.11,5.2989
2025-12-12 18:00,18,-1.0,-0.0,20.79,511.49,0.0,5.34,5.1824
2025-12-12 19:00,19,-0.9659,0.2588,21.17,425.01,0.0,5.7,4.2264
2025-12-12 20:00,20,-0.866,0.5,20.25,413.23,0.0,2.2,4.232
2025-12-12 21:00,21,-0.7071,0.7071,15.8,445.99,48.13,4.38,3.7504
2025-12-12 22:00,22,-0.5,0.866,13.99,504.78,0.0,3.29,4.0366
2025-12-12 23:00,23,-0.2588,0.9659,14.04,534.37,36.19,4.14,3.6949
2025-12-13 00:00,0,0.0,1.0,14.12,492.68,0.0,5.73,3.7887
2025-12-13 01:00,1,0.2588,0.9659,13.47,452.3,0.0,2.21,3.4673
2025-12-13 02:00,2,0.5,0.866,10.0,401.81,0.0,0.73,3.0761
2025-12-13 03:00,3,0.7071,0.7071,15.14,440.72,0.0,3.91,3.5763
2025-12-13 04:00,4,0.866,0.5,11.91,500.16,0.0,3.43,3.873
2025-12-13 05:00,5,0.9659,0.2588,13.43,528.05,0.0,4.06,3.9465
2025-12-13 06:00,6,1.0,0.0,13.72,526.94,0.0,9.0,3.9915
2025-12-13 07:00,7,0.9659,-0.2588,20.57,438.13,257.82,6.09,3.9593
2025-12-13 08:00,8,0.866,-0.5,18.43,413.61,430.28,3.46,3.8302
2025-12-13 09:00,9,0.7071,-0.7071,18.35,431.71,583.88,2.44,4.1979
2025-12-13 10:00,10,0.5,-0.866,22.37,508.95,741.67,5.4,4.6697
2025-12-13 11:00,11,0.2588,-0.9659,23.47,560.7,800.15,5.69,5.1204
2025-12-13 12:00,12,0.0,-1.0,22.99,523.49,783.22,4.47,5.2056
2025-12-13 13:00,13,-0.2588,-0.9659,25.13,449.46,894.95,2.69,4.6705
2025-12-13 14:00,14,-0.5,-0.866,22.83,395.57,740.86,0.94,4.5093
2025-12-13 15:00,15,-0.7071,-0.7071,23.13,446.72,586.32,3.06,4.9788
2025-12-13 16:00,16,-0.866,-0.5,20.25,529.14,376.65,4.3,5.1823
2025-12-13 17:00,17,-0.9659,-0.2588,20.33,548.43,182.64,6.85,5.3306
2025-12-13 18:00,18,-1.0,-0.0,23.78,504.8,41.36,7.63,4.9782
2025-12-13 19:00,19,-0.9659,0.2588,22.09,457.64,37.55,4.01,4.3128
2025-12-13 20:00,20,-0.866,0.5,18.17,390.18,18.83,6.94,3.8192
2025-12-13 21:00,21,-0.7071,0.7071,19.01,446.94,0.0,12.32,3.2204
2025-12-13 22:00,22,-0.5,0.866,14.83,511.62,37.75,6.18,3.7885
2025-12-13 23:00,23,-0.2588,0.9659,13.46,522.38,11.24,6.28,3.9461
2025-12-14 00:00,0,0.0,1.0,12.96,529.43,16.37,8.53,3.6749
2025-12-14 01:00,1,0.2588,0.9659,12.09,396.13,11.15,3.53,3.1516
2025-12-14 02:00,2,0.5,0.866,11.75,370.24,0.0,0.58,2.5455
2025-12-14 03:00,3,0.7071,0.7071,13.99,445.41,0.0,11.46,2.8474
2025-12-14 04:00,4,0.866,0.5,13.1,520.41,0.0,4.52,3.7733
2025-12-14 05:00,5,0.9659,0.2588,14.9,540.44,16.09,6.83,4.2014
2025-12-14 06:00,6,1.0,0.0,16.62,514.72,0.0,7.12,4.4029
2025-12-14 07:00,7,0.9659,-0.2588,17.1,399.53,215.61,3.92,3.3336
2025-12-14 08:00,8,0.866,-0.5,16.62,410.6,420.58,4.86,3.5481
2025-12-14 09:00,9,0.7071,-0.7071,17.6,441.25,620.86,4.85,3.9473
2025-12-14 10:00,10,0.5,-0.866,21.29,511.82,752.99,2.74,4.5829
2025-12-14 11:00,11,0.2588,-0.9659,22.06,550.31,795.78,1.95,5.4589
2025-12-14 12:00,12,0.0,-1.0,23.4,519.9,886.17,4.87,4.7109
2025-12-14 13:00,13,-0.2588,-0.9659,23.84,437.07,791.96,1.97,4.6158
2025-12-14 14:00,14,-0.5,-0.866,27.95,371.89,763.43,3.58,4.2149
2025-12-14 15:00,15,-0.7071,-0.7071,21.87,470.44,587.29,2.5,4.9632
2025-12-14 16:00,16,-0.866,-0.5,20.28,530.51,429.1,6.09,4.4327
2025-12-14 17:00,17,-0.9659,-0.2588,22.81,530.73,225.65,7.89,5.0955
2025-12-14 18:00,18,-1.0,-0.0,20.51,507.32,4.94,5.11,5.3926
2025-12-14 19:00,19,-0.9659,0.2588,20.1,433.96,16.86,4.0,4.2426
2025-12-14 20:00,20,-0.866,0.5,18.95,416.18,9.79,13.13,3.1346
2025-12-14 21:00,21,-0.7071,0.7071,18.45,405.11,19.59,0.81,4.2932
2025-12-14 22:00,22,-0.5,0.866,12.81,505.01,11.62,3.31,4.2586
2025-12-14 23:00,23,-0.2588,0.9659,12.99,523.59,0.0,3.14,3.7382
2025-12-15 00:00,0,0.0,1.0,13.52,508.22,6.74,3.65,4.1292
2025-12-15 01:00,1,0.2588,0.9659,13.43,430.41,0.0,2.82,3.3691
2025-12-15 02:00,2,0.5,0.866,15.36,401.2,0.0,3.05,3.3894
2025-12-15 03:00,3,0.7071,0.7071,13.71,428.43,0.0,3.0,3.1385
2025-12-15 04:00,4,0.866,0.5,12.79,501.23,4.58,4.62,3.9687
2025-12-15 05:00,5,0.9659,0.2588,12.49,559.29,6.24,3.87,4.1589
2025-12-15 06:00,6,1.0,0.0,14.23,519.32,26.4,5.55,4.0192
2025-12-15 07:00,7,0.9659,-0.2588,15.63,445.77,252.68,4.67,3.8018
2025-12-15 08:00,8,0.866,-0.5,19.05,397.35,433.41,2.48,3.6923
2025-12-15 09:00,9,0.7071,-0.7071,20.01,428.92,613.97,7.09,3.3821
2025-12-15 10:00,10,0.5,-0.866,19.09,510.72,738.5,4.4,4.4292
2025-12-15 11:00,11,0.2588,-0.9659,21.66,557.52,840.22,2.24,4.9972
2025-12-15 12:00,12,0.0,-1.0,24.58,479.85,862.17,2.35,4.6679
2025-12-15 13:00,13,-0.2588,-0.9659,24.39,443.41,819.67,6.94,4.5939
2025-12-15 14:00,14,-0.5,-0.866,24.92,404.64,789.92,6.06,4.7214
2025-12-15 15:00,15,-0.7071,-0.7071,24.44,438.43,587.39,4.62,4.5383
2025-12-15 16:00,16,-0.866,-0.5,25.71,510.26,461.36,3.32,5.4439
2025-12-15 17:00,17,-0.9659,-0.2588,22.67,511.51,186.14,4.32,5.2445
2025-12-15 18:00,18,-1.0,-0.0,20.49,505.9,20.34,5.53,5.5377
2025-12-15 19:00,19,-0.9659,0.2588,18.25,464.34,35.91,8.0,4.3828
2025-12-15 20:00,20,-0.866,0.5,18.45,400.19,0.0,4.95,4.1349
2025-12-15 21:00,21,-0.7071,0.7071,12.86,432.89,3.47,3.13,3.9922
2025-12-15 22:00,22,-0.5,0.866,14.8,512.75,17.89,1.15,4.3583
2025-12-15 23:00,23,-0.2588,0.9659,13.52,555.32,6.3,2.42,4.2543
2025-12-16 00:00,0,0.0,1.0,10.83,522.38,9.45,5.64,3.8636
2025-12-16 01:00,1,0.2588,0.9659,10.88,434.07,3.41,2.3,3.3437
2025-12-16 02:00,2,0.5,0.866,13.29,406.37,0.0,4.46,2.8132
2025-12-16 03:00,3,0.7071,0.7071,12.62,462.65,59.2,6.03,3.0139
2025-12-16 04:00,4,0.866,0.5,13.03,527.59,0.0,3.34,3.8769
2025-12-16 05:00,5,0.9659,0.2588,14.29,585.1,10.85,5.78,4.5688
2025-12-16 06:00,6,1.0,0.0,15.21,502.65,0.0,5.13,4.3895
2025-12-16 07:00,7,0.9659,-0.2588,18.38,462.64,163.1,4.18,4.5444
2025-12-16 08:00,8,0.866,-0.5,18.26,388.14,401.89,8.3,3.1204
2025-12-16 09:00,9,0.7071,-0.7071,17.44,442.8,564.85,5.97,3.7867
2025-12-16 10:00,10,0.5,-0.866,23.52,523.49,763.41,3.68,4.6969
2025-12-16 11:00,11,0.2588,-0.9659,22.87,542.34,805.87,7.02,4.679
2025-12-16 12:00,12,0.0,-1.0,22.38,513.82,837.15,6.37,4.8191
2025-12-16 13:00,13,-0.2588,-0.9659,21.99,451.16,794.43,6.89,4.2737
2025-12-16 14:00,14,-0.5,-0.866,24.67,389.35,738.47,5.57,4.4863
2025-12-16 15:00,15,-0.7071,-0.7071,23.69,462.54,583.13,3.8,4.7946
2025-12-16 16:00,16,-0.866,-0.5,25.63,491.73,449.81,3.6,5.4214
2025-12-16 17:00,17,-0.9659,-0.2588,21.8,579.1,227.55,5.67,5.4693
2025-12-16 18:00,18,-1.0,-0.0,19.82,527.52,0.0,2.06,5.0931
2025-12-16 19:00,19,-0.9659,0.2588,20.97,436.15,21.26,7.2,4.1386
2025-12-16 20:00,20,-0.866,0.5,19.46,393.96,0.2,3.74,4.0861
2025-12-16 21:00,21,-0.7071,0.7071,16.77,429.89,0.54,5.49,4.1823
2025-12-16 22:00,22,-0.5,0.866,16.09,510.46,0.0,4.57,4.066
2025-12-16 23:00,23,-0.2588,0.9659,13.77,549.27,0.0,4.71,4.0692
2025-12-17 00:00,0,0.0,1.0,13.23,531.33,8.04,6.37,3.8058
2025-12-17 01:00,1,0.2588,0.9659,14.02,467.03,33.34,5.46,3.1977
2025-12-17 02:00,2,0.5,0.866,13.01,402.99,0.0,2.95,2.9604
2025-12-17 03:00,3,0.7071,0.7071,12.02,424.82,56.95,1.53,3.2349
2025-12-17 04:00,4,0.866,0.5,14.9,504.31,13.92,7.45,3.5075
2025-12-17 05:00,5,0.9659,0.2588,10.28,547.25,0.0,8.09,3.337
2025-12-17 06:00,6,1.0,0.0,18.15,497.05,0.0,2.33,4.3152
2025-12-17 07:00,7,0.9659,-0.2588,13.96,419.82,255.52,3.35,3.6584
2025-12-17 08:00,8,0.866,-0.5,17.13,431.46,456.08,3.17,3.926
2025-12-17 09:00,9,0.7071,-0.7071,19.56,442.04,601.49,9.16,3.8692
2025-12-17 10:00,10,0.5,-0.866,20.85,500.0,739.87,2.63,4.8222
2025-12-17 11:00,11,0.2588,-0.9659,23.82,562.25,791.92,2.35,5.0862
2025-12-17 12:00,12,0.0,-1.0,21.68,494.82,883.04,2.46,4.5625
2025-12-17 13:00,13,-0.2588,-0.9659,24.26,421.06,796.34,6.29,4.1289
2025-12-17 14:00,14,-0.5,-0.866,23.2,387.95,757.24,8.14,3.8827
2025-12-17 15:00,15,-0.7071,-0.7071,24.31,462.32,634.84,3.89,4.7453
2025-12-17 16:00,16,-0.866,-0.5,23.17,508.71,426.2,2.1,5.3376
2025-12-17 17:00,17,-0.9659,-0.2588,22.45,513.37,244.19,5.16,5.0218
2025-12-17 18:00,18,-1.0,-0.0,20.25,530.65,46.19,2.67,5.5668
2025-12-17 19:00,19,-0.9659,0.2588,18.86,432.9,6.7,1.42,4.4559
2025-12-17 20:00,20,-0.866,0.5,18.5,372.26,0.0,8.11,3.3381
2025-12-17 21:00,21,-0.7071,0.7071,17.93,432.75,0.0,7.87,3.8121
2025-12-17 22:00,22,-0.5,0.866,14.17,520.32,0.0,10.62,3.7975
2025-12-17 23:00,23,-0.2588,0.9659,12.53,556.06,0.0,4.41,4.0491
2025-12-18 00:00,0,0.0,1.0,13.8,539.48,11.06,3.25,4.1986
2025-12-18 01:00,1,0.2588,0.9659,12.23,424.71,0.0,6.67,3.0445
2025-12-18 02:00,2,0.5,0.866,13.32,400.7,8.19,2.45,3.4691
2025-12-18 03:00,3,0.7071,0.7071,10.92,427.01,0.0,2.9,3.2742
2025-12-18 04:00,4,0.866,0.5,10.21,489.37,0.0,2.99,3.9085
2025-12-18 05:00,5,0.9659,0.2588,13.03,563.28,25.75,9.57,3.8337
2025-12-18 06:00,6,1.0,0.0,13.92,519.45,0.0,6.29,4.3178
2025-12-18 07:00,7,0.9659,-0.2588,16.4,441.76,220.41,2.08,4.2398
2025-12-18 08:00,8,0.866,-0.5,17.12,406.4,378.63,1.72,3.8011
2025-12-18 09:00,9,0.7071,-0.7071,20.74,427.22,568.4,7.48,3.6018
2025-12-18 10:00,10,0.5,-0.866,20.64,497.41,756.31,7.0,4.0934
2025-12-18 11:00,11,0.2588,-0.9659,22.54,550.56,813.3,5.8,4.915
2025-12-18 12:00,12,0.0,-1.0,23.5,529.92,895.55,2.57,4.794
2025-12-18 13:00,13,-0.2588,-0.9659,24.16,461.62,831.85,4.45,4.5312
2025-12-18 14:00,14,-0.5,-0.866,24.04,411.93,749.39,5.28,4.5785
2025-12-18 15:00,15,-0.7071,-0.7071,24.63,437.94,574.13,9.02,4.5485
2025-12-18 16:00,16,-0.866,-0.5,22.07,516.55,415.37,2.37,4.8783
2025-12-18 17:00,17,-0.9659,-0.2588,24.41,550.17,201.68,4.68,5.3657
2025-12-18 18:00,18,-1.0,-0.0,20.72,497.11,0.0,2.28,5.7354
2025-12-18 19:00,19,-0.9659,0.2588,17.66,437.87,16.6,4.21,4.6204
2025-12-18 20:00,20,-0.866,0.5,18.35,379.98,21.61,2.6,3.8509
2025-12-18 21:00,21,-0.7071,0.7071,15.24,435.64,9.97,7.4,3.2917
2025-12-18 22:00,22,-0.5,0.866,16.07,537.04,0.0,2.98,4.1965
2025-12-18 23:00,23,-0.2588,0.9659,17.14,562.34,8.27,4.04,4.5317
2025-12-19 00:00,0,0.0,1.0,11.7,498.65,0.0,3.98,3.9899
2025-12-19 01:00,1,0.2588,0.9659,12.77,436.41,33.08,7.8,3.2539
2025-12-19 02:00,2,0.5,0.866,10.0,387.48,0.0,6.55,2.1923
2025-12-19 03:00,3,0.7071,0.7071,12.96,436.56,0.0,1.34,3.3694
2025-12-19 04:00,4,0.866,0.5,11.55,528.12,2.88,1.45,3.8364
2025-12-19 05:00,5,0.9659,0.2588,12.89,559.8,5.1,4.92,4.1895
2025-12-19 06:00,6,1.0,0.0,13.42,549.76,0.0,4.11,4.0993
2025-12-19 07:00,7,0.9659,-0.2588,17.62,455.39,192.24,3.12,3.9598
2025-12-19 08:00,8,0.866,-0.5,19.58,403.06,453.33,6.9,3.3119
2025-12-19 09:00,9,0.7071,-0.7071,19.66,447.66,558.89,2.04,4.329
2025-12-19 10:00,10,0.5,-0.866,19.78,509.46,699.04,10.51,3.9181
2025-12-19 11:00,11,0.2588,-0.9659,24.7,533.09,818.36,0.86,5.1404
2025-12-19 12:00,12,0.0,-1.0,22.14,532.09,818.39,1.95,5.1895
2025-12-19 13:00,13,-0.2588,-0.9659,20.62,452.63,851.6,3.36,4.7409
2025-12-19 14:00,14,-0.5,-0.866,24.76,396.38,706.67,4.64,4.8015
2025-12-19 15:00,15,-0.7071,-0.7071,22.21,441.61,639.97,2.71,4.7851
2025-12-19 16:00,16,-0.866,-0.5,24.75,531.11,450.88,6.35,5.2474
2025-12-19 17:00,17,-0.9659,-0.2588,21.74,562.7,250.87,3.66,5.838
2025-12-19 18:00,18,-1.0,-0.0,21.98,490.55,47.18,1.09,5.6079
2025-12-19 19:00,19,-0.9659,0.2588,21.73,441.15,2.03,7.97,4.5601
2025-12-19 20:00,20,-0.866,0.5,16.26,397.49,0.0,9.33,3.1566
2025-12-19 21:00,21,-0.7071,0.7071,15.67,454.2,0.0,5.4,4.1362
2025-12-19 22:00,22,-0.5,0.866,14.96,527.97,0.0,7.05,4.0882
2025-12-19 23:00,23,-0.2588,0.9659,16.14,569.78,0.0,1.98,4.4022
2025-12-20 00:00,0,0.0,1.0,11.89,495.73,3.77,3.08,3.5166
2025-12-20 01:00,1,0.2588,0.9659,11.38,425.74,0.0,3.45,3.1987
2025-12-20 02:00,2,0.5,0.866,12.79,416.71,0.0,9.9,2.1085
2025-12-20 03:00,3,0.7071,0.7071,11.41,428.63,0.0,4.66,3.0108
2025-12-20 04:00,4,0.866,0.5,13.1,489.68,13.72,0.5,3.7835
2025-12-20 05:00,5,0.9659,0.2588,11.5,557.99,23.91,3.8,3.979
2025-12-20 06:00,6,1.0,0.0,18.39,504.29,0.0,0.5,4.5521
2025-12-20 07:00,7,0.9659,-0.2588,14.5,464.35,212.42,2.87,3.6403
2025-12-20 08:00,8,0.866,-0.5,17.59,404.44,421.47,4.28,3.8163
2025-12-20 09:00,9,0.7071,-0.7071,19.58,439.9,571.48,3.44,3.6254
2025-12-20 10:00,10,0.5,-0.866,23.94,506.96,733.13,1.0,4.9644
2025-12-20 11:00,11,0.2588,-0.9659,20.33,573.86,824.74,1.93,4.9561
2025-12-20 12:00,12,0.0,-1.0,26.24,517.88,862.97,4.92,5.3674
2025-12-20 13:00,13,-0.2588,-0.9659,25.0,431.37,822.97,6.0,4.3771
2025-12-20 14:00,14,-0.5,-0.866,24.7,388.09,714.1,3.96,3.9396
2025-12-20 15:00,15,-0.7071,-0.7071,22.39,436.4,651.34,6.31,4.4987
2025-12-20 16:00,16,-0.866,-0.5,24.12,497.84,445.73,2.32,5.1037
2025-12-20 17:00,17,-0.9659,-0.2588,21.23,565.43,233.81,1.98,5.9027
2025-12-20 18:00,18,-1.0,-0.0,22.97,485.37,25.12,7.44,5.0727
2025-12-20 19:00,19,-0.9659,0.2588,18.17,435.41,6.12,3.54,4.7559
2025-12-20 20:00,20,-0.866,0.5,17.9,409.15,32.16,4.14,4.0375
2025-12-20 21:00,21,-0.7071,0.7071,15.69,442.63,1.42,9.44,3.6805
2025-12-20 22:00,22,-0.5,0.866,13.59,501.74,0.04,4.09,3.9974
2025-12-20 23:00,23,-0.2588,0.9659,14.94,559.9,15.88,0.5,4.4214
2025-12-21 00:00,0,0.0,1.0,13.68,499.21,39.41,9.17,3.4977
2025-12-21 01:00,1,0.2588,0.9659,14.09,437.16,37.8,0.66,3.2396
2025-12-21 02:00,2,0.5,0.866,10.0,409.78,14.82,5.73,2.688
2025-12-21 03:00,3,0.7071,0.7071,13.87,444.44,12.92,3.43,3.2488
2025-12-21 04:00,4,0.866,0.5,16.63,502.37,17.4,4.38,4.0805
2025-12-21 05:00,5,0.9659,0.2588,13.15,567.96,24.64,4.9,4.0212
2025-12-21 06:00,6,1.0,0.0,17.91,513.8,32.47,3.99,4.2968
2025-12-21 07:00,7,0.9659,-0.2588,16.12,448.64,214.08,6.71,3.6518
2025-12-21 08:00,8,0.866,-0.5,16.01,422.94,457.95,8.99,3.5343
2025-12-21 09:00,9,0.7071,-0.7071,19.17,454.26,609.62,1.65,4.1037
2025-12-21 10:00,10,0.5,-0.866,22.64,529.3,752.39,6.98,4.4461
2025-12-21 11:00,11,0.2588,-0.9659,21.06,552.89,855.59,2.04,4.7236
2025-12-21 12:00,12,0.0,-1.0,22.37,524.41,868.68,1.59,4.8268
2025-12-21 13:00,13,-0.2588,-0.9659,24.76,440.7,843.94,9.71,4.1984
2025-12-21 14:00,14,-0.5,-0.866,24.08,381.86,726.39,4.51,4.239
2025-12-21 15:00,15,-0.7071,-0.7071,24.74,442.04,638.5,2.24,4.8956
2025-12-21 16:00,16,-0.866,-0.5,23.62,516.35,442.39,5.05,5.5579
2025-12-21 17:00,17,-0.9659,-0.2588,23.03,558.76,223.15,3.04,5.3694
2025-12-21 18:00,18,-1.0,-0.0,20.42,510.58,27.53,4.35,5.6505
2025-12-21 19:00,19,-0.9659,0.2588,19.97,426.08,64.7,5.44,4.5383
2025-12-21 20:00,20,-0.866,0.5,16.68,409.85,0.0,7.85,3.6234
2025-12-21 21:00,21,-0.7071,0.7071,18.45,417.8,0.0,0.5,4.2743
2025-12-21 22:00,22,-0.5,0.866,14.12,534.38,67.13,2.7,4.1231
2025-12-21 23:00,23,-0.2588,0.9659,15.52,546.53,10.67,1.75,4.4644
2025-12-22 00:00,0,0.0,1.0,12.53,516.18,4.77,1.76,4.348
2025-12-22 01:00,1,0.2588,0.9659,12.58,445.88,0.0,9.39,2.7081
2025-12-22 02:00,2,0.5,0.866,11.33,408.86,30.21,9.12,2.4515
2025-12-22 03:00,3,0.7071,0.7071,10.75,416.37,65.28,6.47,2.5591
2025-12-22 04:00,4,0.866,0.5,10.26,524.86,0.0,5.58,3.4836
2025-12-22 05:00,5,0.9659,0.2588,12.25,554.55,0.0,7.55,3.8179
2025-12-22 06:00,6,1.0,0.0,14.59,502.97,0.0,1.35,4.124
2025-12-22 07:00,7,0.9659,-0.2588,16.84,426.25,238.32,1.96,3.8193
2025-12-22 08:00,8,0.866,-0.5,19.59,394.99,455.56,3.4,3.705
2025-12-22 09:00,9,0.7071,-0.7071,18.96,418.02,641.56,7.35,3.4224
2025-12-22 10:00,10,0.5,-0.866,19.75,538.33,755.29,4.4,4.1411
2025-12-22 11:00,11,0.2588,-0.9659,20.15,572.29,884.02,4.6,4.8088
2025-12-22 12:00,12,0.0,-1.0,23.99,519.28,835.63,2.81,5.0235
2025-12-22 13:00,13,-0.2588,-0.9659,25.94,434.15,800.17,5.62,4.8794
2025-12-22 14:00,14,-0.5,-0.866,25.97,397.04,772.86,8.14,4.1257
2025-12-22 15:00,15,-0.7071,-0.7071,24.93,448.87,604.11,3.48,5.073
2025-12-22 16:00,16,-0.866,-0.5,24.23,538.87,390.6,5.4,5.3353
2025-12-22 17:00,17,-0.9659,-0.2588,24.86,541.44,212.09,3.49,5.9405
2025-12-22 18:00,18,-1.0,-0.0,21.57,495.74,6.39,6.9,4.8035
2025-12-22 19:00,19,-0.9659,0.2588,20.59,460.71,0.0,4.41,4.811
2025-12-22 20:00,20,-0.866,0.5,17.59,373.19,0.0,3.54,3.9994
2025-12-22 21:00,21,-0.7071,0.7071,14.48,422.37,0.0,4.06,3.8585
2025-12-22 22:00,22,-0.5,0.866,14.05,508.8,0.0,1.7,4.6731
2025-12-22 23:00,23,-0.2588,0.9659,13.82,526.59,15.88,7.8,3.5943
2025-12-23 00:00,0,0.0,1.0,12.97,529.18,0.0,9.8,3.7129
2025-12-23 01:00,1,0.2588,0.9659,15.17,450.35,2.26,4.43,3.6218
2025-12-23 02:00,2,0.5,0.866,12.19,391.38,12.99,2.75,2.9445
2025-12-23 03:00,3,0.7071,0.7071,14.04,456.69,0.0,5.75,3.6597
2025-12-23 04:00,4,0.866,0.5,12.22,534.24,27.33,4.27,3.8199
2025-12-23 05:00,5,0.9659,0.2588,13.36,548.3,0.0,2.97,4.2736
2025-12-23 06:00,6,1.0,0.0,13.08,505.74,0.0,1.09,4.2887
2025-12-23 07:00,7,0.9659,-0.2588,15.41,471.39,211.75,8.17,3.3843
2025-12-23 08:00,8,0.866,-0.5,18.86,410.82,442.82,6.94,3.6524
2025-12-23 09:00,9,0.7071,-0.7071,19.64,441.34,606.5,7.31,3.856
2025-12-23 10:00,10,0.5,-0.866,22.49,532.95,789.71,4.19,4.6877
2025-12-23 11:00,11,0.2588,-0.9659,22.59,554.53,800.89,6.51,5.1733
2025-12-23 12:00,12,0.0,-1.0,22.74,504.92,815.13,5.13,4.6269
2025-12-23 13:00,13,-0.2588,-0.9659,27.09,438.7,865.76,3.77,4.3188
2025-12-23 14:00,14,-0.5,-0.866,23.93,415.58,700.35,7.48,4.6258
2025-12-23 15:00,15,-0.7071,-0.7071,25.61,407.62,618.12,14.23,4.0432
2025-12-23 16:00,16,-0.866,-0.5,22.67,508.18,400.53,8.33,5.0251
2025-12-23 17:00,17,-0.9659,-0.2588,23.38,570.75,168.26,6.73,5.5171
2025-12-23 18:00,18,-1.0,-0.0,22.46,504.82,0.0,6.45,5.2132
2025-12-23 19:00,19,-0.9659,0.2588,19.94,460.69,22.49,5.64,4.302
2025-12-23 20:00,20,-0.866,0.5,14.54,421.22,0.0,7.62,3.6045
2025-12-23 21:00,21,-0.7071,0.7071,16.55,436.52,14.4,4.53,3.7024
2025-12-23 22:00,22,-0.5,0.866,16.92,503.97,19.07,2.46,4.3559
2025-12-23 23:00,23,-0.2588,0.9659,14.62,545.69,0.0,6.65,4.1701
2025-12-24 00:00,0,0.0,1.0,13.54,552.47,0.0,8.73,3.4842
2025-12-24 01:00,1,0.2588,0.9659,10.0,465.62,39.43,3.55,3.3483
2025-12-24 02:00,2,0.5,0.866,10.99,401.88,16.26,6.8,2.6625
2025-12-24 03:00,3,0.7071,0.7071,12.89,428.38,0.0,3.11,3.3762
2025-12-24 04:00,4,0.866,0.5,13.49,514.26,10.38,9.3,3.3904
2025-12-24 05:00,5,0.9659,0.2588,15.65,553.66,0.0,5.9,4.3616
2025-12-24 06:00,6,1.0,0.0,14.85,493.85,27.84,5.05,3.8535
2025-12-24 07:00,7,0.9659,-0.2588,17.13,438.7,247.83,6.77,3.2619
2025-12-24 08:00,8,0.866,-0.5,18.1,419.84,428.02,7.12,3.2237
2025-12-24 09:00,9,0.7071,-0.7071,18.14,410.51,606.81,8.21,3.2795
2025-12-24 10:00,10,0.5,-0.866,17.69,524.9,711.15,8.37,3.8196
2025-12-24 11:00,11,0.2588,-0.9659,22.96,570.62,787.24,1.28,5.6633
2025-12-24 12:00,12,0.0,-1.0,23.53,504.09,840.58,1.99,4.9473
2025-12-24 13:00,13,-0.2588,-0.9659,22.94,462.91,818.85,7.27,4.5434
2025-12-24 14:00,14,-0.5,-0.866,21.64,389.64,762.69,9.4,3.8871
2025-12-24 15:00,15,-0.7071,-0.7071,24.81,444.12,624.1,3.34,4.8382
2025-12-24 16:00,16,-0.866,-0.5,22.87,507.9,429.62,0.51,6.1722
2025-12-24 17:00,17,-0.9659,-0.2588,23.15,545.4,249.76,3.43,6.1521
2025-12-24 18:00,18,-1.0,-0.0,23.87,503.24,0.0,3.82,5.6946
2025-12-24 19:00,19,-0.9659,0.2588,16.41,447.98,26.93,6.58,4.0045
2025-12-24 20:00,20,-0.866,0.5,17.02,412.73,0.0,1.21,4.5114
2025-12-24 21:00,21,-0.7071,0.7071,16.2,436.53,30.99,2.69,3.6331
2025-12-24 22:00,22,-0.5,0.866,17.25,492.1,0.0,8.24,4.1149
2025-12-24 23:00,23,-0.2588,0.9659,11.37,556.05,0.0,2.26,3.6752
2025-12-25 00:00,0,0.0,1.0,15.78,518.83,18.25,6.56,3.6912
2025-12-25 01:00,1,0.2588,0.9659,12.48,434.25,20.24,3.68,3.4046
2025-12-25 02:00,2,0.5,0.866,11.93,428.01,0.0,5.73,3.0207
2025-12-25 03:00,3,0.7071,0.7071,11.98,414.04,0.0,1.52,2.9162
2025-12-25 04:00,4,0.866,0.5,12.22,479.24,0.0,3.2,3.6417
2025-12-25 05:00,5,0.9659,0.2588,15.4,539.04,0.0,4.09,4.325
2025-12-25 06:00,6,1.0,0.0,13.47,523.16,0.0,7.67,3.9718
2025-12-25 07:00,7,0.9659,-0.2588,17.04,421.66,252.54,5.01,3.5291
2025-12-25 08:00,8,0.866,-0.5,17.5,385.29,404.4,1.18,3.8999
2025-12-25 09:00,9,0.7071,-0.7071,18.48,451.77,647.42,7.0,3.9397
2025-12-25 10:00,10,0.5,-0.866,24.95,519.44,770.38,1.3,4.9767
2025-12-25 11:00,11,0.2588,-0.9659,22.94,555.66,860.22,9.08,4.8953
2025-12-25 12:00,12,0.0,-1.0,24.19,524.22,833.74,2.68,5.0567
2025-12-25 13:00,13,-0.2588,-0.9659,25.57,431.12,780.83,4.5,4.466
2025-12-25 14:00,14,-0.5,-0.866,21.94,394.32,708.95,1.51,4.6998
2025-12-25 15:00,15,-0.7071,-0.7071,26.5,449.65,589.88,5.0,5.1505
2025-12-25 16:00,16,-0.866,-0.5,19.5,492.33,365.67,4.56,4.806
2025-12-25 17:00,17,-0.9659,-0.2588,21.16,517.86,208.11,4.0,5.1215
2025-12-25 18:00,18,-1.0,-0.0,20.38,506.0,0.0,1.05,5.7858
2025-12-25 19:00,19,-0.9659,0.2588,20.5,451.46,0.0,7.99,4.3562
2025-12-25 20:00,20,-0.866,0.5,18.4,403.83,0.0,7.01,3.8168
2025-12-25 21:00,21,-0.7071,0.7071,16.27,450.36,0.0,5.51,3.8475
2025-12-25 22:00,22,-0.5,0.866,15.05,482.26,8.91,5.07,4.1328
2025-12-25 23:00,23,-0.2588,0.9659,12.36,554.73,0.0,5.99,4.3858
2025-12-26 00:00,0,0.0,1.0,10.63,522.31,7.31,2.17,3.8239
2025-12-26 01:00,1,0.2588,0.9659,13.37,417.24,3.42,9.03,3.2078
2025-12-26 02:00,2,0.5,0.866,13.11,412.93,1.17,3.18,2.9973
2025-12-26 03:00,3,0.7071,0.7071,14.65,435.83,0.0,5.69,3.143
2025-12-26 04:00,4,0.866,0.5,11.69,558.57,0.0,5.31,4.0593
2025-12-26 05:00,5,0.9659,0.2588,14.87,517.34,42.41,5.53,3.7588
2025-12-26 06:00,6,1.0,0.0,14.65,533.04,15.76,7.99,4.1555
2025-12-26 07:00,7,0.9659,-0.2588,18.3,431.59,245.14,3.26,3.7858
2025-12-26 08:00,8,0.866,-0.5,19.6,375.74,422.91,6.47,3.069
2025-12-26 09:00,9,0.7071,-0.7071,19.94,429.6,596.94,5.25,3.4943
2025-12-26 10:00,10,0.5,-0.866,20.56,516.66,748.39,1.55,4.6676
2025-12-26 11:00,11,0.2588,-0.9659,23.76,565.56,775.17,4.02,5.2597
2025-12-26 12:00,12,0.0,-1.0,24.24,538.33,822.13,7.42,4.5666
2025-12-26 13:00,13,-0.2588,-0.9659,22.84,458.83,801.09,3.39,4.6743
2025-12-26 14:00,14,-0.5,-0.866,22.08,385.52,724.76,4.46,4.1777
2025-12-26 15:00,15,-0.7071,-0.7071,23.43,454.45,579.05,4.5,4.7487
2025-12-26 16:00,16,-0.866,-0.5,25.54,518.37,433.32,5.4,5.1366
2025-12-26 17:00,17,-0.9659,-0.2588,24.03,540.18,222.03,8.07,5.3168
2025-12-26 18:00,18,-1.0,-0.0,19.4,509.32,34.82,2.4,5.227
2025-12-26 19:00,19,-0.9659,0.2588,17.87,426.85,61.84,4.61,4.4437
2025-12-26 20:00,20,-0.866,0.5,19.98,400.56,0.0,4.09,3.8506
2025-12-26 21:00,21,-0.7071,0.7071,14.82,426.56,3.68,3.26,3.8458
2025-12-26 22:00,22,-0.5,0.866,15.84,497.08,3.64,8.73,3.4869
2025-12-26 23:00,23,-0.2588,0.9659,12.91,557.19,0.0,0.5,4.3698
2025-12-27 00:00,0,0.0,1.0,15.3,521.93,0.0,1.98,3.8906
2025-12-27 01:00,1,0.2588,0.9659,11.12,434.69,0.0,6.32,2.7248
2025-12-27 02:00,2,0.5,0.866,13.79,420.51,6.01,3.04,3.2018
2025-12-27 03:00,3,0.7071,0.7071,12.55,433.59,0.0,6.23,2.9051
2025-12-27 04:00,4,0.866,0.5,13.25,507.96,3.98,7.35,3.8309
2025-12-27 05:00,5,0.9659,0.2588,10.87,559.91,0.0,2.98,4.4288
2025-12-27 06:00,6,1.0,0.0,11.77,510.51,3.54,2.54,4.29
2025-12-27 07:00,7,0.9659,-0.2588,16.19,438.77,196.16,2.18,4.1003
2025-12-27 08:00,8,0.866,-0.5,18.44,362.19,428.94,2.6,3.5308
2025-12-27 09:00,9,0.7071,-0.7071,17.94,437.75,579.02,3.07,4.2194
2025-12-27 10:00,10,0.5,-0.866,19.44,485.09,740.14,7.84,3.9414
2025-12-27 11:00,11,0.2588,-0.9659,23.16,531.69,854.52,6.67,5.0616
2025-12-27 12:00,12,0.0,-1.0,24.11,492.47,856.52,0.5,4.8304
2025-12-27 13:00,13,-0.2588,-0.9659,23.66,421.86,829.08,7.92,3.8547
2025-12-27 14:00,14,-0.5,-0.866,25.24,391.77,756.55,1.58,4.2737
2025-12-27 15:00,15,-0.7071,-0.7071,22.11,430.2,565.95,5.68,4.2297
2025-12-27 16:00,16,-0.866,-0.5,22.73,522.46,467.97,2.23,5.0531
2025-12-27 17:00,17,-0.9659,-0.2588,24.79,553.34,193.61,1.39,5.973
2025-12-27 18:00,18,-1.0,-0.0,21.17,483.98,21.99,6.57,5.0719
2025-12-27 19:00,19,-0.9659,0.2588,19.81,438.75,18.67,4.36,4.5127
2025-12-27 20:00,20,-0.866,0.5,21.53,404.77,0.0,5.26,3.8641
2025-12-27 21:00,21,-0.7071,0.7071,14.42,432.57,25.22,4.09,3.6575
2025-12-27 22:00,22,-0.5,0.866,16.27,511.59,12.45,1.45,4.5648
2025-12-27 23:00,23,-0.2588,0.9659,16.33,552.85,47.25,6.38,4.0334
2025-12-28 00:00,0,0.0,1.0,12.39,523.97,4.83,7.21,3.3912
2025-12-28 01:00,1,0.2588,0.9659,13.57,413.88,0.0,1.13,3.0084
2025-12-28 02:00,2,0.5,0.866,10.6,396.34,0.0,3.78,2.7236
2025-12-28 03:00,3,0.7071,0.7071,11.25,460.13,0.0,4.96,3.0642
2025-12-28 04:00,4,0.866,0.5,13.45,533.75,0.0,5.3,3.8551
2025-12-28 05:00,5,0.9659,0.2588,15.03,562.76,0.0,5.11,4.3961
2025-12-28 06:00,6,1.0,0.0,16.75,520.55,6.55,5.98,4.1748
2025-12-28 07:00,7,0.9659,-0.2588,18.87,462.32,184.42,10.15,3.7072
2025-12-28 08:00,8,0.866,-0.5,17.97,428.77,419.02,3.87,3.9124
2025-12-28 09:00,9,0.7071,-0.7071,21.42,435.56,615.45,4.96,3.725
2025-12-28 10:00,10,0.5,-0.866,20.56,497.96,753.01,6.03,4.6485
2025-12-28 11:00,11,0.2588,-0.9659,23.67,545.95,774.54,5.21,4.8086
2025-12-28 12:00,12,0.0,-1.0,23.58,558.95,867.66,3.85,5.2525
2025-12-28 13:00,13,-0.2588,-0.9659,24.54,413.96,814.87,5.44,4.0567
2025-12-28 14:00,14,-0.5,-0.866,24.71,392.94,731.5,5.64,4.2731
2025-12-28 15:00,15,-0.7071,-0.7071,21.46,416.31,541.93,5.16,4.4409
2025-12-28 16:00,16,-0.866,-0.5,21.58,514.37,462.34,2.64,5.5656
2025-12-28 17:00,17,-0.9659,-0.2588,22.47,531.96,224.42,4.62,5.3321
2025-12-28 18:00,18,-1.0,-0.0,18.54,510.87,0.0,8.08,5.086
2025-12-28 19:00,19,-0.9659,0.2588,20.87,408.25,9.38,7.84,4.1821
2025-12-28 20:00,20,-0.866,0.5,19.38,409.26,8.61,6.48,4.3099
2025-12-28 21:00,21,-0.7071,0.7071,17.01,455.84,30.56,6.01,3.5499
2025-12-28 22:00,22,-0.5,0.866,13.39,506.74,0.0,2.24,4.2435
2025-12-28 23:00,23,-0.2588,0.9659,15.9,547.97,0.3,4.31,3.717
2025-12-29 00:00,0,0.0,1.0,15.93,510.05,0.0,1.89,4.0671
2025-12-29 01:00,1,0.2588,0.9659,12.5,440.21,14.95,7.17,3.1504
2025-12-29 02:00,2,0.5,0.866,12.84,399.43,0.0,3.23,3.2926
2025-12-29 03:00,3,0.7071,0.7071,12.58,449.02,0.0,6.64,3.236
2025-12-29 04:00,4,0.866,0.5,13.67,531.0,0.0,7.14,3.6719
2025-12-29 05:00,5,0.9659,0.2588,13.65,537.79,0.0,8.21,3.9346
2025-12-29 06:00,6,1.0,0.0,15.02,507.86,40.05,6.51,4.4723
2025-12-29 07:00,7,0.9659,-0.2588,17.88,451.02,268.18,5.02,3.8462
2025-12-29 08:00,8,0.866,-0.5,21.59,378.67,413.66,5.25,3.8091
2025-12-29 09:00,9,0.7071,-0.7071,17.52,407.94,566.38,3.42,3.6444
2025-12-29 10:00,10,0.5,-0.866,20.92,515.89,744.54,2.43,4.9009
2025-12-29 11:00,11,0.2588,-0.9659,20.54,557.45,808.98,2.06,5.2228
2025-12-29 12:00,12,0.0,-1.0,25.66,501.67,879.37,2.47,4.8757
2025-12-29 13:00,13,-0.2588,-0.9659,22.99,428.82,801.36,9.07,4.1843
2025-12-29 14:00,14,-0.5,-0.866,21.91,388.6,749.73,2.33,4.4481
2025-12-29 15:00,15,-0.7071,-0.7071,24.82,424.5,603.89,6.24,4.6646
2025-12-29 16:00,16,-0.866,-0.5,25.88,522.9,408.09,2.48,5.6093
2025-12-29 17:00,17,-0.9659,-0.2588,23.31,532.29,226.0,10.58,5.2282
2025-12-29 18:00,18,-1.0,-0.0,21.38,508.52,21.96,3.72,5.0974
2025-12-29 19:00,19,-0.9659,0.2588,20.24,423.92,2.17,4.01,4.4832
2025-12-29 20:00,20,-0.866,0.5,20.19,378.17,2.43,3.96,4.0077
2025-12-29 21:00,21,-0.7071,0.7071,15.21,450.55,0.0,7.16,3.9457
2025-12-29 22:00,22,-0.5,0.866,14.9,504.7,28.61,2.73,3.9637
2025-12-29 23:00,23,-0.2588,0.9659,13.15,552.83,26.11,7.33,3.911
2025-12-30 00:00,0,0.0,1.0,11.12,489.88,0.0,5.69,3.2775
2025-12-30 01:00,1,0.2588,0.9659,11.78,426.37,0.0,2.74,3.1852
2025-12-30 02:00,2,0.5,0.866,13.73,411.34,35.36,1.43,3.3077
2025-12-30 03:00,3,0.7071,0.7071,13.13,476.31,0.0,6.72,3.034
2025-12-30 04:00,4,0.866,0.5,13.84,482.86,15.11,2.73,3.9988
2025-12-30 05:00,5,0.9659,0.2588,14.05,546.98,0.0,8.16,3.9983
2025-12-30 06:00,6,1.0,0.0,15.86,518.68,44.45,2.05,4.2466
2025-12-30 07:00,7,0.9659,-0.2588,15.32,428.26,221.58,5.38,3.4873
2025-12-30 08:00,8,0.866,-0.5,17.61,412.74,456.51,5.97,3.7938
2025-12-30 09:00,9,0.7071,-0.7071,19.91,424.5,582.01,5.69,3.8749
2025-12-30 10:00,10,0.5,-0.866,21.49,514.81,704.91,3.39,4.4927
2025-12-30 11:00,11,0.2588,-0.9659,22.79,542.17,815.18,7.94,4.4743
2025-12-30 12:00,12,0.0,-1.0,23.06,530.79,856.57,6.67,4.8635
2025-12-30 13:00,13,-0.2588,-0.9659,23.3,427.35,808.27,4.65,4.5112
2025-12-30 14:00,14,-0.5,-0.866,28.81,401.19,755.08,5.29,4.6227
2025-12-30 15:00,15,-0.7071,-0.7071,25.23,451.69,595.79,5.03,4.7562
2025-12-30 16:00,16,-0.866,-0.5,23.89,497.08,372.96,9.42,5.0131
2025-12-30 17:00,17,-0.9659,-0.2588,21.96,551.03,233.82,8.28,5.123
2025-12-30 18:00,18,-1.0,-0.0,20.39,485.16,0.0,2.85,4.994
2025-12-30 19:00,19,-0.9659,0.2588,19.43,421.18,0.0,3.04,4.8077
2025-12-30 20:00,20,-0.866,0.5,18.51,405.73,38.83,10.98,3.5919
2025-12-30 21:00,21,-0.7071,0.7071,13.7,422.64,44.32,2.86,3.5593
2025-12-30 22:00,22,-0.5,0.866,12.72,504.33,0.0,9.63,3.5639
2025-12-30 23:00,23,-0.2588,0.9659,12.87,557.4,14.44,5.63,4.0213
2025-12-31 00:00,0,0.0,1.0,13.19,503.81,0.0,1.25,3.8521
2025-12-31 01:00,1,0.2588,0.9659,11.92,449.84,0.0,3.52,3.3102
2025-12-31 02:00,2,0.5,0.866,14.29,403.23,0.0,4.42,2.8394
2025-12-31 03:00,3,0.7071,0.7071,10.05,444.04,0.0,7.36,3.0253
2025-12-31 04:00,4,0.866,0.5,11.75,531.11,2.38,3.47,3.8867
2025-12-31 05:00,5,0.9659,0.2588,16.11,554.8,7.2,3.35,4.1166
2025-12-31 06:00,6,1.0,0.0,15.27,535.58,0.0,8.75,3.9922
2025-12-31 07:00,7,0.9659,-0.2588,17.85,451.17,247.19,1.58,3.9879
2025-12-31 08:00,8,0.866,-0.5,21.15,392.15,414.1,4.93,3.1026
2025-12-31 09:00,9,0.7071,-0.7071,18.58,456.9,585.11,4.61,3.9664
2025-12-31 10:00,10,0.5,-0.866,20.92,516.46,749.28,1.34,4.9748
2025-12-31 11:00,11,0.2588,-0.9659,21.91,544.08,782.47,1.67,5.0747
2025-12-31 12:00,12,0.0,-1.0,20.34,516.68,872.67,3.82,4.8224
2025-12-31 13:00,13,-0.2588,-0.9659,23.4,454.18,810.98,2.09,4.7307
2025-12-31 14:00,14,-0.5,-0.866,25.39,406.83,760.85,4.44,4.3477
2025-12-31 15:00,15,-0.7071,-0.7071,24.68,464.84,633.24,5.33,4.6555
2025-12-31 16:00,16,-0.866,-0.5,24.2,528.8,441.0,5.96,5.0003
2025-12-31 17:00,17,-0.9659,-0.2588,21.75,557.85,199.7,4.89,5.6932
2025-12-31 18:00,18,-1.0,-0.0,20.09,497.11,0.0,3.8,5.2979
2025-12-31 19:00,19,-0.9659,0.2588,21.53,434.8,0.0,2.05,4.7219
2025-12-31 20:00,20,-0.866,0.5,17.33,401.07,27.57,2.93,3.6044
2025-12-31 21:00,21,-0.7071,0.7071,16.96,447.95,0.0,4.06,4.1272
2025-12-31 22:00,22,-0.5,0.866,15.32,522.06,0.0,8.83,3.6856
2025-12-31 23:00,23,-0.2588,0.9659,16.02,552.54,0.0,2.62,4.4445
